Workbook
Name N_b2_breaking_note: 'Τεχνικοί Υπολογισμοί'!$G$64
Name N_b2_breaking_price: 'Τεχνικοί Υπολογισμοί'!$E$64
Name N_b2_breaking_qty: 'Τεχνικοί Υπολογισμοί'!$D$64
Name N_b2_breaking_total: 'Τεχνικοί Υπολογισμοί'!$F$64
Name N_b2_conc_note: 'Τεχνικοί Υπολογισμοί'!$G$58
Name N_b2_conc_price: 'Τεχνικοί Υπολογισμοί'!$E$58
Name N_b2_conc_qty: 'Τεχνικοί Υπολογισμοί'!$D$58
Name N_b2_conc_total: 'Τεχνικοί Υπολογισμοί'!$F$58
Name N_b2_drill_600_note: 'Τεχνικοί Υπολογισμοί'!$G$57
Name N_b2_drill_600_price: 'Τεχνικοί Υπολογισμοί'!$E$57
Name N_b2_drill_600_qty: 'Τεχνικοί Υπολογισμοί'!$D$57
Name N_b2_drill_600_total: 'Τεχνικοί Υπολογισμοί'!$F$57
Name N_b2_drill_800_note: 'Τεχνικοί Υπολογισμοί'!$G$56
Name N_b2_drill_800_price: 'Τεχνικοί Υπολογισμοί'!$E$56
Name N_b2_drill_800_qty: 'Τεχνικοί Υπολογισμοί'!$D$56
Name N_b2_drill_800_total: 'Τεχνικοί Υπολογισμοί'!$F$56
Name N_b2_grand_total: 'Τεχνικοί Υπολογισμοί'!$F$66
Name N_b2_grand_total_note: 'Τεχνικοί Υπολογισμοί'!$G$66
Name N_b2_mob_note: 'Τεχνικοί Υπολογισμοί'!$G$55
Name N_b2_mob_price: 'Τεχνικοί Υπολογισμοί'!$E$55
Name N_b2_mob_qty: 'Τεχνικοί Υπολογισμοί'!$D$55
Name N_b2_mob_total: 'Τεχνικοί Υπολογισμοί'!$F$55
Name N_b2_sleeve_note: 'Τεχνικοί Υπολογισμοί'!$G$63
Name N_b2_sleeve_price: 'Τεχνικοί Υπολογισμοί'!$E$63
Name N_b2_sleeve_qty: 'Τεχνικοί Υπολογισμοί'!$D$63
Name N_b2_sleeve_total: 'Τεχνικοί Υπολογισμοί'!$F$63
Name N_b2_soil_note: 'Τεχνικοί Υπολογισμοί'!$G$65
Name N_b2_soil_price: 'Τεχνικοί Υπολογισμοί'!$E$65
Name N_b2_soil_qty: 'Τεχνικοί Υπολογισμοί'!$D$65
Name N_b2_soil_total: 'Τεχνικοί Υπολογισμοί'!$F$65
Name N_b2_steel_head_note: 'Τεχνικοί Υπολογισμοί'!$G$61
Name N_b2_steel_head_price: 'Τεχνικοί Υπολογισμοί'!$E$61
Name N_b2_steel_head_qty: 'Τεχνικοί Υπολογισμοί'!$D$61
Name N_b2_steel_head_total: 'Τεχνικοί Υπολογισμοί'!$F$61
Name N_b2_steel_note: 'Τεχνικοί Υπολογισμοί'!$G$62
Name N_b2_steel_price: 'Τεχνικοί Υπολογισμοί'!$E$62
Name N_b2_steel_qty: 'Τεχνικοί Υπολογισμοί'!$D$62
Name N_b2_steel_spiral_note: 'Τεχνικοί Υπολογισμοί'!$G$60
Name N_b2_steel_spiral_price: 'Τεχνικοί Υπολογισμοί'!$E$60
Name N_b2_steel_spiral_qty: 'Τεχνικοί Υπολογισμοί'!$D$60
Name N_b2_steel_spiral_total: 'Τεχνικοί Υπολογισμοί'!$F$60
Name N_b2_steel_total: 'Τεχνικοί Υπολογισμοί'!$F$62
Name N_b2_steel_vert_note: 'Τεχνικοί Υπολογισμοί'!$G$59
Name N_b2_steel_vert_price: 'Τεχνικοί Υπολογισμοί'!$E$59
Name N_b2_steel_vert_qty: 'Τεχνικοί Υπολογισμοί'!$D$59
Name N_b2_steel_vert_total: 'Τεχνικοί Υπολογισμοί'!$F$59
Name N_b2g_grand_total: 'Τεχνικοί Υπολογισμοί'!$F$97
Name N_b2g_grand_total_note: 'Τεχνικοί Υπολογισμοί'!$G$97
Name N_b2g0_breaking_note: 'Τεχνικοί Υπολογισμοί'!$G$79
Name N_b2g0_breaking_price: 'Τεχνικοί Υπολογισμοί'!$E$79
Name N_b2g0_breaking_qty: 'Τεχνικοί Υπολογισμοί'!$D$79
Name N_b2g0_breaking_total: 'Τεχνικοί Υπολογισμοί'!$F$79
Name N_b2g0_conc_note: 'Τεχνικοί Υπολογισμοί'!$G$73
Name N_b2g0_conc_price: 'Τεχνικοί Υπολογισμοί'!$E$73
Name N_b2g0_conc_qty: 'Τεχνικοί Υπολογισμοί'!$D$73
Name N_b2g0_conc_total: 'Τεχνικοί Υπολογισμοί'!$F$73
Name N_b2g0_drill_note: 'Τεχνικοί Υπολογισμοί'!$G$72
Name N_b2g0_drill_price: 'Τεχνικοί Υπολογισμοί'!$E$72
Name N_b2g0_drill_qty: 'Τεχνικοί Υπολογισμοί'!$D$72
Name N_b2g0_drill_total: 'Τεχνικοί Υπολογισμοί'!$F$72

Sheet Οικονομική Προσφορά
A1: ΘΕΜΕΛΙΟΤΕΧΝΙΚΗ ΛΤΔ — ΟΙΚΟΝΟΜΙΚΗ ΠΡΟΣΦΟΡΑ ΠΑΣΣΑΛΩΝ
A2: Έργο: Atlantic Forest — Plot 1 (Παρεκκλησιά, Λεμεσός) | Πελάτης: ATLANTIC FOREST PROPERTIES LTD | Τοποθεσία: | Τιμές & Κουμπιά ΝΑΙ/ΟΧΙ στο Φύλλο 3: «Τιμές & Έλεγχος»
A4: 🛑 ΠΡΟΣΟΧΗ — RED ALERT: Δεν έχουν δοθεί η στάθμη πλατφόρμας (WPL, κοινή για όλους) ή/και οι στάθμες αποκοπής (Cut-Off) ανά πάσσαλο. Όπου λείπουν, η προσφορά υπολογίζει Δh = 0.00 m (χωρίς κενή διάτρηση, sleeves και κεφαλοκοπή). Απαιτείται συμπλήρωση πριν την οριστικοποίηση.
A7: Α/Α | B7: Περιγραφή Εργασίας / Υλικού | C7: Ποσότητα | D7: Μονάδα | E7: Τιμή Μονάδας (€) [Από «Τιμές & Έλεγχος»] | F7: Σύνολο (€) | G7: Μέσο Κόστος ανά Πάσσαλο (€)
A8: 1 | B8: Μετακινήσεις γεωτρύπανου & Συνοδεία Αστυνομίας (επιμερισμός ανά πάσσαλο) | C8: ='Τεχνικοί Υπολογισμοί'!$D$14 -> 35 | D8: πάσσαλο | E8: ='Τεχνικοί Υπολογισμοί'!$D$15 -> 34.971429 | F8: =$C$8*$E$8 -> 1224 | G8: =$F$8/'Τεχνικοί Υπολογισμοί'!$D$14 -> 34.971429
A9: 2a | B9: Τρύπημα / διάτρηση πασσάλων Ø800mm (15 τεμ.) | C9: ='Τεχνικοί Υπολογισμοί'!$D$45 -> 150 | D9: m | E9: ='Τιμές & Έλεγχος'!$D$9 -> 115 | F9: =$C$9*$E$9 -> 17250 | G9: =$F$9/'Τεχνικοί Υπολογισμοί'!$D$14 -> 492.85714
A10: 2b | B10: Τρύπημα / διάτρηση πασσάλων Ø600mm (20 τεμ.) | C10: ='Τεχνικοί Υπολογισμοί'!$D$46 -> 100 | D10: m | E10: ='Τιμές & Έλεγχος'!$D$10 -> 90 | F10: =$C$10*$E$10 -> 9000 | G10: =$F$10/'Τεχνικοί Υπολογισμοί'!$D$14 -> 257.14286
A11: 3 | B11: ="Σκυροδέτηση πασσάλων "&'Τεχνικοί Υπολογισμοί'!$D$18&" (με απώλεια +"&ROUND('Τεχνικοί Υπολογισμοί'!$D$101*100,0)&"%)" -> Σκυροδέτηση πασσάλων C25/30 (με απώλεια +10%) | C11: ='Τεχνικοί Υπολογισμοί'!$D$47 -> 114.03981 | D11: m³ | E11: ='Τιμές & Έλεγχος'!$D$22 -> 120 | F11: =$C$11*$E$11 -> 13684.778 | G11: =$F$11/'Τεχνικοί Υπολογισμοί'!$D$14 -> 390.99365
A12: 4 | B12: ="Χάλυβας οπλισμού B500C (κάθετα σίδερα "&'Τεχνικοί Υπολογισμοί'!$D$28&"Φ"&'Τεχνικοί Υπολογισμοί'!$D$29&", σούστα Φ"&'Τεχνικοί Υπολογισμοί'!$D$34&"/"&ROUND('Τεχνικοί Υπολογισμοί'!$D$37/10,0)&" & στεφάνια αναμονής)" -> Χάλυβας οπλισμού B500C (κάθετα σίδερα 16Φ20, σούστα Φ10/15 & στεφάνια αναμονής) | C12: ='Τεχνικοί Υπολογισμοί'!$D$48 -> 11595.754 | D12: kg | E12: ='Τιμές & Έλεγχος'!$D$11 -> 1.1 | F12: =$C$12*$E$12 -> 12755.329 | G12: =$F$12/'Τεχνικοί Υπολογισμοί'!$D$14 -> 364.43797
A13: 5 | B13: ="Sleeves προστασίας αναμονών starter (Sleeve Φ32 για κάθετα σίδερα Φ"&'Τεχνικοί Υπολογισμοί'!$D$29&")" -> Sleeves προστασίας αναμονών starter (Sleeve Φ32 για κάθετα σίδερα Φ20) | C13: ='Τεχνικοί Υπολογισμοί'!$D$49 -> 0 | D13: τεμ. | E13: ='Τιμές & Έλεγχος'!$D$27 -> 3 | F13: =$C$13*$E$13 -> 0 | G13: =$F$13/'Τεχνικοί Υπολογισμοί'!$D$14 -> 0
A14: =IF('Τιμές & Έλεγχος'!$D$36="ΝΑΙ","6","") -> 6 | B14: =IF('Τιμές & Έλεγχος'!$D$36="ΝΑΙ","Κεφαλοκοπή πασσάλων / Pile Breaking","") -> Κεφαλοκοπή πασσάλων / Pile Breaking | C14: =IF('Τιμές & Έλεγχος'!$D$36="ΝΑΙ",'Τεχνικοί Υπολογισμοί'!$D$50,0) -> 0 | D14: =IF('Τιμές & Έλεγχος'!$D$36="ΝΑΙ","τεμ.","") -> τεμ. | E14: =IF('Τιμές & Έλεγχος'!$D$36="ΝΑΙ",'Τιμές & Έλεγχος'!$D$12,0) -> 150 | F14: =$C$14*$E$14 -> 0 | G14: =$F$14/'Τεχνικοί Υπολογισμοί'!$D$14 -> 0
A15: =IF('Τιμές & Έλεγχος'!$D$37="ΝΑΙ",IF('Τιμές & Έλεγχος'!$D$36="ΝΑΙ","7","6"),"") -> 7 | B15: =IF('Τιμές & Έλεγχος'!$D$37="ΝΑΙ","Απομάκρυνση εκσκαπτόμενου χώματος & Λατομικά τέλη","") -> Απομάκρυνση εκσκαπτόμενου χώματος & Λατομικά τέλη | C15: =IF('Τιμές & Έλεγχος'!$D$37="ΝΑΙ",'Τεχνικοί Υπολογισμοί'!$D$51,0) -> 103.67256 | D15: =IF('Τιμές & Έλεγχος'!$D$37="ΝΑΙ","m³","") -> m³ | E15: =IF('Τιμές & Έλεγχος'!$D$37="ΝΑΙ",'Τιμές & Έλεγχος'!$D$38,0) -> 15 | F15: =$C$15*$E$15 -> 1555.0884 | G15: =$F$15/'Τεχνικοί Υπολογισμοί'!$D$14 -> 44.431096
A16: ΓΕΝΙΚΟ ΣΥΝΟΛΟ ΠΡΟΣΦΟΡΑΣ (ΧΩΡΙΣ Φ.Π.Α.) | F16: =$F$8+$F$9+$F$10+$F$11+$F$12+$F$13+$F$14+$F$15 -> 55469.195 | G16: =$F$16/'Τεχνικοί Υπολογισμοί'!$D$14 -> 1584.8341
A18: ΟΡΟΙ, ΠΑΡΑΔΟΧΕΣ & ΠΑΡΑΤΗΡΗΣΕΙΣ (100% ΔΥΝΑΜΙΚΕΣ ΣΗΜΕΙΩΣΕΙΣ — ΕΝΗΜΕΡΩΝΟΝΤΑΙ ΑΥΤΟΜΑΤΑ ΑΠΟ ΤΟ ΦΥΛΛΟ «Τιμές & Έλεγχος»):
A19: ="1. Στις τιμές ΔΕΝ περιλαμβάνεται ο Φ.Π.Α. — Γενικό Σύνολο Προσφοράς: "&ROUND($F$16,2)&" € (Μέσο κόστος ανά πάσσαλο: "&ROUND($F$16/'Τεχνικοί Υπολογισμοί'!$D$14,2)&" € για "&'Τεχνικοί Υπολογισμοί'!$D$14&" πασσάλους)." -> 1. Στις τιμές ΔΕΝ περιλαμβάνεται ο Φ.Π.Α. — Γενικό Σύνολο Προσφοράς: 55469.19 € (Μέσο κόστος ανά πάσσαλο: 1584.83 € για 35 πασσάλους).
A20: ="2. Μετακινήσεις γεωτρύπανου: Βασική Λεμεσού ("&ROUND('Τιμές & Έλεγχος'!$D$7,2)&" €) + Εκτός Λεμεσού ανά "&ROUND('Τεχνικοί Υπολογισμοί'!$D$8,0)&"km ("&'Τεχνικοί Υπολογισμοί'!$D$9&" × "&ROUND('Τιμές & Έλεγχος'!$D$8,2)&" € = "&ROUND('Τεχνικοί Υπολογισμοί'!$D$9*'Τιμές & Έλεγχος'!$D$8,2)&" €) + Συνοδεία Αστυνομίας από Σπύρου Κυπριανού 32, Αγ. Συλά ("&ROUND('Τιμές & Έλεγχος'!$D$30,1)&" km × "&ROUND('Τιμές & Έλεγχος'!$D$31,2)&" €/km = "&ROUND('Τιμές & Έλεγχος'!$D$32,2)&" €) = "&ROUND('Τεχνικοί Υπολογισμοί'!$D$13,2)&" € ("&ROUND($E$8,2)&" €/πάσσαλο)." -> 2. Μετακινήσεις γεωτρύπανου: Βασική Λεμεσού (1000 €) + Εκτός Λεμεσού ανά 10km (0 × 200 € = 0 €) + Συνοδεία Αστυνομίας από Σπύρου Κυπριανού 32, Αγ. Συλά (28 km × 8 €/km = 224 €) = 1224 € (34.97 €/πάσσαλο).
A21: ="3. Εκσκαφή / Διάτρηση (από στάθμη πλατφόρμας WPL "&ROUND('Τεχνικοί Υπολογισμοί'!$D$17,2)&"m): Ύψος σκυροδετημένου πασσάλου = "&ROUND('Τεχνικοί Υπολογισμοί'!$D$25,3)&"m, Συνολικά μέτρα διάτρησης = "&ROUND('Τεχνικοί Υπολογισμοί'!$D$45,2)&"m × Τιμή μέτρου ("&ROUND($E$9,2)&" €) = "&ROUND($F$9,2)&" €." -> 3. Εκσκαφή / Διάτρηση (από στάθμη πλατφόρμας WPL 0m): Ύψος σκυροδετημένου πασσάλου = 10m, Συνολικά μέτρα διάτρησης = 150m × Τιμή μέτρου (115 €) = 17250 €.
A22: ="4. Σκυρόδεμα "&'Τεχνικοί Υπολογισμοί'!$D$18&": ROUND(Αγορά "&ROUND('Τιμές & Έλεγχος'!$D$16,2)&" €/m³ + Τοποθέτηση "&ROUND('Τιμές & Έλεγχος'!$D$17,2)&" €/m³ + Αντλία "&ROUND('Τιμές & Έλεγχος'!$D$21,2)&" €/m³, 0) = "&ROUND($E$11,0)&" €/m³ × "&ROUND('Τεχνικοί Υπολογισμοί'!$D$47,2)&" m³ = "&ROUND($F$11,2)&" €." -> 4. Σκυρόδεμα C25/30: ROUND(Αγορά 105 €/m³ + Τοποθέτηση 15 €/m³ + Αντλία 0 €/m³, 0) = 120 €/m³ × 114.04 m³ = 13684.78 €.
A23: ="5. Οπλισμός κλωβού ("&'Τεχνικοί Υπολογισμοί'!$D$28&"Φ"&'Τεχνικοί Υπολογισμοί'!$D$29&" + σούστα Φ"&'Τεχνικοί Υπολογισμοί'!$D$34&"/"&ROUND('Τεχνικοί Υπολογισμοί'!$D$37/10,0)&"): Αναμονή starter = "&ROUND('Τεχνικοί Υπολογισμοί'!$D$30,2)&"m, Γωνία πάνω = "&ROUND('Τεχνικοί Υπολογισμοί'!$D$31,2)&"m, Γωνία κάτω = "&ROUND('Τεχνικοί Υπολογισμοί'!$D$32,2)&"m, Ύψος μάτισης = "&ROUND('Τεχνικοί Υπολογισμοί'!$D$33,2)&"m ("&'Τεχνικοί Υπολογισμοί'!$D$121&" μάτιση), Σπείρες σούστας = "&'Τεχνικοί Υπολογισμοί'!$D$125&" (με +1) + "&'Τεχνικοί Υπολογισμοί'!$D$128&" στεφάνια αναμονής (χωρίς +1) → "&ROUND('Τεχνικοί Υπολογισμοί'!$D$131,2)&" kg/πασσ., Σύνολο = "&ROUND('Τεχνικοί Υπολογισμοί'!$D$48,1)&" kg × Τιμή κιλού ("&ROUND($E$12,2)&" €) = "&ROUND($F$12,2)&" €." -> 5. Οπλισμός κλωβού (16Φ20 + σούστα Φ10/15): Αναμονή starter = 0.45m, Γωνία πάνω = 0.5m, Γωνία κάτω = 0m, Ύψος μάτισης = 1m (0 μάτιση), Σπείρες σούστας = 68 (με +1) + 3 στεφάνια αναμονής (χωρίς +1) → 528.33 kg/πασσ., Σύνολο = 11595.8 kg × Τιμή κιλού (1.1 €) = 12755.33 €.
A24: ="6. Sleeves αναμονών (Sleeve Φ32 για Φ"&'Τεχνικοί Υπολογισμοί'!$D$29&"): ((Κόστος αγοράς + Κόστος τοποθέτησης) × Profit, Waste, Overhead) = "&ROUND('Τιμές & Έλεγχος'!$D$26,2)&" € → Στρογγυλεμένο τελικό αποτέλεσμα = "&ROUND($E$13,2)&" €/τεμ. × "&'Τεχνικοί Υπολογισμοί'!$D$49&" τεμ. = "&ROUND($F$13,2)&" €." -> 6. Sleeves αναμονών (Sleeve Φ32 για Φ20): ((Κόστος αγοράς + Κόστος τοποθέτησης) × Profit, Waste, Overhead) = 2.87 € → Στρογγυλεμένο τελικό αποτέλεσμα = 3 €/τεμ. × 0 τεμ. = 0 €.
A25: ="7. Κεφαλοκοπή πασσάλων (Κουμπί Τ.Ε.1 = "&'Τιμές & Έλεγχος'!$D$36&"): "&IF('Τιμές & Έλεγχος'!$D$36="ΝΑΙ","ΠΕΡΙΛΑΜΒΑΝΕΤΑΙ στην προσφορά ("&$C$14&" τεμ. × "&ROUND($E$14,2)&" € = "&ROUND($F$14,2)&" €).","ΔΕΝ ΠΕΡΙΛΑΜΒΑΝΕΤΑΙ στην προσφορά (Ευθύνη Πελάτη / Εργολάβου — 0,00 €).")&" | Απομάκρυνση εκσκαπτόμενου χώματος & Λατομικά τέλη (Κουμπί Τ.Ε.2 = "&'Τιμές & Έλεγχος'!$D$37&"): "&IF('Τιμές & Έλεγχος'!$D$37="ΝΑΙ","ΠΕΡΙΛΑΜΒΑΝΕΤΑΙ στην προσφορά ("&ROUND($C$15,2)&" m³ × "&ROUND($E$15,2)&" €/m³ = "&ROUND($F$15,2)&" €).","ΔΕΝ ΠΕΡΙΛΑΜΒΑΝΕΤΑΙ στην προσφορά (Ευθύνη Πελάτη / Εργολάβου — 0,00 €).") -> 7. Κεφαλοκοπή πασσάλων (Κουμπί Τ.Ε.1 = ΝΑΙ): ΠΕΡΙΛΑΜΒΑΝΕΤΑΙ στην προσφορά (0 τεμ. × 150 € = 0 €). | Απομάκρυνση εκσκαπτόμενου χώματος & Λατομικά τέλη (Κουμπί Τ.Ε.2 = ΝΑΙ): ΠΕΡΙΛΑΜΒΑΝΕΤΑΙ στην προσφορά (103.67 m³ × 15 €/m³ = 1555.09 €).
A26: 8. Πληρωμή βάσει επιμετρήσεων πραγματικά εκτελεσθέντων μέτρων διάτρησης, κυβικών σκυροδέματος και κιλών οπλισμού. Όλες οι τιμές μονάδας και τα κουμπιά επιλογής (ΝΑΙ/ΟΧΙ) ορίζονται στο Φύλλο 3 («Τιμές & Έλεγχος»).

Sheet Τεχνικοί Υπολογισμοί
A1: ΘΕΜΕΛΙΟΤΕΧΝΙΚΗ ΛΤΔ — ΤΕΧΝΙΚΟΙ ΥΠΟΛΟΓΙΣΜΟΙ ΔΙΑΤΡΗΤΩΝ ΠΑΣΣΑΛΩΝ
A2: Έργο: Atlantic Forest — Plot 1 (Παρεκκλησιά, Λεμεσός) | Πελάτης: ATLANTIC FOREST PROPERTIES LTD | Μελέτη: Πανίκος Μ. Χαριλάου (Architect Engineer Consultant) | Μηχανή v7.0 (Τιμές & Κουμπιά ΝΑΙ/ΟΧΙ στο Φύλλο 3: «Τιμές & Έλεγχος»)
A4: 1. ΔΕΔΟΜΕΝΑ ΣΧΕΔΙΟΥ & ΥΨΟΜΕΤΡΑ
A5: Κωδ. | B5: Παράμετρος | C5: Μονάδα | D5: Τιμή | G5: Παρατηρήσεις / Προέλευση
A6: Τομέας 1 — Μετακινήσεις & Συνοδεία Αστυνομίας (Τιμές από το Φύλλο 3: «Τιμές & Έλεγχος»)
A7: 1.1.1 | B7: Χιλιόμετρα εκτός Λεμεσού (0 km αν το έργο είναι μέσα στη Λεμεσό) | C7: km | D7: ='Τιμές & Έλεγχος'!$D$6 -> 0 | G7: Από Φύλλο 3 («Τιμές & Έλεγχος» Τ.1)
A8: 1.1.2 | B8: Βήμα χιλιομετρικής χρέωσης εκτός Λεμεσού (ανά 10 km) | C8: km | D8: 10 | G8: Τιμοκατάλογος (γρ. 28)
A9: 1.1.3 | B9: Δεκάδες χιλιομέτρων εκτός Λεμεσού (ανά 10 km) | C9: ζώνες | D9: =IF('Τιμές & Έλεγχος'!$D$6>0,ROUNDUP(ROUND('Τιμές & Έλεγχος'!$D$6/$D$8,9),0),0) -> 0 | G9: ROUNDUP(km εκτός Λεμεσού / 10, 0)
A10: 1.1.4 | B10: Μετακίνηση — βασική τιμή εντός Λεμεσού | C10: € | D10: ='Τιμές & Έλεγχος'!$D$7 -> 1000 | G10: Από Φύλλο 3 («Τιμές & Έλεγχος» Τ.2 = 1.000,00 €)
A11: 1.1.5 | B11: Μετακίνηση — επιβάρυνση ανά 10 km εκτός Λεμεσού | C11: € | D11: ='Τιμές & Έλεγχος'!$D$8 -> 200 | G11: Από Φύλλο 3 («Τιμές & Έλεγχος» Τ.3 = 200,00 €/10km)
A12: 1.1.6 | B12: Κόστος Συνοδείας Αστυνομίας (Χιλιόμετρα × 8,00 €/km) | C12: € | D12: ='Τιμές & Έλεγχος'!$D$32 -> 224 | G12: Από Φύλλο 3 («Τιμές & Έλεγχος» Τ.Δ.3 = police_km × 8,00 €/km)
A13: 1.1.7 | B13: Συνολικό εφάπαξ ποσό μετακίνησης & συνοδείας Αστυνομίας | C13: € | D13: ='Τιμές & Έλεγχος'!$D$7+$D$9*'Τιμές & Έλεγχος'!$D$8+'Τιμές & Έλεγχος'!$D$32 -> 1224 | G13: Βασική Λεμεσού (1.000€) + Δεκάδες km × 200€ + Συνοδεία Αστυνομίας
A14: 1.1.8 | B14: Συνολικό πλήθος πασσάλων έργου | C14: τεμ. | D14: =$D$23+$E$23 -> 35 | G14: Άθροισμα ομάδων
A15: 1.1.9 | B15: Επιμερισμένη μετακίνηση ανά πάσσαλο | C15: € | D15: =$D$13/$D$14 -> 34.971429 | G15: Συνολική μετακίνηση ÷ Πάσσαλοι
A16: Τομέας 2 — Υψόμετρα & Σκυρόδεμα (WPL κοινό για όλους, Cut-Off ανά πάσσαλο στον Τομέα 3)
A17: 1.2.1 | B17: Στάθμη πλατφόρμας γεωτρύπανου (WPL) — κοινή για όλους τους πασσάλους | C17: m | D17: 0 | G17: ΚΟΚΚΙΝΟΣ ΣΥΝΑΓΕΡΜΟΣ: δεν δόθηκε — προσωρινά 0.00
A18: 1.2.2 | B18: Κατηγορία σκυροδέματος | C18: - | D18: C25/30 | G18: Από Σημείωση 1 σχεδίου 00Σ: «1. Σκυρόδεμα C25/30»
A19: 1.2.3 | B19: Επικάλυψη οπλισμού (Cover) | C19: mm | D19: 50 | G19: Από Σημείωση 4 σχεδίου 00Σ: «4. Επικάλυψη οπλισμού πεδίλων και γενικά στοιχείων μέσα στο έδαφος, 5 εκ.» (50 mm)
A20: Τομέας 3 — Ομάδες πασσάλων & κλωβός οπλισμού (μία στήλη ανά ομάδα)
A21: Κωδ. | B21: Παράμετρος | C21: Μονάδα | D21: Ομάδα 1 | E21: Ομάδα 2 | G21: Παρατηρήσεις
A22: 1.3.0 | B22: Πάσσαλοι | D22: Πάσσαλοι ΠΣ Ø800mm (Κοιτόστρωση Υπογείου) ΠΣ #1 έως ΠΣ #15 (12 σε κοιτόστρωση 55εκ. + 3 σε κοιτόστρωση 40εκ.) | E22: Πάσσαλοι ΠΣ1 Ø600mm (Περίφραξη / Περιμετρικά Τοιχεία) ΠΣ1 #1 έως ΠΣ1 #20 (ανά ~5m στην περίφραξη ΤΠ1/ΤΠ2/ΤΑ4)
A23: 1.3.1 | B23: Πλήθος πασσάλων ομάδας | C23: τεμ. | D23: 15 | E23: 20 | F23: =$D$23+$E$23 -> 35 | G23: Καταμέτρηση από κάτοψη 00Σ με OpenCV & ανάλυση διανυσμάτων PDF (15 ΠΣ + 20 ΠΣ1 = 35 πάσσαλοι)
A24: 1.3.2 | B24: Διάμετρος τρύπας πασσάλου | C24: mm | D24: 800 | E24: 600 | G24: Σχέδιο 00Σ & 001Σ: ΠΣ = Ø800mm, ΠΣ1 = Ø600mm
A25: 1.3.3 | B25: Ύψος σκυροδετημένου πασσάλου (κάτω από το Cut-Off) | C25: m | D25: 10 | E25: 5 | G25: Σχέδιο 00Σ & 001Σ: ΠΣ = Βάθος 10.00m, ΠΣ1 = Βάθος 5.00m
A26: 1.3.4 | B26: Στάθμη αποκοπής κεφαλής πασσάλου (Cut-Off) | C26: m | D26: ΛΕΙΠΕΙ | E26: ΛΕΙΠΕΙ | G26: ΚΟΚΚΙΝΟΣ ΣΥΝΑΓΕΡΜΟΣ: Δεν καθορίζεται η υψομετρική διαφορά WPL − Cut-Off (προσωρινά Δh = 0.00m)
A27: 1.3.5 | B27: Βάθος / Πάχος πεδιλόπλακας | C27: m | D27: 0.55 | E27: 0.55 | G27: Σχέδιο 00Σ & Τομή 001Σ: Κοιτόστρωση / Πεδιλοδοκός πάχους 55 εκ. (0.55m — 3 ΠΣ βρίσκονται σε τμήμα 40 εκ.)
A28: 1.3.6 | B28: Κάθετα σίδερα κλωβού — Πλήθος | C28: τεμ. | D28: 16 | E28: 10 | G28: Σχέδιο 00Σ: ΠΣ = 16Υ20 (16 ράβδοι), ΠΣ1 = 10Υ20 (10 ράβδοι)
A29: 1.3.7 | B29: Κάθετα σίδερα κλωβού — Διάμετρος Φ | C29: mm | D29: 20 | E29: 20 | G29: Σχέδιο 00Σ: Κάθετος οπλισμός Υ20 (Φ20mm) B500C και στους δύο τύπους
A30: 1.3.8 | B30: Ύψος αναμονής / Starter (κενό σχεδίου → πεδιλόπλακα − 0.10m) | C30: m | D30: =$D$27-$D$107 -> 0.45 | E30: =$E$27-$D$107 -> 0.45 | G30: Κανόνας εταιρείας (RULES_v7 §11.1): Βάθος πεδιλόπλακας (0.55m) − 0.10m = 0.45m
A31: 1.3.9 | B31: Γωνία πάνω (κενό σχεδίου → 0.50m) | C31: m | D31: =$D$108 -> 0.5 | E31: =$D$108 -> 0.5 | G31: Τομή 001Σ («να γυρίζει γωνία μέσα στη κοιτόστρωση») + Κανόνας εταιρείας (RULES_v7 §11.2): 0.50m
A32: 1.3.10 | B32: Γωνία κάτω (στον πυθμένα) | C32: m | D32: 0 | E32: 0 | G32: Τομή 001Σ: Ευθύγραμμες ράβδοι στον πυθμένα (0.00m)
A33: 1.3.11 | B33: Ύψος μάτισης (κενό σχεδίου → 50×Φ) | C33: m | D33: =$D$104*$D$29/1000 -> 1 | E33: =$D$104*$E$29/1000 -> 1 | G33: Κανόνας εταιρείας (RULES_v7 §11.5): 50 × Φ = 1.00m (δεν απαιτείται μάτιση αφού L_base < 12.00m)
A34: 1.3.12 | B34: Σούστα & στεφάνια — Διάμετρος Φ | C34: mm | D34: 10 | E34: 10 | G34: Σχέδιο 00Σ & 001Σ: Συνδετήρες σπειροειδείς Υ10/15 (Φ10mm)
A35: 1.3.13 | B35: Βήμα σούστας στα άκρα (πρώτα & τελευταία μέτρα) | C35: mm | D35: 150 | E35: 150 | G35: Σχέδιο 00Σ & 001Σ: Ενιαίο βήμα σπείρας 15 εκ. (150mm)
A36: 1.3.14 | B36: Μήκος ζώνης πύκνωσης άκρου (πάνω & κάτω) | C36: m | D36: 0 | E36: 0 | G36: Δεν προβλέπεται ξεχωριστή ζώνη πύκνωσης (0.00m)
A37: 1.3.15 | B37: Βήμα σούστας (απόσταση μεταξύ σπειρών) | C37: mm | D37: 150 | E37: 150 | G37: Σχέδιο 00Σ & 001Σ: Σπειροειδείς συνδετήρες Υ10/15 (βήμα 150mm)
A38: 1.3.16 | B38: Στεφάνια αναμονής starter — ρητά από σχέδιο (κενό → υπολογισμός) | C38: τεμ. | D38: — | E38: —
A39: 1.3.17 | B39: Πρόσθετος οπλισμός (U-bars κ.λπ.) — Πλήθος | C39: τεμ. | D39: 0 | E39: 0
A40: 1.3.18 | B40: Πρόσθετος οπλισμός — Διάμετρος Φ | C40: mm | D40: 0 | E40: 0
A41: 1.3.19 | B41: Πρόσθετος οπλισμός — Μήκος ανά βέργα | C41: m | D41: 0 | E41: 0
A43: 2. ΤΕΛΙΚΕΣ ΠΟΣΟΤΗΤΕΣ ΓΙΑ ΤΗΝ ΟΙΚΟΝΟΜΙΚΗ ΠΡΟΣΦΟΡΑ
A44: Κωδ. | B44: Ποσότητα | C44: Μονάδα | D44: Σύνολο Έργου | E44: Πλήθος Πασσάλων | F44: Μέση ανά Πάσσαλο | G44: Τροφοδοτεί
A45: 2.1 | B45: Τρέχοντα μέτρα διάτρησης Ø800mm | C45: m | D45: =$D$23*$D$114 -> 150 | E45: =$D$23 -> 15 | F45: =$D$45/$E$45 -> 10 | G45: Φύλλο 1
A46: 2.2 | B46: Τρέχοντα μέτρα διάτρησης Ø600mm | C46: m | D46: =$E$23*$E$114 -> 100 | E46: =$E$23 -> 20 | F46: =$D$46/$E$46 -> 5 | G46: Φύλλο 1
A47: 2.3 | B47: ="Σκυρόδεμα "&$D$18&" με απώλεια" -> Σκυρόδεμα C25/30 με απώλεια | C47: m³ | D47: =$F$117 -> 114.03981 | E47: =$D$14 -> 35 | F47: =$D$47/$E$47 -> 3.2582804 | G47: Φύλλο 1
A48: 2.4 | B48: Χάλυβας οπλισμού B500C (κάθετα σίδερα + σούστα + στεφάνια αναμονής) | C48: kg | D48: =$F$131 -> 11595.754 | E48: =$D$14 -> 35 | F48: =$D$48/$E$48 -> 331.30725 | G48: Φύλλο 1
A49: 2.5 | B49: ="Sleeves προστασίας αναμονών starter (Sleeve Φ32 για Φ"&$D$29&")" -> Sleeves προστασίας αναμονών starter (Sleeve Φ32 για Φ20) | C49: τεμ. | D49: =$F$132 -> 0 | E49: =$D$14 -> 35 | F49: =$D$49/$E$49 -> 0 | G49: Φύλλο 1
A50: =IF('Τιμές & Έλεγχος'!$D$36="ΝΑΙ","2.6","") -> 2.6 | B50: =IF('Τιμές & Έλεγχος'!$D$36="ΝΑΙ","Κεφαλοκοπή πασσάλων (σπάσιμο κεφαλής)","") -> Κεφαλοκοπή πασσάλων (σπάσιμο κεφαλής) | C50: =IF('Τιμές & Έλεγχος'!$D$36="ΝΑΙ","τεμ.","") -> τεμ. | D50: =IF('Τιμές & Έλεγχος'!$D$36="ΝΑΙ",$F$133,0) -> 0 | E50: =IF('Τιμές & Έλεγχος'!$D$36="ΝΑΙ",$D$14,0) -> 35 | F50: =IF('Τιμές & Έλεγχος'!$D$36="ΝΑΙ",$D$50/$E$50,0) -> 0 | G50: =IF('Τιμές & Έλεγχος'!$D$36="ΝΑΙ","Φύλλο 1","") -> Φύλλο 1
A51: =IF('Τιμές & Έλεγχος'!$D$37="ΝΑΙ","2.7","") -> 2.7 | B51: =IF('Τιμές & Έλεγχος'!$D$37="ΝΑΙ","Απομάκρυνση εκσκαπτόμενου χώματος & Λατομικά τέλη","") -> Απομάκρυνση εκσκαπτόμενου χώματος & Λατομικά τέλη | C51: =IF('Τιμές & Έλεγχος'!$D$37="ΝΑΙ","m³","") -> m³ | D51: =IF('Τιμές & Έλεγχος'!$D$37="ΝΑΙ",$F$115,0) -> 103.67256 | E51: =IF('Τιμές & Έλεγχος'!$D$37="ΝΑΙ",$D$14,0) -> 35 | F51: =IF('Τιμές & Έλεγχος'!$D$37="ΝΑΙ",$D$51/$E$51,0) -> 2.9620731 | G51: =IF('Τιμές & Έλεγχος'!$D$37="ΝΑΙ","Φύλλο 1","") -> Φύλλο 1
A53: 2Β. ΣΥΓΚΕΝΤΡΩΤΙΚΟΣ ΠΙΝΑΚΑΣ ΠΡΑΞΕΩΝ, ΠΟΣΟΤΗΤΩΝ & ΤΙΜΩΝ — ΣΥΝΟΛΟ ΕΡΓΟΥ (ΤΙΜΕΣ ΑΠΟ ΦΥΛΛΟ 3: «Τιμές & Έλεγχος»)
A54: Κωδ. | B54: Πράξη / Εργασία (Σύνολο Έργου) | C54: Μονάδα | D54: Συνολική Ποσότητα | E54: Τιμή Μονάδας (€) [Από «Τιμές & Έλεγχος»] | F54: Συνολικό Κόστος (€) | G54: Ανθρώπινη Επεξήγηση Πράξεων (Για Έλεγχο από Μηχανικό / Μάστρο — 100% Δυναμική)
A55: 2Β.1 | B55: Μετακινήσεις γεωτρύπανου & Συνοδεία Αστυνομίας (επιμερισμός ανά πάσσαλο) | C55: πάσσαλο | D55: =$D$14 -> 35 | E55: =$D$15 -> 34.971429 | F55: =$D$55*$E$55 -> 1224 | G55: ="Βασική Λεμεσού ("&ROUND('Τιμές & Έλεγχος'!$D$7,2)&" €) + Εκτός Λεμεσού ανά "&ROUND($D$8,0)&"km ("&$D$9&" × "&ROUND('Τιμές & Έλεγχος'!$D$8,2)&" € = "&ROUND($D$9*'Τιμές & Έλεγχος'!$D$8,2)&" €) + Συνοδεία Αστυνομίας από Αγ. Συλά ("&ROUND('Τιμές & Έλεγχος'!$D$30,1)&" km × "&ROUND('Τιμές & Έλεγχος'!$D$31,2)&" €/km = "&ROUND('Τιμές & Έλεγχος'!$D$32,2)&" €) = Σύνολο ("&ROUND($D$13,2)&" €) ÷ Πάσσαλοι ("&$D$14&") = "&ROUND($D$15,2)&" €/πάσσαλο" -> Βασική Λεμεσού (1000 €) + Εκτός Λεμεσού ανά 10km (0 × 200 € = 0 €) + Συνοδεία Αστυνομίας από Αγ. Συλά (28 km × 8 €/km = 224 €) = Σύνολο (1224 €) ÷ Πάσσαλοι (35) = 34.97 €/πάσσαλο
A56: 2Β.2a | B56: Εκσκαφή / Διάτρηση πασσάλων Ø800mm (15 τεμ.) | C56: m | D56: =$D$45 -> 150 | E56: ='Τιμές & Έλεγχος'!$D$9 -> 115 | F56: =$D$56*$E$56 -> 17250 | G56: ="Τρύπημα: "&$D$23&" πασσ. × [Ύψος πασσάλου ("&ROUND($D$25,3)&"m) + Κενό τρύπημα ("&ROUND($D$112,3)&"m) = "&ROUND($D$114,2)&"m]"&" = Σύνολο ("&ROUND($D$56,2)&"m) × Τιμή μέτρου ("&ROUND($E$56,2)&" €) = "&ROUND($F$56,2)&" €" -> Τρύπημα: 15 πασσ. × [Ύψος πασσάλου (10m) + Κενό τρύπημα (0m) = 10m] = Σύνολο (150m) × Τιμή μέτρου (115 €) = 17250 €
A57: 2Β.2b | B57: Εκσκαφή / Διάτρηση πασσάλων Ø600mm (20 τεμ.) | C57: m | D57: =$D$46 -> 100 | E57: ='Τιμές & Έλεγχος'!$D$10 -> 90 | F57: =$D$57*$E$57 -> 9000 | G57: ="Τρύπημα: "&$E$23&" πασσ. × [Ύψος πασσάλου ("&ROUND($E$25,3)&"m) + Κενό τρύπημα ("&ROUND($E$112,3)&"m) = "&ROUND($E$114,2)&"m]"&" = Σύνολο ("&ROUND($D$57,2)&"m) × Τιμή μέτρου ("&ROUND($E$57,2)&" €) = "&ROUND($F$57,2)&" €" -> Τρύπημα: 20 πασσ. × [Ύψος πασσάλου (5m) + Κενό τρύπημα (0m) = 5m] = Σύνολο (100m) × Τιμή μέτρου (90 €) = 9000 €
A58: 2Β.3 | B58: ="Σκυρόδεμα πασσάλων "&$D$18&" (με +"&ROUND($D$101*100,0)&"% απώλεια)" -> Σκυρόδεμα πασσάλων C25/30 (με +10% απώλεια) | C58: m³ | D58: =$D$47 -> 114.03981 | E58: ='Τιμές & Έλεγχος'!$D$22 -> 120 | F58: =$D$58*$E$58 -> 13684.778 | G58: ="Κουγκρί ανά πάσσαλο: Εμβαδόν Ø"&$D$24&"mm × [Ύψος πασσάλου ("&ROUND($D$25,3)&"m) + Υπερκάλυψη ("&ROUND($D$113,2)&"m) = "&ROUND($D$116,3)&"m] × Απώλεια (+"&ROUND($D$101*100,0)&"%) = "&ROUND($D$117,3)&" m³/πασσ. → Σύνολο ("&ROUND($D$58,2)&" m³) × Στρογγυλοποιημένη Τιμή κυβικού [ROUND(Αγορά "&ROUND('Τιμές & Έλεγχος'!$D$16,2)&" € + Τοποθέτηση "&ROUND('Τιμές & Έλεγχος'!$D$17,2)&" € + Αντλία "&ROUND('Τιμές & Έλεγχος'!$D$21,2)&" €, 0) = "&ROUND($E$58,0)&" €/m³] = "&ROUND($F$58,2)&" €" -> Κουγκρί ανά πάσσαλο: Εμβαδόν Ø800mm × [Ύψος πασσάλου (10m) + Υπερκάλυψη (0m) = 10m] × Απώλεια (+10%) = 5.529 m³/πασσ. → Σύνολο (114.04 m³) × Στρογγυλοποιημένη Τιμή κυβικού [ROUND(Αγορά 105 € + Τοποθέτηση 15 € + Αντλία 0 €, 0) = 120 €/m³] = 13684.78 €
A59: 2Β.4α | B59: ↳ Οπλισμός: Κάθετα σίδερα κλωβού | C59: kg | D59: =$F$124 -> 9415.7616 | E59: ='Τιμές & Έλεγχος'!$D$11 -> 1.1 | F59: =$D$59*$E$59 -> 10357.338 | G59: ="Μήκος κάθετης βέργας = Ύψος πασσάλου ("&ROUND($D$25,3)&"m) + Ύψος αναμονής starter ("&ROUND($D$30,2)&"m) + Γωνία πάνω ("&ROUND($D$31,2)&"m) + Γωνία κάτω ("&ROUND($D$32,2)&"m) + Ύψος μάτισης ("&$D$121&" μάτιση × "&ROUND($D$33,2)&"m) = "&ROUND($D$122,3)&"m → "&$D$28&" σίδερα Φ"&$D$29&" × "&ROUND($D$122,3)&"m × Βάρος μέτρου ("&ROUND($D$123,3)&" kg/m) = "&ROUND($D$124,2)&" kg/πασσ. → Σύνολο ("&ROUND($D$59,1)&" kg) × "&ROUND($E$59,2)&" € = "&ROUND($F$59,2)&" €" -> Μήκος κάθετης βέργας = Ύψος πασσάλου (10m) + Ύψος αναμονής starter (0.45m) + Γωνία πάνω (0.5m) + Γωνία κάτω (0m) + Ύψος μάτισης (0 μάτιση × 1m) = 10.95m → 16 σίδερα Φ20 × 10.95m × Βάρος μέτρου (2.466 kg/m) = 432.07 kg/πασσ. → Σύνολο (9415.8 kg) × 1.1 € = 10357.34 €
A60: 2Β.4β | B60: ↳ Οπλισμός: Σούστα σώματος πασσάλου (κάτω από το Cut-Off, με +1) | C60: kg | D60: =$F$127 -> 2060.8721 | E60: ='Τιμές & Έλεγχος'!$D$11 -> 1.1 | F60: =$D$60*$E$60 -> 2266.9593 | G60: ="Αριθμός σπειρών σούστας = [Ύψος πασσάλου ("&ROUND($D$25,3)&"m) ÷ Βήμα σούστας ("&ROUND($D$37/1000,3)&"m) = "&($D$125-1)&"] + 1 = "&$D$125&" σπείρες × Περίμετρος στεφανιού κλωβού ("&ROUND($D$119,3)&"m) × Βάρος μέτρου Φ"&$D$34&" ("&ROUND($D$126,3)&" kg/m) = "&ROUND($D$127,2)&" kg/πασσ. → Σύνολο ("&ROUND($D$60,1)&" kg) × "&ROUND($E$60,2)&" € = "&ROUND($F$60,2)&" €" -> Αριθμός σπειρών σούστας = [Ύψος πασσάλου (10m) ÷ Βήμα σούστας (0.15m) = 67] + 1 = 68 σπείρες × Περίμετρος στεφανιού κλωβού (2.199m) × Βάρος μέτρου Φ10 (0.617 kg/m) = 92.2 kg/πασσ. → Σύνολο (2060.9 kg) × 1.1 € = 2266.96 €
A61: 2Β.4γ | B61: ↳ Οπλισμός: Στεφάνια αναμονής starter (πάνω από το Cut-Off, χωρίς +1) | C61: kg | D61: =$F$129 -> 119.11996 | E61: ='Τιμές & Έλεγχος'!$D$11 -> 1.1 | F61: =$D$61*$E$61 -> 131.03195 | G61: ="Αριθμός στεφανιών αναμονής = Ύψος αναμονής starter ("&ROUND($D$30,2)&"m) ÷ Βήμα ("&ROUND($D$37/1000,3)&"m) = "&$D$128&" στεφάνια (χωρίς +1) × Περίμετρος στεφανιού κλωβού ("&ROUND($D$119,3)&"m) × Βάρος μέτρου Φ"&$D$34&" ("&ROUND($D$126,3)&" kg/m) = "&ROUND($D$129,2)&" kg/πασσ. → Σύνολο ("&ROUND($D$61,1)&" kg) × "&ROUND($E$61,2)&" € = "&ROUND($F$61,2)&" €" -> Αριθμός στεφανιών αναμονής = Ύψος αναμονής starter (0.45m) ÷ Βήμα (0.15m) = 3 στεφάνια (χωρίς +1) × Περίμετρος στεφανιού κλωβού (2.199m) × Βάρος μέτρου Φ10 (0.617 kg/m) = 4.07 kg/πασσ. → Σύνολο (119.1 kg) × 1.1 € = 131.03 €
A62: 2Β.4 | B62: Χάλυβας οπλισμού B500C — ΣΥΝΟΛΟ ΚΛΩΒΟΥ (4α + 4β + 4γ) | C62: kg | D62: =$D$48 -> 11595.754 | E62: ='Τιμές & Έλεγχος'!$D$11 -> 1.1 | F62: =$D$62*$E$62 -> 12755.329 | G62: ="Συνολικό βάρος ανά πάσσαλο = Κάθετα σίδερα ("&ROUND($D$124,2)&" kg) + Σούστα σώματος ("&ROUND($D$127,2)&" kg) + Στεφάνια αναμονής ("&ROUND($D$129,2)&" kg) = "&ROUND($D$131,2)&" kg/πασσ. → Σύνολο έργου ("&ROUND($D$62,1)&" kg) × Τιμή κιλού ("&ROUND($E$62,2)&" €) = "&ROUND($F$62,2)&" € ("&ROUND($F$62/$D$14,2)&" €/πασσ.)" -> Συνολικό βάρος ανά πάσσαλο = Κάθετα σίδερα (432.07 kg) + Σούστα σώματος (92.2 kg) + Στεφάνια αναμονής (4.07 kg) = 528.33 kg/πασσ. → Σύνολο έργου (11595.8 kg) × Τιμή κιλού (1.1 €) = 12755.33 € (364.44 €/πασσ.)
A63: 2Β.5 | B63: ="Sleeves προστασίας αναμονών starter (Sleeve Φ32 για κάθετα σίδερα Φ"&$D$29&")" -> Sleeves προστασίας αναμονών starter (Sleeve Φ32 για κάθετα σίδερα Φ20) | C63: τεμ. | D63: =$D$49 -> 0 | E63: ='Τιμές & Έλεγχος'!$D$27 -> 3 | F63: =$D$63*$E$63 -> 0 | G63: ="Sleeve Φ32 (για σίδερα Φ"&$D$29&"): ((Κόστος αγοράς + Κόστος τοποθέτησης) × Profit, Waste, Overhead) = "&ROUND('Τιμές & Έλεγχος'!$D$26,2)&" € → Στρογγυλεμένο τελικό αποτέλεσμα = "&ROUND($E$63,2)&" €/τεμ. × "&$D$63&" τεμ. = "&ROUND($F$63,2)&" €" -> Sleeve Φ32 (για σίδερα Φ20): ((Κόστος αγοράς + Κόστος τοποθέτησης) × Profit, Waste, Overhead) = 2.87 € → Στρογγυλεμένο τελικό αποτέλεσμα = 3 €/τεμ. × 0 τεμ. = 0 €
A64: =IF('Τιμές & Έλεγχος'!$D$36="ΝΑΙ","2Β.6","") -> 2Β.6 | B64: =IF('Τιμές & Έλεγχος'!$D$36="ΝΑΙ","Κεφαλοκοπή πασσάλων (σπάσιμο κεφαλής / Pile Breaking)","") -> Κεφαλοκοπή πασσάλων (σπάσιμο κεφαλής / Pile Breaking) | C64: =IF('Τιμές & Έλεγχος'!$D$36="ΝΑΙ","τεμ.","") -> τεμ. | D64: =IF('Τιμές & Έλεγχος'!$D$36="ΝΑΙ",$D$50,0) -> 0 | E64: =IF('Τιμές & Έλεγχος'!$D$36="ΝΑΙ",'Τιμές & Έλεγχος'!$D$12,0) -> 150 | F64: =$D$64*$E$64 -> 0 | G64: =IF('Τιμές & Έλεγχος'!$D$36="ΝΑΙ","Κεφαλοκοπή (Κουμπί Τ.Ε.1 = ΝΑΙ): "&$D$133&" σπάσιμο κεφαλής/πάσσαλο × "&$D$14&" πασσάλους = "&$D$64&" τεμάχια × Τιμή τεμαχίου ("&ROUND($E$64,2)&" €) = "&ROUND($F$64,2)&" € ("&ROUND($F$64/$D$14,2)&" €/πασσ.)","") -> Κεφαλοκοπή (Κουμπί Τ.Ε.1 = ΝΑΙ): 0 σπάσιμο κεφαλής/πάσσαλο × 35 πασσάλους = 0 τεμάχια × Τιμή τεμαχίου (150 €) = 0 € (0 €/πασσ.)
A65: =IF('Τιμές & Έλεγχος'!$D$37="ΝΑΙ",IF('Τιμές & Έλεγχος'!$D$36="ΝΑΙ","2Β.7","2Β.6"),"") -> 2Β.7 | B65: =IF('Τιμές & Έλεγχος'!$D$37="ΝΑΙ","Απομάκρυνση εκσκαπτόμενου χώματος & Λατομικά τέλη","") -> Απομάκρυνση εκσκαπτόμενου χώματος & Λατομικά τέλη | C65: =IF('Τιμές & Έλεγχος'!$D$37="ΝΑΙ","m³","") -> m³ | D65: =IF('Τιμές & Έλεγχος'!$D$37="ΝΑΙ",$D$51,0) -> 103.67256 | E65: =IF('Τιμές & Έλεγχος'!$D$37="ΝΑΙ",'Τιμές & Έλεγχος'!$D$38,0) -> 15 | F65: =$D$65*$E$65 -> 1555.0884 | G65: =IF('Τιμές & Έλεγχος'!$D$37="ΝΑΙ","Απομάκρυνση εκσκαπτόμενου χώματος & Λατομικά τέλη (Κουμπί Τ.Ε.2 = ΝΑΙ): Συνολικός όγκος εκσκαφής τρυπών ("&ROUND($D$65,2)&" m³) × Τιμή κυβικού ("&ROUND($E$65,2)&" €/m³) = "&ROUND($F$65,2)&" € ("&ROUND($F$65/$D$14,2)&" €/πασσ.)","") -> Απομάκρυνση εκσκαπτόμενου χώματος & Λατομικά τέλη (Κουμπί Τ.Ε.2 = ΝΑΙ): Συνολικός όγκος εκσκαφής τρυπών (103.67 m³) × Τιμή κυβικού (15 €/m³) = 1555.09 € (44.43 €/πασσ.)
A66: ΓΕΝΙΚΟ ΣΥΝΟΛΟ ΕΡΓΟΥ (ΑΘΡΟΙΣΜΑ ΚΥΡΙΩΝ ΠΡΑΞΕΩΝ 2Β — ΧΩΡΙΣ Φ.Π.Α.) | F66: =$F$55+$F$56+$F$57+$F$58+$F$62+$F$63+$F$64+$F$65 -> 55469.195 | G66: ="Σύνολο Προσφοράς = "&ROUND($F$66,2)&" € | Μέσο Κόστος ανά Πάσσαλο = "&ROUND($F$66/$D$14,2)&" €/πάσσαλο ("&$D$14&" πάσσαλοι)" -> Σύνολο Προσφοράς = 55469.19 € | Μέσο Κόστος ανά Πάσσαλο = 1584.83 €/πάσσαλο (35 πάσσαλοι)
A68: 2Γ. ΛΙΣΤΑ ΑΝΑ ΤΥΠΟ ΠΑΣΣΑΛΟΥ — ΠΟΣΟΤΗΤΑ ΑΝΑ 1 ΠΑΣΣΑΛΟ & ΚΟΣΤΟΣ ΑΝΑ 1 ΠΑΣΣΑΛΟ ΓΙΑ ΚΑΘΕ ΠΡΑΞΗ
A69: ΤΥΠΟΣ ΠΑΣΣΑΛΟΥ 1: Πάσσαλοι ΠΣ Ø800mm (Κοιτόστρωση Υπογείου) — Κωδικοί: ΠΣ #1 έως ΠΣ #15 (12 σε κοιτόστρωση 55εκ. + 3 σε κοιτόστρωση 40εκ.) (Πλήθος Ομάδας: 15 πασσ.) — ΠΟΣΟΤΗΤΑ & ΚΟΣΤΟΣ ΑΝΑ 1 ΠΑΣΣΑΛΟ
A70: Κωδ. | B70: Πράξη / Εργασία (Ανά 1 Πάσσαλο Τύπου 1) | C70: Μονάδα | D70: Ποσότητα ανά 1 Πάσσαλο | E70: Τιμή Μονάδας (€) [Από «Τιμές & Έλεγχος»] | F70: Κόστος ανά 1 Πάσσαλο (€) | G70: Ανθρώπινη Επεξήγηση για 1 Πάσσαλο & Σύνολο Ομάδας (15 πασσ.) — 100% Δυναμική
A71: 2Γ.1.1 | B71: Μετακινήσεις γεωτρύπανου & Συνοδεία Αστυνομίας (επιμερισμός σε 1 πάσσαλο) | C71: πάσσαλο | D71: =1 -> 1 | E71: =$D$15 -> 34.971429 | F71: =$D$71*$E$71 -> 34.971429 | G71: ="1 πάσσαλος × Επιμερισμένη μετακίνηση ("&ROUND($D$15,2)&" €) = "&ROUND($F$71,2)&" €/πάσσαλο (× "&$D$23&" πασσ. ομάδας = "&ROUND($D$23*$F$71,2)&" €)" -> 1 πάσσαλος × Επιμερισμένη μετακίνηση (34.97 €) = 34.97 €/πάσσαλο (× 15 πασσ. ομάδας = 524.57 €)
A72: 2Γ.1.2 | B72: Εκσκαφή / Διάτρηση πασσάλου Ø800mm (μέτρα ανά 1 πάσσαλο) | C72: m | D72: =$D$114 -> 10 | E72: ='Τιμές & Έλεγχος'!$D$9 -> 115 | F72: =$D$72*$E$72 -> 1150 | G72: ="Μέτρα τρυπήματος/πάσσαλο = Ύψος πασσάλου ("&ROUND($D$25,3)&"m) + Κενό τρύπημα ("&ROUND($D$112,3)&"m) = "&ROUND($D$72,2)&" m/πάσσαλο × "&ROUND($E$72,2)&" €/m = "&ROUND($F$72,2)&" €/πάσσαλο (× "&$D$23&" πασσ. = "&ROUND($D$23*$F$72,2)&" €)" -> Μέτρα τρυπήματος/πάσσαλο = Ύψος πασσάλου (10m) + Κενό τρύπημα (0m) = 10 m/πάσσαλο × 115 €/m = 1150 €/πάσσαλο (× 15 πασσ. = 17250 €)
A73: 2Γ.1.3 | B73: ="Σκυρόδεμα πασσάλου "&$D$18&" με +"&ROUND($D$101*100,0)&"% απώλεια (m³ ανά 1 πάσσαλο)" -> Σκυρόδεμα πασσάλου C25/30 με +10% απώλεια (m³ ανά 1 πάσσαλο) | C73: m³ | D73: =$D$117 -> 5.5292031 | E73: ='Τιμές & Έλεγχος'!$D$22 -> 120 | F73: =$D$73*$E$73 -> 663.50437 | G73: ="Κυβικά κουγκριού/πάσσαλο = Εμβαδόν Ø"&$D$24&"mm × [Ύψος ("&ROUND($D$25,3)&"m) + Υπερκάλυψη ("&ROUND($D$113,2)&"m) = "&ROUND($D$116,3)&"m] × 1.10 = "&ROUND($D$73,3)&" m³/πάσσαλο × "&ROUND($E$73,0)&" €/m³ = "&ROUND($F$73,2)&" €/πάσσαλο (× "&$D$23&" πασσ. = "&ROUND($D$23*$F$73,2)&" €)" -> Κυβικά κουγκριού/πάσσαλο = Εμβαδόν Ø800mm × [Ύψος (10m) + Υπερκάλυψη (0m) = 10m] × 1.10 = 5.529 m³/πάσσαλο × 120 €/m³ = 663.5 €/πάσσαλο (× 15 πασσ. = 9952.57 €)
A74: 2Γ.1.4α | B74: ↳ Οπλισμός: Κάθετα σίδερα κλωβού (kg ανά 1 πάσσαλο) | C74: kg | D74: =$D$124 -> 432.06952 | E74: ='Τιμές & Έλεγχος'!$D$11 -> 1.1 | F74: =$D$74*$E$74 -> 475.27647 | G74: =$D$28&" σίδερα Φ"&$D$29&" × Μήκος βέργας ("&ROUND($D$122,3)&"m με μάτιση "&ROUND($D$33,2)&"m) × "&ROUND($D$123,3)&" kg/m = "&ROUND($D$74,2)&" kg/πάσσαλο × "&ROUND($E$74,2)&" €/kg = "&ROUND($F$74,2)&" €/πάσσαλο" -> 16 σίδερα Φ20 × Μήκος βέργας (10.95m με μάτιση 1m) × 2.466 kg/m = 432.07 kg/πάσσαλο × 1.1 €/kg = 475.28 €/πάσσαλο
A75: 2Γ.1.4β | B75: ↳ Οπλισμός: Σούστα σώματος κάτω από Cut-Off, με +1 (kg ανά 1 πάσσαλο) | C75: kg | D75: =$D$127 -> 92.19691 | E75: ='Τιμές & Έλεγχος'!$D$11 -> 1.1 | F75: =$D$75*$E$75 -> 101.4166 | G75: =$D$125&" σπείρες (με +1) × Περίμετρος ("&ROUND($D$119,3)&"m) × Βάρος Φ"&$D$34&" ("&ROUND($D$126,3)&" kg/m) = "&ROUND($D$75,2)&" kg/πάσσαλο × "&ROUND($E$75,2)&" €/kg = "&ROUND($F$75,2)&" €/πάσσαλο" -> 68 σπείρες (με +1) × Περίμετρος (2.199m) × Βάρος Φ10 (0.617 kg/m) = 92.2 kg/πάσσαλο × 1.1 €/kg = 101.42 €/πάσσαλο
A76: 2Γ.1.4γ | B76: ↳ Οπλισμός: Στεφάνια αναμονής starter πάνω από Cut-Off, χωρίς +1 (kg ανά 1 πάσσαλο) | C76: kg | D76: =$D$129 -> 4.0675107 | E76: ='Τιμές & Έλεγχος'!$D$11 -> 1.1 | F76: =$D$76*$E$76 -> 4.4742618 | G76: =$D$128&" στεφάνια (χωρίς +1) × Περίμετρος ("&ROUND($D$119,3)&"m) × Βάρος Φ"&$D$34&" ("&ROUND($D$126,3)&" kg/m) = "&ROUND($D$76,2)&" kg/πάσσαλο × "&ROUND($E$76,2)&" €/kg = "&ROUND($F$76,2)&" €/πάσσαλο" -> 3 στεφάνια (χωρίς +1) × Περίμετρος (2.199m) × Βάρος Φ10 (0.617 kg/m) = 4.07 kg/πάσσαλο × 1.1 €/kg = 4.47 €/πάσσαλο
A77: 2Γ.1.4 | B77: Χάλυβας οπλισμού B500C — ΣΥΝΟΛΟ ΚΛΩΒΟΥ ΑΝΑ 1 ΠΑΣΣΑΛΟ (4α + 4β + 4γ) | C77: kg | D77: =$D$131 -> 528.33394 | E77: ='Τιμές & Έλεγχος'!$D$11 -> 1.1 | F77: =$D$77*$E$77 -> 581.16734 | G77: ="Σύνολο σιδήρου/πάσσαλο = Κάθετα ("&ROUND($D$124,2)&" kg) + Σούστα ("&ROUND($D$127,2)&" kg) + Στεφάνια ("&ROUND($D$129,2)&" kg) = "&ROUND($D$77,2)&" kg/πάσσαλο × "&ROUND($E$77,2)&" €/kg = "&ROUND($F$77,2)&" €/πάσσαλο (× "&$D$23&" πασσ. = "&ROUND($D$23*$F$77,2)&" €)" -> Σύνολο σιδήρου/πάσσαλο = Κάθετα (432.07 kg) + Σούστα (92.2 kg) + Στεφάνια (4.07 kg) = 528.33 kg/πάσσαλο × 1.1 €/kg = 581.17 €/πάσσαλο (× 15 πασσ. = 8717.51 €)
A78: 2Γ.1.5 | B78: ="Sleeves προστασίας αναμονών starter (Sleeve Φ32 για Φ"&$D$29&" — τεμ. ανά 1 πάσσαλο)" -> Sleeves προστασίας αναμονών starter (Sleeve Φ32 για Φ20 — τεμ. ανά 1 πάσσαλο) | C78: τεμ. | D78: =$D$132 -> 0 | E78: ='Τιμές & Έλεγχος'!$D$27 -> 3 | F78: =$D$78*$E$78 -> 0 | G78: ="((Κόστος αγοράς + Κόστος τοποθέτησης) × Profit, Waste, Overhead) = "&ROUND('Τιμές & Έλεγχος'!$D$26,2)&" € → Στρογγυλεμένο = "&ROUND($E$78,2)&" €/τεμ. × "&$D$78&" τεμ./πάσσαλο = "&ROUND($F$78,2)&" €/πάσσαλο (× "&$D$23&" πασσ. = "&ROUND($D$23*$F$78,2)&" €)" -> ((Κόστος αγοράς + Κόστος τοποθέτησης) × Profit, Waste, Overhead) = 2.87 € → Στρογγυλεμένο = 3 €/τεμ. × 0 τεμ./πάσσαλο = 0 €/πάσσαλο (× 15 πασσ. = 0 €)
A79: =IF('Τιμές & Έλεγχος'!$D$36="ΝΑΙ","2Γ.1.6","") -> 2Γ.1.6 | B79: =IF('Τιμές & Έλεγχος'!$D$36="ΝΑΙ","Κεφαλοκοπή πασσάλου / Pile Breaking (τεμ. ανά 1 πάσσαλο)","") -> Κεφαλοκοπή πασσάλου / Pile Breaking (τεμ. ανά 1 πάσσαλο) | C79: =IF('Τιμές & Έλεγχος'!$D$36="ΝΑΙ","τεμ.","") -> τεμ. | D79: =IF('Τιμές & Έλεγχος'!$D$36="ΝΑΙ",$D$133,0) -> 0 | E79: =IF('Τιμές & Έλεγχος'!$D$36="ΝΑΙ",'Τιμές & Έλεγχος'!$D$12,0) -> 150 | F79: =$D$79*$E$79 -> 0 | G79: =IF('Τιμές & Έλεγχος'!$D$36="ΝΑΙ","Κεφαλοκοπή/πάσσαλο = "&$D$79&" τεμ./πάσσαλο × "&ROUND($E$79,2)&" € = "&ROUND($F$79,2)&" €/πάσσαλο (× "&$D$23&" πασσ. = "&ROUND($D$23*$F$79,2)&" €)","") -> Κεφαλοκοπή/πάσσαλο = 0 τεμ./πάσσαλο × 150 € = 0 €/πάσσαλο (× 15 πασσ. = 0 €)
A80: =IF('Τιμές & Έλεγχος'!$D$37="ΝΑΙ",IF('Τιμές & Έλεγχος'!$D$36="ΝΑΙ","2Γ.1.7","2Γ.1.6"),"") -> 2Γ.1.7 | B80: =IF('Τιμές & Έλεγχος'!$D$37="ΝΑΙ","Απομάκρυνση εκσκαπτόμενου χώματος & Λατομικά τέλη (m³ ανά 1 πάσσαλο)","") -> Απομάκρυνση εκσκαπτόμενου χώματος & Λατομικά τέλη (m³ ανά 1 πάσσαλο) | C80: =IF('Τιμές & Έλεγχος'!$D$37="ΝΑΙ","m³","") -> m³ | D80: =IF('Τιμές & Έλεγχος'!$D$37="ΝΑΙ",$D$115,0) -> 5.0265482 | E80: =IF('Τιμές & Έλεγχος'!$D$37="ΝΑΙ",'Τιμές & Έλεγχος'!$D$38,0) -> 15 | F80: =$D$80*$E$80 -> 75.398224 | G80: =IF('Τιμές & Έλεγχος'!$D$37="ΝΑΙ","Όγκος εκσκαφής/πάσσαλο = Εμβαδόν Ø"&$D$24&"mm × Βάθος τρυπήματος ("&ROUND($D$114,2)&"m) = "&ROUND($D$80,2)&" m³/πάσσαλο × "&ROUND($E$80,2)&" €/m³ = "&ROUND($F$80,2)&" €/πάσσαλο (× "&$D$23&" πασσ. = "&ROUND($D$23*$F$80,2)&" €)","") -> Όγκος εκσκαφής/πάσσαλο = Εμβαδόν Ø800mm × Βάθος τρυπήματος (10m) = 5.03 m³/πάσσαλο × 15 €/m³ = 75.4 €/πάσσαλο (× 15 πασσ. = 1130.97 €)
A81: ΣΥΝΟΛΙΚΟ ΚΟΣΤΟΣ ΓΙΑ 1 ΠΑΣΣΑΛΟ ΤΥΠΟΥ 1 (Πάσσαλοι ΠΣ Ø800mm (Κοιτόστρωση Υπογείου)) — ΧΩΡΙΣ Φ.Π.Α.: | F81: =$F$71+$F$72+$F$73+$F$77+$F$78+$F$79+$F$80 -> 2505.0414 | G81: ="Κόστος για 1 πάσσαλο Τύπου 1 = "&ROUND($F$81,2)&" €/πάσσαλο" -> Κόστος για 1 πάσσαλο Τύπου 1 = 2505.04 €/πάσσαλο
A82: ΣΥΝΟΛΙΚΟ ΚΟΣΤΟΣ ΟΜΑΔΑΣ 1 (15 ΠΑΣΣΑΛΟΙ × ΚΟΣΤΟΣ 1 ΠΑΣΣΑΛΟΥ): | F82: =$D$23*$F$81 -> 37575.62 | G82: =$D$23&" πάσσαλοι × "&ROUND($F$81,2)&" €/πάσσαλο = "&ROUND($F$82,2)&" €" -> 15 πάσσαλοι × 2505.04 €/πάσσαλο = 37575.62 €
A83: ΤΥΠΟΣ ΠΑΣΣΑΛΟΥ 2: Πάσσαλοι ΠΣ1 Ø600mm (Περίφραξη / Περιμετρικά Τοιχεία) — Κωδικοί: ΠΣ1 #1 έως ΠΣ1 #20 (ανά ~5m στην περίφραξη ΤΠ1/ΤΠ2/ΤΑ4) (Πλήθος Ομάδας: 20 πασσ.) — ΠΟΣΟΤΗΤΑ & ΚΟΣΤΟΣ ΑΝΑ 1 ΠΑΣΣΑΛΟ
A84: Κωδ. | B84: Πράξη / Εργασία (Ανά 1 Πάσσαλο Τύπου 2) | C84: Μονάδα | D84: Ποσότητα ανά 1 Πάσσαλο | E84: Τιμή Μονάδας (€) [Από «Τιμές & Έλεγχος»] | F84: Κόστος ανά 1 Πάσσαλο (€) | G84: Ανθρώπινη Επεξήγηση για 1 Πάσσαλο & Σύνολο Ομάδας (20 πασσ.) — 100% Δυναμική
A85: 2Γ.2.1 | B85: Μετακινήσεις γεωτρύπανου & Συνοδεία Αστυνομίας (επιμερισμός σε 1 πάσσαλο) | C85: πάσσαλο | D85: =1 -> 1 | E85: =$D$15 -> 34.971429 | F85: =$D$85*$E$85 -> 34.971429 | G85: ="1 πάσσαλος × Επιμερισμένη μετακίνηση ("&ROUND($D$15,2)&" €) = "&ROUND($F$85,2)&" €/πάσσαλο (× "&$E$23&" πασσ. ομάδας = "&ROUND($E$23*$F$85,2)&" €)" -> 1 πάσσαλος × Επιμερισμένη μετακίνηση (34.97 €) = 34.97 €/πάσσαλο (× 20 πασσ. ομάδας = 699.43 €)
A86: 2Γ.2.2 | B86: Εκσκαφή / Διάτρηση πασσάλου Ø600mm (μέτρα ανά 1 πάσσαλο) | C86: m | D86: =$E$114 -> 5 | E86: ='Τιμές & Έλεγχος'!$D$10 -> 90 | F86: =$D$86*$E$86 -> 450 | G86: ="Μέτρα τρυπήματος/πάσσαλο = Ύψος πασσάλου ("&ROUND($E$25,3)&"m) + Κενό τρύπημα ("&ROUND($E$112,3)&"m) = "&ROUND($D$86,2)&" m/πάσσαλο × "&ROUND($E$86,2)&" €/m = "&ROUND($F$86,2)&" €/πάσσαλο (× "&$E$23&" πασσ. = "&ROUND($E$23*$F$86,2)&" €)" -> Μέτρα τρυπήματος/πάσσαλο = Ύψος πασσάλου (5m) + Κενό τρύπημα (0m) = 5 m/πάσσαλο × 90 €/m = 450 €/πάσσαλο (× 20 πασσ. = 9000 €)
A87: 2Γ.2.3 | B87: ="Σκυρόδεμα πασσάλου "&$D$18&" με +"&ROUND($D$101*100,0)&"% απώλεια (m³ ανά 1 πάσσαλο)" -> Σκυρόδεμα πασσάλου C25/30 με +10% απώλεια (m³ ανά 1 πάσσαλο) | C87: m³ | D87: =$E$117 -> 1.5550884 | E87: ='Τιμές & Έλεγχος'!$D$22 -> 120 | F87: =$D$87*$E$87 -> 186.6106 | G87: ="Κυβικά κουγκριού/πάσσαλο = Εμβαδόν Ø"&$E$24&"mm × [Ύψος ("&ROUND($E$25,3)&"m) + Υπερκάλυψη ("&ROUND($E$113,2)&"m) = "&ROUND($E$116,3)&"m] × 1.10 = "&ROUND($D$87,3)&" m³/πάσσαλο × "&ROUND($E$87,0)&" €/m³ = "&ROUND($F$87,2)&" €/πάσσαλο (× "&$E$23&" πασσ. = "&ROUND($E$23*$F$87,2)&" €)" -> Κυβικά κουγκριού/πάσσαλο = Εμβαδόν Ø600mm × [Ύψος (5m) + Υπερκάλυψη (0m) = 5m] × 1.10 = 1.555 m³/πάσσαλο × 120 €/m³ = 186.61 €/πάσσαλο (× 20 πασσ. = 3732.21 €)
A88: 2Γ.2.4α | B88: ↳ Οπλισμός: Κάθετα σίδερα κλωβού (kg ανά 1 πάσσαλο) | C88: kg | D88: =$E$124 -> 146.73594 | E88: ='Τιμές & Έλεγχος'!$D$11 -> 1.1 | F88: =$D$88*$E$88 -> 161.40953 | G88: =$E$28&" σίδερα Φ"&$E$29&" × Μήκος βέργας ("&ROUND($E$122,3)&"m με μάτιση "&ROUND($E$33,2)&"m) × "&ROUND($E$123,3)&" kg/m = "&ROUND($D$88,2)&" kg/πάσσαλο × "&ROUND($E$88,2)&" €/kg = "&ROUND($F$88,2)&" €/πάσσαλο" -> 10 σίδερα Φ20 × Μήκος βέργας (5.95m με μάτιση 1m) × 2.466 kg/m = 146.74 kg/πάσσαλο × 1.1 €/kg = 161.41 €/πάσσαλο
A89: 2Γ.2.4β | B89: ↳ Οπλισμός: Σούστα σώματος κάτω από Cut-Off, με +1 (kg ανά 1 πάσσαλο) | C89: kg | D89: =$E$127 -> 33.895923 | E89: ='Τιμές & Έλεγχος'!$D$11 -> 1.1 | F89: =$D$89*$E$89 -> 37.285515 | G89: =$E$125&" σπείρες (με +1) × Περίμετρος ("&ROUND($E$119,3)&"m) × Βάρος Φ"&$E$34&" ("&ROUND($E$126,3)&" kg/m) = "&ROUND($D$89,2)&" kg/πάσσαλο × "&ROUND($E$89,2)&" €/kg = "&ROUND($F$89,2)&" €/πάσσαλο" -> 35 σπείρες (με +1) × Περίμετρος (1.571m) × Βάρος Φ10 (0.617 kg/m) = 33.9 kg/πάσσαλο × 1.1 €/kg = 37.29 €/πάσσαλο
A90: 2Γ.2.4γ | B90: ↳ Οπλισμός: Στεφάνια αναμονής starter πάνω από Cut-Off, χωρίς +1 (kg ανά 1 πάσσαλο) | C90: kg | D90: =$E$129 -> 2.9053648 | E90: ='Τιμές & Έλεγχος'!$D$11 -> 1.1 | F90: =$D$90*$E$90 -> 3.1959013 | G90: =$E$128&" στεφάνια (χωρίς +1) × Περίμετρος ("&ROUND($E$119,3)&"m) × Βάρος Φ"&$E$34&" ("&ROUND($E$126,3)&" kg/m) = "&ROUND($D$90,2)&" kg/πάσσαλο × "&ROUND($E$90,2)&" €/kg = "&ROUND($F$90,2)&" €/πάσσαλο" -> 3 στεφάνια (χωρίς +1) × Περίμετρος (1.571m) × Βάρος Φ10 (0.617 kg/m) = 2.91 kg/πάσσαλο × 1.1 €/kg = 3.2 €/πάσσαλο
A91: 2Γ.2.4 | B91: Χάλυβας οπλισμού B500C — ΣΥΝΟΛΟ ΚΛΩΒΟΥ ΑΝΑ 1 ΠΑΣΣΑΛΟ (4α + 4β + 4γ) | C91: kg | D91: =$E$131 -> 183.53723 | E91: ='Τιμές & Έλεγχος'!$D$11 -> 1.1 | F91: =$D$91*$E$91 -> 201.89095 | G91: ="Σύνολο σιδήρου/πάσσαλο = Κάθετα ("&ROUND($E$124,2)&" kg) + Σούστα ("&ROUND($E$127,2)&" kg) + Στεφάνια ("&ROUND($E$129,2)&" kg) = "&ROUND($D$91,2)&" kg/πάσσαλο × "&ROUND($E$91,2)&" €/kg = "&ROUND($F$91,2)&" €/πάσσαλο (× "&$E$23&" πασσ. = "&ROUND($E$23*$F$91,2)&" €)" -> Σύνολο σιδήρου/πάσσαλο = Κάθετα (146.74 kg) + Σούστα (33.9 kg) + Στεφάνια (2.91 kg) = 183.54 kg/πάσσαλο × 1.1 €/kg = 201.89 €/πάσσαλο (× 20 πασσ. = 4037.82 €)
A92: 2Γ.2.5 | B92: ="Sleeves προστασίας αναμονών starter (Sleeve Φ32 για Φ"&$E$29&" — τεμ. ανά 1 πάσσαλο)" -> Sleeves προστασίας αναμονών starter (Sleeve Φ32 για Φ20 — τεμ. ανά 1 πάσσαλο) | C92: τεμ. | D92: =$E$132 -> 0 | E92: ='Τιμές & Έλεγχος'!$D$27 -> 3 | F92: =$D$92*$E$92 -> 0 | G92: ="((Κόστος αγοράς + Κόστος τοποθέτησης) × Profit, Waste, Overhead) = "&ROUND('Τιμές & Έλεγχος'!$D$26,2)&" € → Στρογγυλεμένο = "&ROUND($E$92,2)&" €/τεμ. × "&$D$92&" τεμ./πάσσαλο = "&ROUND($F$92,2)&" €/πάσσαλο (× "&$E$23&" πασσ. = "&ROUND($E$23*$F$92,2)&" €)" -> ((Κόστος αγοράς + Κόστος τοποθέτησης) × Profit, Waste, Overhead) = 2.87 € → Στρογγυλεμένο = 3 €/τεμ. × 0 τεμ./πάσσαλο = 0 €/πάσσαλο (× 20 πασσ. = 0 €)
A93: =IF('Τιμές & Έλεγχος'!$D$36="ΝΑΙ","2Γ.2.6","") -> 2Γ.2.6 | B93: =IF('Τιμές & Έλεγχος'!$D$36="ΝΑΙ","Κεφαλοκοπή πασσάλου / Pile Breaking (τεμ. ανά 1 πάσσαλο)","") -> Κεφαλοκοπή πασσάλου / Pile Breaking (τεμ. ανά 1 πάσσαλο) | C93: =IF('Τιμές & Έλεγχος'!$D$36="ΝΑΙ","τεμ.","") -> τεμ. | D93: =IF('Τιμές & Έλεγχος'!$D$36="ΝΑΙ",$E$133,0) -> 0 | E93: =IF('Τιμές & Έλεγχος'!$D$36="ΝΑΙ",'Τιμές & Έλεγχος'!$D$12,0) -> 150 | F93: =$D$93*$E$93 -> 0 | G93: =IF('Τιμές & Έλεγχος'!$D$36="ΝΑΙ","Κεφαλοκοπή/πάσσαλο = "&$D$93&" τεμ./πάσσαλο × "&ROUND($E$93,2)&" € = "&ROUND($F$93,2)&" €/πάσσαλο (× "&$E$23&" πασσ. = "&ROUND($E$23*$F$93,2)&" €)","") -> Κεφαλοκοπή/πάσσαλο = 0 τεμ./πάσσαλο × 150 € = 0 €/πάσσαλο (× 20 πασσ. = 0 €)
A94: =IF('Τιμές & Έλεγχος'!$D$37="ΝΑΙ",IF('Τιμές & Έλεγχος'!$D$36="ΝΑΙ","2Γ.2.7","2Γ.2.6"),"") -> 2Γ.2.7 | B94: =IF('Τιμές & Έλεγχος'!$D$37="ΝΑΙ","Απομάκρυνση εκσκαπτόμενου χώματος & Λατομικά τέλη (m³ ανά 1 πάσσαλο)","") -> Απομάκρυνση εκσκαπτόμενου χώματος & Λατομικά τέλη (m³ ανά 1 πάσσαλο) | C94: =IF('Τιμές & Έλεγχος'!$D$37="ΝΑΙ","m³","") -> m³ | D94: =IF('Τιμές & Έλεγχος'!$D$37="ΝΑΙ",$E$115,0) -> 1.4137167 | E94: =IF('Τιμές & Έλεγχος'!$D$37="ΝΑΙ",'Τιμές & Έλεγχος'!$D$38,0) -> 15 | F94: =$D$94*$E$94 -> 21.20575 | G94: =IF('Τιμές & Έλεγχος'!$D$37="ΝΑΙ","Όγκος εκσκαφής/πάσσαλο = Εμβαδόν Ø"&$E$24&"mm × Βάθος τρυπήματος ("&ROUND($E$114,2)&"m) = "&ROUND($D$94,2)&" m³/πάσσαλο × "&ROUND($E$94,2)&" €/m³ = "&ROUND($F$94,2)&" €/πάσσαλο (× "&$E$23&" πασσ. = "&ROUND($E$23*$F$94,2)&" €)","") -> Όγκος εκσκαφής/πάσσαλο = Εμβαδόν Ø600mm × Βάθος τρυπήματος (5m) = 1.41 m³/πάσσαλο × 15 €/m³ = 21.21 €/πάσσαλο (× 20 πασσ. = 424.12 €)
A95: ΣΥΝΟΛΙΚΟ ΚΟΣΤΟΣ ΓΙΑ 1 ΠΑΣΣΑΛΟ ΤΥΠΟΥ 2 (Πάσσαλοι ΠΣ1 Ø600mm (Περίφραξη / Περιμετρικά Τοιχεία)) — ΧΩΡΙΣ Φ.Π.Α.: | F95: =$F$85+$F$86+$F$87+$F$91+$F$92+$F$93+$F$94 -> 894.67873 | G95: ="Κόστος για 1 πάσσαλο Τύπου 2 = "&ROUND($F$95,2)&" €/πάσσαλο" -> Κόστος για 1 πάσσαλο Τύπου 2 = 894.68 €/πάσσαλο
A96: ΣΥΝΟΛΙΚΟ ΚΟΣΤΟΣ ΟΜΑΔΑΣ 2 (20 ΠΑΣΣΑΛΟΙ × ΚΟΣΤΟΣ 1 ΠΑΣΣΑΛΟΥ): | F96: =$E$23*$F$95 -> 17893.575 | G96: =$E$23&" πάσσαλοι × "&ROUND($F$95,2)&" €/πάσσαλο = "&ROUND($F$96,2)&" €" -> 20 πάσσαλοι × 894.68 €/πάσσαλο = 17893.57 €
A97: ΓΕΝΙΚΟ ΣΥΝΟΛΟ ΕΡΓΟΥ ΑΠΟ ΑΘΡΟΙΣΜΑ ΤΥΠΩΝ ΠΑΣΣΑΛΩΝ (2Γ = 2Β = ΦΥΛΛΟ 1): | F97: =$F$82+$F$96 -> 55469.195 | G97: ="Επαλήθευση: Άθροισμα ομάδων 2Γ ("&ROUND($F$97,2)&" €) = Γενικό Σύνολο Προσφοράς ("&ROUND('Οικονομική Προσφορά'!$F$16,2)&" €)" -> Επαλήθευση: Άθροισμα ομάδων 2Γ (55469.19 €) = Γενικό Σύνολο Προσφοράς (55469.19 €)
A99: 3. ΣΤΑΘΕΡΕΣ ΤΕΧΝΙΚΕΣ ΠΑΡΑΔΟΧΕΣ (αριθμοί στη Στήλη D)
A100: Κωδ. | B100: Παραδοχή | C100: Μονάδα | D100: Τιμή | G100: Προέλευση
A101: 3.1 | B101: Συντελεστής απώλειας σκυροδέματος | C101: % | D101: 0.1 | G101: Τιμοκατάλογος (γρ. 27)
A102: 3.2 | B102: Πυκνότητα χάλυβα ρ (kg/m³) | C102: - | D102: 7850 | G102: Τιμοκατάλογος (γρ. 26)
A103: 3.3 | B103: Μέγιστο εμπορικό μήκος βέργας | C103: m | D103: 12 | G103: Τιμοκατάλογος (γρ. 29)
A104: 3.4 | B104: Συντελεστής μάτισης (× Φ, αν δεν δίνεται στο σχέδιο) | C104: - | D104: 50 | G104: Τιμοκατάλογος (γρ. 30)
A105: 3.5 | B105: Μέγιστο ύψος υπερκάλυψης σκυροδέματος | C105: m | D105: 2 | G105: Τιμοκατάλογος (γρ. 31)
...

Sheet Τιμές & Έλεγχος
A1: ΘΕΜΕΛΙΟΤΕΧΝΙΚΗ ΛΤΔ — ΚΕΝΤΡΙΚΟΣ ΠΙΝΑΚΑΣ ΤΙΜΩΝ, ΚΟΥΜΠΙΩΝ (ΝΑΙ/ΟΧΙ) & ΕΛΕΓΧΟΥ ΕΡΓΟΥ | Z1: ΝΑΙ
A2: Όλες οι τιμές μονάδας, τα κουτάκια σκυροδέματος/sleeve (άτομα, λεπτά, εργατοώρα, τέλλα) και τα κουμπιά ΝΑΙ/ΟΧΙ ορίζονται ΕΔΩ και ενημερώνουν αυτόματα όλα τα φύλλα και όλες τις σημειώσεις! | Z2: ΟΧΙ
A4: Α. ΚΥΡΙΕΣ ΤΙΜΕΣ ΜΟΝΑΔΑΣ & ΜΕΤΑΚΙΝΗΣΕΙΣ (ΚΙΤΡΙΝΟ = ΑΛΛΑΖΕΙΣ ΕΔΩ)
A5: Κωδ. | B5: Περιγραφή Τιμής / Παραμέτρου | C5: Μονάδα | D5: Τιμή [ΑΛΛΑΖΕΙΣ ΕΔΩ] | E5: Προέλευση | F5: Πού Εφαρμόζεται (100% Δυναμική Σημείωση)
A6: Τ.1 | B6: Χιλιόμετρα εκτός Λεμεσού για επιβάρυνση ζωνών +200€/10km (0 km αν το έργο είναι μέσα στη Λεμεσό) | C6: km | D6: 0 | E6: Έργο στην Παρεκκλησιά (Εντός επαρχίας Λεμεσού — 0 km εκτός Λεμεσού για τις ζώνες +200€/10km) | F6: ="Υπολογίζει αυτόματα τις ζώνες των "&ROUND('Τεχνικοί Υπολογισμοί'!$D$8,0)&" km εκτός Λεμεσού ("&'Τεχνικοί Υπολογισμοί'!$D$9&" × "&ROUND($D$8,2)&" € = "&ROUND('Τεχνικοί Υπολογισμοί'!$D$9*$D$8,2)&" €)" -> Υπολογίζει αυτόματα τις ζώνες των 10 km εκτός Λεμεσού (0 × 200 € = 0 €)
A7: Τ.2 | B7: Μετακίνηση γεωτρύπανου — Βασική τιμή (Μέσα στη Λεμεσό) | C7: € | D7: 1000 | E7: Τιμοκατάλογος (γρ. 5) | F7: ="Βασική χρέωση "&ROUND($D$7,2)&" € εντός Λεμεσού → Φύλλο 1 (Γρ. 1) & Φύλλο 2 (1.1.4, 2Β.1 & 2Γ)" -> Βασική χρέωση 1000 € εντός Λεμεσού → Φύλλο 1 (Γρ. 1) & Φύλλο 2 (1.1.4, 2Β.1 & 2Γ)
A8: Τ.3 | B8: ="Μετακίνηση γεωτρύπανου — Επιβάρυνση ανά "&ROUND('Τεχνικοί Υπολογισμοί'!$D$8,0)&" km εκτός Λεμεσού (+"&ROUND($D$8,0)&" €/"&ROUND('Τεχνικοί Υπολογισμοί'!$D$8,0)&"km)" -> Μετακίνηση γεωτρύπανου — Επιβάρυνση ανά 10 km εκτός Λεμεσού (+200 €/10km) | C8: € | D8: 200 | E8: Τιμοκατάλογος (γρ. 6) | F8: ="+"&ROUND($D$8,2)&" € ανά "&ROUND('Τεχνικοί Υπολογισμοί'!$D$8,0)&" km εκτός Λεμεσού → Φύλλο 1 (Γρ. 1) & Φύλλο 2 (1.1.5, 2Β.1 & 2Γ)" -> +200 € ανά 10 km εκτός Λεμεσού → Φύλλο 1 (Γρ. 1) & Φύλλο 2 (1.1.5, 2Β.1 & 2Γ)
A9: Τ.4.1 | B9: Τρύπημα / Διάτρηση Πασσάλων Ø800mm | C9: € | D9: 115 | E9: Τιμοκατάλογος (γρ. 11) | F9: ="Τιμή διάτρησης Ø800mm = "&ROUND($D$9,2)&" €/m → Φύλλο 1 (Γρ. 2) & Φύλλο 2 (2Β.2 & 2Γ)" -> Τιμή διάτρησης Ø800mm = 115 €/m → Φύλλο 1 (Γρ. 2) & Φύλλο 2 (2Β.2 & 2Γ)
A10: Τ.4.2 | B10: Τρύπημα / Διάτρηση Πασσάλων Ø600mm | C10: € | D10: 90 | E10: Τιμοκατάλογος (γρ. 9) | F10: ="Τιμή διάτρησης Ø600mm = "&ROUND($D$10,2)&" €/m → Φύλλο 1 (Γρ. 2) & Φύλλο 2 (2Β.2 & 2Γ)" -> Τιμή διάτρησης Ø600mm = 90 €/m → Φύλλο 1 (Γρ. 2) & Φύλλο 2 (2Β.2 & 2Γ)
A11: Τ.5 | B11: Χάλυβας οπλισμού B500C (Κάθετα σίδερα & Σούστα) — Τιμή κιλού | C11: € | D11: 1.1 | E11: Τιμοκατάλογος (γρ. 19) | F11: ="Τιμή σιδήρου = "&ROUND($D$11,2)&" €/kg → Φύλλο 1 (Γρ. 4) & Φύλλο 2 (2Β.4 & 2Γ)" -> Τιμή σιδήρου = 1.1 €/kg → Φύλλο 1 (Γρ. 4) & Φύλλο 2 (2Β.4 & 2Γ)
A12: Τ.6 | B12: Κεφαλοκοπή πασσάλων (Pile Breaking) — Τιμή τεμαχίου | C12: € | D12: 150 | E12: Τιμοκατάλογος (γρ. 23) | F12: ="Τιμή κεφαλοκοπής = "&ROUND($D$12,2)&" €/πάσσαλο (Κουμπί Τ.Ε.1 = "&$D$36&") → Φύλλο 1 (Γρ. 6) & Φύλλο 2 (2Β.6 & 2Γ)" -> Τιμή κεφαλοκοπής = 150 €/πάσσαλο (Κουμπί Τ.Ε.1 = ΝΑΙ) → Φύλλο 1 (Γρ. 6) & Φύλλο 2 (2Β.6 & 2Γ)
A14: Β. ΥΠΟΛΟΓΙΣΜΟΣ ΤΙΜΗΣ ΚΑΝΟΝΙΚΟΥ ΣΚΥΡΟΔΕΜΑΤΟΣ (C25/30) — ΚΟΥΤΑΚΙΑ ΜΗΧΑΝΙΚΟΥ
A15: Κωδ. | B15: Παράμετρος Κόστους Σκυροδέτησης | C15: Μονάδα | D15: Τιμή / Κουτάκι | E15: Προέλευση / Τύπος | F15: Δυναμική Επεξήγηση
A16: Τ.Β.1 | B16: Τιμή αγοράς σκυροδέματος (C25/30) από προμηθευτή [ΚΟΥΤΑΚΙ ΜΗΧΑΝΙΚΟΥ] | C16: € | D16: 105 | E16: Τιμοκατάλογος (γρ. 16) | F16: ="Τιμή αγοράς κουγκριού από προμηθευτή = "&ROUND($D$16,2)&" €/m³" -> Τιμή αγοράς κουγκριού από προμηθευτή = 105 €/m³
A17: Τ.Β.2 | B17: Κόστος τοποθέτησης σκυροδέματος (σταθερό ανά κυβικό) | C17: € | D17: 15 | E17: Τιμοκατάλογος (γρ. 18) | F17: ="Σταθερή χρέωση τοποθέτησης = +"&ROUND($D$17,2)&" €/m³ από τον Τιμοκατάλογο Εταιρείας" -> Σταθερή χρέωση τοποθέτησης = +15 €/m³ από τον Τιμοκατάλογο Εταιρείας
A18: Τ.Β.3 | B18: Κόστος στησίματος αντλίας (πρέσας) ανά στήσιμο [ΚΟΥΤΑΚΙ ΜΗΧΑΝΙΚΟΥ] | C18: € | D18: 0 | E18: Κουτάκι Μηχανικού (Κόστος στησίματος αντλίας) | F18: ="Κόστος στησίματος αντλίας = "&ROUND($D$18,2)&" €/στήσιμο" -> Κόστος στησίματος αντλίας = 0 €/στήσιμο
A19: Τ.Β.4 | B19: Πόσες τρύπες (πασσάλους) θα κάνει η αντλία ανά στήσιμο [ΚΟΥΤΑΚΙ ΜΗΧΑΝΙΚΟΥ] | C19: τρύπες | D19: 6 | E19: Κουτάκι Μηχανικού (Τρύπες/πασσάλους ανά στήσιμο αντλίας) | F19: ="Η αντλία σκυροδετεί "&ROUND($D$19,0)&" πασσάλους ανά στήσιμο" -> Η αντλία σκυροδετεί 6 πασσάλους ανά στήσιμο
A20: Τ.Β.5 | B20: Κυβικά κουγκριού που αντλεί η αντλία ανά στήσιμο (Τρύπες × m³/τρύπα) | C20: m³ | D20: =$D$19*('Τεχνικοί Υπολογισμοί'!$D$47/'Τεχνικοί Υπολογισμοί'!$D$14) -> 19.549682 | E20: ="Αυτόματος τύπος: "&ROUND($D$19,0)&" τρύπες × "&ROUND('Τεχνικοί Υπολογισμοί'!$D$47/'Τεχνικοί Υπολογισμοί'!$D$14,3)&" m³/τρύπα" -> Αυτόματος τύπος: 6 τρύπες × 3.258 m³/τρύπα | F20: ="Κυβικά ανά στήσιμο αντλίας = "&ROUND($D$20,2)&" m³" -> Κυβικά ανά στήσιμο αντλίας = 19.55 m³
A21: Τ.Β.6 | B21: Επιβάρυνση στησίματος αντλίας ανά κυβικό (Στήσιμο ÷ m³ ανά στήσιμο) | C21: € | D21: =IF(AND($D$18>0,$D$20>0),$D$18/$D$20,0) -> 0 | E21: ="Αυτόματος τύπος: "&ROUND($D$18,2)&" € ÷ "&ROUND($D$20,2)&" m³" -> Αυτόματος τύπος: 0 € ÷ 19.55 m³ | F21: ="Επιβάρυνση αντλίας = "&ROUND($D$21,2)&" €/m³" -> Επιβάρυνση αντλίας = 0 €/m³
A22: Τ.Β.7 | B22: ΤΕΛΙΚΗ ΤΙΜΗ ΣΚΥΡΟΔΕΤΗΣΗΣ (C25/30) ΑΝΑ ΚΥΒΙΚΟ [ΣΤΡΟΓΓΥΛΟΠΟΙΗΜΕΝΗ ΣΕ ΑΚΕΡΑΙΟ €] | C22: € | D22: =ROUND($D$16+$D$17+$D$21,0) -> 120 | E22: ="ROUND("&ROUND($D$16,2)&" € + "&ROUND($D$17,2)&" € + "&ROUND($D$21,2)&" €, 0) = "&ROUND($D$22,0)&" €/m³" -> ROUND(105 € + 15 € + 0 €, 0) = 120 €/m³ | F22: ="Στρογγυλοποιημένη τελική τιμή ("&ROUND($D$22,0)&" €/m³) — Τροφοδοτεί Φύλλο 1 (Γρ. 3) & Φύλλο 2 (2Β.3 & 2Γ)" -> Στρογγυλοποιημένη τελική τιμή (120 €/m³) — Τροφοδοτεί Φύλλο 1 (Γρ. 3) & Φύλλο 2 (2Β.3 & 2Γ)
A24: Γ. ΚΟΣΤΟΛΟΓΗΣΗ SLEEVE ΕΡΓΟΥ — ΜΟΝΟ ΓΙΑ SLEEVE Φ32 (ΓΙΑ ΚΆΘΕΤΟ ΣΊΔΕΡΟ Φ20 ≤ Φ20)
A25: Κωδ. | B25: Στοιχείο Κόστους Sleeve Έργου | C25: Μονάδα | D25: Τιμή | E25: Προέλευση / Τύπος | F25: Δυναμική Επεξήγηση
A26: Τ.Γ.1 | B26: Τελικό Αποτέλεσμα Sleeve (Sleeve Φ32): ((Κόστος αγοράς + Κόστος τοποθέτησης) × Profit, Waste, Overhead) | C26: € | D26: =((IF('Τεχνικοί Υπολογισμοί'!$D$30+'Τεχνικοί Υπολογισμοί'!$D$31<=0,0,IF('Τεχνικοί Υπολογισμοί'!$D$30+'Τεχνικοί Υπολογισμοί'!$D$31<=3,3/INT(ROUND(3/('Τεχνικοί Υπολογισμοί'!$D$30+'Τεχνικοί Υπολογισμοί'!$D$31),6)),CEILING('Τεχνικοί Υπολογισμοί'!$D$30+'Τεχνικοί Υπολογισμοί'!$D$31,3)))*1.34)+0.8676)*1.3 -> 2.86988 | E26: Από Τιμοκατάλογο Εταιρείας: ((Κόστος αγοράς + Κόστος τοποθέτησης) × Profit, Waste, Overhead) | F26: ="((Κόστος αγοράς + Κόστος τοποθέτησης) × Profit, Waste, Overhead) = "&ROUND($D$26,2)&" €/τεμ." -> ((Κόστος αγοράς + Κόστος τοποθέτησης) × Profit, Waste, Overhead) = 2.87 €/τεμ.
A27: Τ.Γ.2 | B27: ΣΤΡΟΓΓΥΛΕΜΕΝΟ ΤΕΛΙΚΟ ΑΠΟΤΕΛΕΣΜΑ SLEEVE (Sleeve Φ32) [ΣΤΟ ΠΛΗΣΙΕΣΤΕΡΟ 0,50 €] | C27: € | D27: =ROUND($D$26*2,0)/2 -> 3 | E27: ="ROUND("&ROUND($D$26,2)&" × 2, 0) / 2 = "&ROUND($D$27,2)&" €/τεμ." -> ROUND(2.87 × 2, 0) / 2 = 3 €/τεμ. | F27: ="Στρογγυλεμένο τελικό αποτέλεσμα ("&ROUND($D$27,2)&" €/τεμ.) — Τροφοδοτεί Φύλλο 1 (Γρ. 5) & Φύλλο 2 (2Β.5 & 2Γ)" -> Στρογγυλεμένο τελικό αποτέλεσμα (3 €/τεμ.) — Τροφοδοτεί Φύλλο 1 (Γρ. 5) & Φύλλο 2 (2Β.5 & 2Γ)
A29: ="Δ. ΣΥΝΟΔΕΙΑ ΑΣΤΥΝΟΜΙΑΣ ΓΕΩΤΡΥΠΑΝΟΥ ("&ROUND($D$31,2)&" €/km — ΑΠΟ ΣΠΥΡΟΥ ΚΥΠΡΙΑΝΟΥ 32, ΑΓΙΟ ΣΥΛΑ ΕΩΣ ΤΟ ΕΡΓΟ)" -> Δ. ΣΥΝΟΔΕΙΑ ΑΣΤΥΝΟΜΙΑΣ ΓΕΩΤΡΥΠΑΝΟΥ (8 €/km — ΑΠΟ ΣΠΥΡΟΥ ΚΥΠΡΙΑΝΟΥ 32, ΑΓΙΟ ΣΥΛΑ ΕΩΣ ΤΟ ΕΡΓΟ)
A30: Τ.Δ.1 | B30: Χιλιόμετρα Συνοδείας Αστυνομίας (Από Κεντρικά: Σπύρου Κυπριανού 32, Άγιος Συλάς μέχρι το χωριό/έργο — ΚΑΙ εντός ΚΑΙ εκτός Λεμεσού) | C30: km | D30: 28 | E30: Οδική απόσταση 28,0 km από τα Κεντρικά (Σπύρου Κυπριανού 32, Άγιος Συλάς) έως την Παρεκκλησιά (× 8,00 €/km = 224,00 €) | F30: ="Απόσταση από Σπύρου Κυπριανού 32 (Άγιος Συλάς) έως το έργο ("&ROUND($D$30,1)&" km) × "&ROUND($D$31,2)&" €/km = "&ROUND($D$32,2)&" €" -> Απόσταση από Σπύρου Κυπριανού 32 (Άγιος Συλάς) έως το έργο (28 km) × 8 €/km = 224 €
A31: Τ.Δ.2 | B31: ="Κόστος Συνοδείας Αστυνομίας ανά χιλιόμετρο ("&ROUND($D$31,2)&" €/km)" -> Κόστος Συνοδείας Αστυνομίας ανά χιλιόμετρο (8 €/km) | C31: €/km | D31: 8 | E31: Τιμοκατάλογος (γρ. 48) | F31: ="Από Τιμοκατάλογο Εταιρείας (Φύλλο 6): "&ROUND($D$31,2)&" €/km" -> Από Τιμοκατάλογο Εταιρείας (Φύλλο 6): 8 €/km
A32: Τ.Δ.3 | B32: ="Συνολικό Κόστος Συνοδείας Αστυνομίας ("&ROUND($D$30,1)&" km × "&ROUND($D$31,2)&" €/km)" -> Συνολικό Κόστος Συνοδείας Αστυνομίας (28 km × 8 €/km) | C32: € | D32: =$D$30*$D$31 -> 224 | E32: ="Αυτόματος υπολογισμός: "&ROUND($D$30,1)&" km × "&ROUND($D$31,2)&" €/km = "&ROUND($D$32,2)&" €" -> Αυτόματος υπολογισμός: 28 km × 8 €/km = 224 € | F32: Προστίθεται αυτόματα στις Μετακινήσεις (Φύλλο 1 Γρ. 1 & Φύλλο 2 2Β.1 & 2Γ)
A34: Ε. ΚΟΥΜΠΙΑ ΕΠΙΛΟΓΗΣ ΕΡΓΑΣΙΩΝ (ΠΑΤΗΣΕ «ΝΑΙ» Ή «ΟΧΙ») — ΚΕΦΑΛΟΚΟΠΗ & ΑΠΟΜΑΚΡΥΝΣΗ ΧΩΜΑΤΟΣ
A35: Κωδ. | B35: Εργασία / Ερώτηση Ευθύνης (Πάνω μας ή Πάνω τους;) | C35: Μονάδα | D35: ΚΟΥΜΠΙ / ΤΙΜΗ [ΠΑΤΗΣΕ ΕΔΩ] | E35: Προέλευση / Επιλογή | F35: Τι κάνει όταν πατήσεις ΝΑΙ ή ΟΧΙ (100% Δυναμική Σημείωση)
A36: Τ.Ε.1 | B36: ΚΟΥΜΠΙ 1 — Η Κεφαλοκοπή Πασσάλων (Pile Breaking) είναι πάνω μας; [Πάτησε το βελάκι: ΝΑΙ / ΟΧΙ] | C36: ΝΑΙ / ΟΧΙ | D36: ΝΑΙ | E36: Κουμπί Επιλογής Μηχανικού (Dropdown: ΝΑΙ ή ΟΧΙ) | F36: ="Τώρα είναι «"&$D$36&"»: Αν ΝΑΙ → χρεώνεται ("&ROUND($D$12,2)&" €/τεμ.). Αν ΟΧΙ → κρύβεται αυτόματα (0,00 €) σε όλα τα φύλλα!" -> Τώρα είναι «ΝΑΙ»: Αν ΝΑΙ → χρεώνεται (150 €/τεμ.). Αν ΟΧΙ → κρύβεται αυτόματα (0,00 €) σε όλα τα φύλλα!
A37: Τ.Ε.2 | B37: ΚΟΥΜΠΙ 2 — Η Απομάκρυνση Εκσκαπτόμενου Χώματος & Λατομικά Τέλη είναι πάνω μας; [Πάτησε το βελάκι: ΝΑΙ / ΟΧΙ] | C37: ΝΑΙ / ΟΧΙ | D37: ΝΑΙ | E37: Κουμπί Επιλογής Μηχανικού (Dropdown: ΝΑΙ ή ΟΧΙ) | F37: ="Τώρα είναι «"&$D$37&"»: Αν ΝΑΙ → χρεώνεται ("&ROUND($D$39,2)&" m³ × "&ROUND($D$38,2)&" €/m³ = "&ROUND($D$40,2)&" €). Αν ΟΧΙ → κρύβεται αυτόματα (0,00 €)!" -> Τώρα είναι «ΝΑΙ»: Αν ΝΑΙ → χρεώνεται (103.67 m³ × 15 €/m³ = 1555.09 €). Αν ΟΧΙ → κρύβεται αυτόματα (0,00 €)!
A38: Τ.Ε.3 | B38: Τιμή Απομάκρυνσης Εκσκαπτόμενου Χώματος & Λατομικών Τελών (ανά m³ εκσκαφής) | C38: € | D38: 15 | E38: Τιμοκατάλογος (γρ. 49) | F38: ="Πολλαπλασιάζεται με τα κυβικά που σκάβουμε ("&ROUND($D$39,2)&" m³ × "&ROUND($D$38,2)&" €/m³) όταν το Κουμπί 2 (Τ.Ε.2) είναι «ΝΑΙ»" -> Πολλαπλασιάζεται με τα κυβικά που σκάβουμε (103.67 m³ × 15 €/m³) όταν το Κουμπί 2 (Τ.Ε.2) είναι «ΝΑΙ»
A39: Τ.Ε.4 | B39: Συνολικά Κυβικά Εκσκαπτόμενου Χώματος Έργου (V_exc από Τεχνικούς Υπολογισμούς) | C39: m³ | D39: ='Τεχνικοί Υπολογισμοί'!$F$115 -> 103.67256 | E39: Αυτόματος υπολογισμός: Άθροισμα (π × Διάμετρος² / 4 × Βάθος Τρυπήματος) όλων των πασσάλων | F39: ="Συνολικά κυβικά χώματος που βγαίνουν από τις τρύπες = "&ROUND($D$39,2)&" m³" -> Συνολικά κυβικά χώματος που βγαίνουν από τις τρύπες = 103.67 m³
A40: Τ.Ε.5 | B40: Συνολικό Κόστος Απομάκρυνσης Χώματος & Λατομικών Τελών (όταν Κουμπί 2 = ΝΑΙ) | C40: € | D40: =IF($D$37="ΝΑΙ",'Τεχνικοί Υπολογισμοί'!$F$115*$D$38,0) -> 1555.0884 | E40: ="IF(Κουμπί_2 = ΝΑΙ, "&ROUND($D$39,2)&" m³ × "&ROUND($D$38,2)&" €/m³, 0) = "&ROUND($D$40,2)&" €" -> IF(Κουμπί_2 = ΝΑΙ, 103.67 m³ × 15 €/m³, 0) = 1555.09 € | F40: Τροφοδοτεί Φύλλο 1 (Γρ. 7) & Φύλλο 2 (2Β.7 & 2Γ)
A42: ΓΕΝΙΚΟ ΣΥΝΟΛΟ ΠΡΟΣΦΟΡΑΣ (ΧΩΡΙΣ Φ.Π.Α.): | D42: ='Οικονομική Προσφορά'!$F$16 -> 55469.195 | E42: ="Μέσο Κόστος ανά Πάσσαλο: "&ROUND('Οικονομική Προσφορά'!$F$16/'Τεχνικοί Υπολογισμοί'!$D$14,2)&" € ("&'Τεχνικοί Υπολογισμοί'!$D$14&" πάσσαλοι)" -> Μέσο Κόστος ανά Πάσσαλο: 1584.83 € (35 πάσσαλοι)
