Workbook

Sheet 1_Στοιχεία_Μελέτης_&_Ποσότητες
A1: ΕΡΓΟ: BOLTON TOWER (BERLIN WALL & ΑΓΚΥΡΩΣΕΙΣ) — ΣΤΟΙΧΕΙΑ ΜΕΛΕΤΗΣ & ΦΥΣΙΚΕΣ ΠΟΣΟΤΗΤΕΣ ΑΝΑ ΤΥΠΟ ΤΟΙΧΟΥ (ΧΩΡΙΣ ΕΥΡΩ)
A2: ΕΚΔΟΣΗ ΚΑΝΟΝΩΝ v8 | 100% ΔΥΝΑΜΙΚΟΙ ΤΙΤΛΟΙ & ΣΗΜΕΙΩΣΕΙΣ ΣΕ ΚΟΥΤΙΑ (BOXES) ΑΝΑ ΤΥΠΟ ΤΟΙΧΟΥ | [ΚΟΚΚΙΝΟ #FFC7CE] = WPL / Cut-Off Level Εκσκαφής Νεφκών
A4: ΚΕΦΑΛΑΙΟ Α: ΣΤΟΙΧΕΙΑ ΜΕΛΕΤΗΣ (RAW INPUTS) — ΧΩΡΙΣΜΕΝΑ ΣΕ ΚΟΥΤΙΑ ΑΝΑ ΤΥΠΟ ΤΟΙΧΟΥ (100% ΔΥΝΑΜΙΚΗ ΣΥΝΔΕΣΗ)
A5: α/α | B5: ΠΕΡΙΓΡΑΦΗ ΣΤΟΙΧΕΙΟΥ / ΕΡΓΑΣΙΑΣ | C5: ΤΙΜΗ ΜΕΛΕΤΗΣ | D5: ΜΟΝ. | E5: ΠΗΓΗ ΜΕΛΕΤΗΣ (ΣΧΕΔΙΟ) | F5: ΤΕΧΝΙΚΗ ΣΗΜΕΙΩΣΗ / ΕΛΕΓΧΟΣ ΚΑΝΟΝΑ
A6: ΚΟΙΝΑ | B6: ΚΟΥΤΙ Α.0 — ΓΕΝΙΚΑ ΣΤΟΙΧΕΙΑ ΕΡΓΟΥ & ΚΟΙΝΕΣ ΠΡΟΔΙΑΓΡΑΦΕΣ (Εργοτάξιο, Διάτρηση, Λάμες, Γωνιές, Σχάρα, Shotcrete, Αγκυρώσεις)
A7: Κ.1 | B7: Έδρα Εταιρείας (Αφετηρία) | C7: Άγιος Συλάς, Σπύρου Κυπριανού 32, Λεμεσός | D7: - | E7: Βάση Εταιρείας | F7: Σταθερή βάση εκκίνησης συνεργείων & μηχανημάτων
A8: Κ.2 | B8: Τοποθεσία Εργοταξίου & Χιλιομετρική Απόσταση | C8: 12 | D8: km | E8: Σχέδιο ΘΕΜ/1 & ΘΕΜ/6 | F8: ="Λεμεσός (Bolton Tower, " & C8 & " km) — Ζώνη 0-40 km (βασικές τιμές μετακινήσεων)" -> Λεμεσός (Bolton Tower, 12 km) — Ζώνη 0-40 km (βασικές τιμές μετακινήσεων)
A9: Κ.3 | B9: Μέγιστο Πλήθος Οριζόντιων Σειρών Αγκυρώσεων Έργου | C9: 4 | D9: σειρές | E9: Σχέδιο ΘΕΜ/6, Τομές Α, Β, Γ | F9: ="Type A & B: " & C9 & " σειρές αγκυρώσεων | Type C: 3 σειρές αγκυρώσεων" -> Type A & B: 4 σειρές αγκυρώσεων | Type C: 3 σειρές αγκυρώσεων
A10: Κ.4 | B10: Αξονική Απόσταση Πασσάλων (s_c/c) | C10: 1.5 | D10: m | E10: Σχέδιο ΘΕΜ/1 & ΘΕΜ/6 | F10: ="[!!! ΣΥΓΚΡΟΥΣΗ ΜΕΛΕΤΗΣ !!!]: Αναγράφονται 2 διαφορετικοί αριθμοί: @ 2000mm στο κείμενο λεπτομέρειας vs (1500) στη διάσταση CL και 1.50m στις τομές. Επιλέχθηκε ο πιο ασφαλής στατικά αριθμός s = " & TEXT(C10,"0.00") & " m." -> [!!! ΣΥΓΚΡΟΥΣΗ ΜΕΛΕΤΗΣ !!!]: Αναγράφονται 2 διαφορετικοί αριθμοί: @ 2000mm στο κείμενο λεπτομέρειας vs (1500) στη διάσταση CL και 1.50m στις τομές. Επιλέχθηκε ο πιο ασφαλής στατικά αριθμός s = 1.50 m.
A11: Κ.5 | B11: ="Διάμετρος Οπής Διάτρησης Μεγάλου Τρυπανιού (Ø" & (C11*1000) & "mm)" -> Διάμετρος Οπής Διάτρησης Μεγάλου Τρυπανιού (Ø800mm) | C11: 0.8 | D11: m | E11: Κανόνας Εταιρείας | F11: ="[DEFAULT ΕΤΑΙΡΕΙΑΣ]: Δεν αναγράφεται διάμετρος νέφκας στη μελέτη (το D=800 στο ΘΕΜ/1 αφορά υποστυλώματα κτιρίου). Εφαρμόζεται by default Ø" & (C11*1000) & " mm (" & TEXT(C11,"0.00") & " m)." -> [DEFAULT ΕΤΑΙΡΕΙΑΣ]: Δεν αναγράφεται διάμετρος νέφκας στη μελέτη (το D=800 στο ΘΕΜ/1 αφορά υποστυλώματα κτιρίου). Εφαρμόζεται by default Ø800 mm (0.80 m).
A12: Κ.6 | B12: Πλήθος Προφίλ Χάλυβα ανά Πάσσαλο / Οπή | C12: 2 | D12: No/οπή | E12: Σχέδιο ΘΕΜ/6, Λεπτομέρεια | F12: ="Δίδυμο προφίλ (Ζεύγος " & C12 & " No. HEB ανά πάσσαλο)" -> Δίδυμο προφίλ (Ζεύγος 2 No. HEB ανά πάσσαλο)
A13: Κ.7 | B13: Θεωρητικό Βάρος Διατομής HEB 220 (για Type A) | C13: 71.5 | D13: kg/m | E13: Βιβλιοθήκη Διατομών (Φύλλο 3) | F13: ="=" & TEXT(C13,"0.0") & " kg/m ανά HEB 220 (" & TEXT(C13*C12,"0.0") & " kg/m ανά ζεύγος)" -> =71.5 kg/m ανά HEB 220 (143.0 kg/m ανά ζεύγος)
A14: Κ.8 | B14: Θεωρητικό Βάρος Διατομής HEB 200 (για Type B & Type C) | C14: 61.3 | D14: kg/m | E14: Βιβλιοθήκη Διατομών (Φύλλο 3) | F14: ="=" & TEXT(C14,"0.0") & " kg/m ανά HEB 200 (" & TEXT(C14*C12,"0.0") & " kg/m ανά ζεύγος)" -> =61.3 kg/m ανά HEB 200 (122.6 kg/m ανά ζεύγος)
A15: Κ.9 | B15: Κατακόρυφο Βήμα Λαμών Σύνδεσης (s_plate) | C15: 1 | D15: m | E15: Σχέδιο ΘΕΜ/6, Λεπτομέρεια | F15: ="Λάμες " & C16 & "x" & C17 & "x" & C18 & "mm ανά " & (C15*1000) & "mm (" & TEXT(C15,"0.00") & "m) καθ' ύψος (Κανόνας L_beam / s_plate)" -> Λάμες 200x200x10mm ανά 1000mm (1.00m) καθ' ύψος (Κανόνας L_beam / s_plate)
A16: Κ.10α | B16: Πλάτος Λάμας Σύνδεσης (b_plate) | C16: 200 | D16: mm | E16: Σχέδιο ΘΕΜ/6, Λεπτομέρεια | F16: ="Πλάτος λάμας σύνδεσης = " & C16 & " mm (" & TEXT(C16/1000,"0.00") & " m)" -> Πλάτος λάμας σύνδεσης = 200 mm (0.20 m)
A17: Κ.10β | B17: Μήκος / Ύψος Λάμας Σύνδεσης (h_plate) | C17: 200 | D17: mm | E17: Σχέδιο ΘΕΜ/6, Λεπτομέρεια | F17: ="Μήκος λάμας σύνδεσης = " & C17 & " mm (" & TEXT(C17/1000,"0.00") & " m)" -> Μήκος λάμας σύνδεσης = 200 mm (0.20 m)
A18: Κ.10γ | B18: Πάχος Λάμας Σύνδεσης (t_plate) | C18: 10 | D18: mm | E18: Σχέδιο ΘΕΜ/6, Λεπτομέρεια | F18: ="Πάχος λάμας σύνδεσης = " & C18 & " mm (" & TEXT(C18/1000,"0.000") & " m)" -> Πάχος λάμας σύνδεσης = 10 mm (0.010 m)
A19: Κ.10 | B19: ="Βάρος 1 Λάμας Σύνδεσης (" & C16 & "x" & C17 & "x" & C18 & " mm)" -> Βάρος 1 Λάμας Σύνδεσης (200x200x10 mm) | C19: =(C16/1000)*(C17/1000)*(C18/1000)*7850 -> 3.14 | D19: kg/τεμ | E19: ="Τύπος: (" & C16 & "/1000)×(" & C17 & "/1000)×(" & C18 & "/1000)×7850" -> Τύπος: (200/1000)×(200/1000)×(10/1000)×7850 | F19: ="=" & TEXT(C16/1000,"0.00") & "m × " & TEXT(C17/1000,"0.00") & "m × " & TEXT(C18/1000,"0.000") & "m × 7,850 kg/m³ = " & TEXT(C19,"0.000") & " kg/τεμ (Αλλάζοντας τα C16:C18 ενημερώνονται αυτόματα τίτλοι & σημειώσεις)" -> =0.20m × 0.20m × 0.010m × 7,850 kg/m³ = 3.140 kg/τεμ (Αλλάζοντας τα C16:C18 ενημερώνονται αυτόματα τίτλοι & σημειώσεις)
A20: Κ.11 | B20: Γωνιές Στήριξης Σχάρας L 70x70x6mm (2 τεμ. ανά πάσσαλο) | C20: 6.38 | D20: kg/m | E20: Σχέδιο ΘΕΜ/6 & Φύλλο 3 | F20: ="Γωνιές 70x70x6mm (" & TEXT(C20,"0.00") & " kg/m × 2 γωνιές καθ' ύψος εκσκαφής H_exc)" -> Γωνιές 70x70x6mm (6.38 kg/m × 2 γωνιές καθ' ύψος εκσκαφής H_exc)
A21: Κ.12 | B21: ="Διάμετρος Ράβδων Σχάρας Οριζόντιων & Κατακόρυφων (#Y" & C21 & "/" & C22 & ")" -> Διάμετρος Ράβδων Σχάρας Οριζόντιων & Κατακόρυφων (#Y8/150) | C21: 8 | D21: mm | E21: Σχέδιο ΘΕΜ/6, Λεπτομέρεια | F21: ="Αναγράφεται ρητά #Y" & C21 & "/" & C22 & " (αυστηρή τήρηση Y" & C21 & " βάσει κανόνα 2.3)" -> Αναγράφεται ρητά #Y8/150 (αυστηρή τήρηση Y8 βάσει κανόνα 2.3)
A22: Κ.13 | B22: ="Βήμα Ράβδων Σχάρας Οριζόντιων & Κατακόρυφων (#Y" & C21 & "/" & C22 & ")" -> Βήμα Ράβδων Σχάρας Οριζόντιων & Κατακόρυφων (#Y8/150) | C22: 150 | D22: mm | E22: Σχέδιο ΘΕΜ/6, Λεπτομέρεια | F22: ="Βήμα " & C22 & "mm × " & C22 & "mm (2 × " & TEXT(1000/C22,"0.00") & " m/m² = " & TEXT(C81,"0.000") & " kg/m²)" -> Βήμα 150mm × 150mm (2 × 6.67 m/m² = 5.261 kg/m²)
A23: Κ.14 | B23: Κατηγορία Σκυροδέματος Shotcrete & Πάκτωσης | C23: C30/37 | D23: - | E23: Κανόνας Εταιρείας | F23: ="[DEFAULT ΕΤΑΙΡΕΙΑΣ]: Δεν αναγράφεται στη μελέτη. Εφαρμόζεται by default " & C23 & " βάσει κανόνα εταιρείας." -> [DEFAULT ΕΤΑΙΡΕΙΑΣ]: Δεν αναγράφεται στη μελέτη. Εφαρμόζεται by default C30/37 βάσει κανόνα εταιρείας.
A24: Κ.15 | B24: ="Ονομαστικό Πάχος Shotcrete Μελέτης (" & (C24*100) & " cm)" -> Ονομαστικό Πάχος Shotcrete Μελέτης (15 cm) | C24: 0.15 | D24: m | E24: Σχέδιο ΘΕΜ/6, Λεπτομέρεια | F24: ="=" & (C24*1000) & " mm (" & (C24*100) & " cm) εκτοξευόμενο σκυρόδεμα (gunite)" -> =150 mm (15 cm) εκτοξευόμενο σκυρόδεμα (gunite)
A25: Κ.16 | B25: ="Πάγια Απώλεια / Αναπήδηση Shotcrete Εταιρείας (+" & (C25*100) & " cm)" -> Πάγια Απώλεια / Αναπήδηση Shotcrete Εταιρείας (+5 cm) | C25: 0.05 | D25: m | E25: Κανόνας Εταιρείας | F25: ="+" & (C25*100) & " cm πάγια προσαύξηση εταιρείας (+" & TEXT(C25/C24,"0.0%") & " επί του ονομαστικού πάχους)" -> +5 cm πάγια προσαύξηση εταιρείας (+33.3% επί του ονομαστικού πάχους)
A26: Κ.17 | B26: ="Διάμετρος Οπής Διάτρησης Αγκυρώσεων (Ø" & (C26*1000) & "mm)" -> Διάμετρος Οπής Διάτρησης Αγκυρώσεων (Ø120mm) | C26: 0.12 | D26: m | E26: Κανόνας Εταιρείας | F26: ="Ø" & (C26*1000) & " mm τυπική διάμετρος διάτρησης αγκυρίων" -> Ø120 mm τυπική διάμετρος διάτρησης αγκυρίων
A27: Κ.18 | B27: Συντελεστής Απώλειας Grout Αγκυρώσεων | C27: 1.2 | D27: - | E27: Κανόνας Εταιρείας | F27: ="+" & TEXT((C27-1),"0%") & " προσαύξηση όγκου τσιμεντενέματος (" & TEXT(C82,"0.000000") & " m³/m)" -> +20% προσαύξηση όγκου τσιμεντενέματος (0.013572 m³/m)
A28: Κ.19 | B28: Πρόσθετο Μήκος Τένοντα εκτός Μετώπου (για τάνυση/κεφαλή) | C28: 1 | D28: m | E28: Κανόνας Εταιρείας | F28: ="+" & TEXT(C28,"0.00") & " m έξω από το μέτωπο σε κάθε τένοντα" -> +1.00 m έξω από το μέτωπο σε κάθε τένοντα
A29: Κ.20 | B29: Τυπικό Βάρος Τένοντα Προέντασης 0.6'' (15.2mm) | C29: 1.1 | D29: kg/m | E29: Κανόνας Εταιρείας | F29: ="7-wire strand 0.6'' (1670/1860 MPa) = " & TEXT(C29,"0.00") & " kg/m" -> 7-wire strand 0.6'' (1670/1860 MPa) = 1.10 kg/m
A31: TYPE A | B31: ="ΚΟΥΤΙ ΣΤΟΙΧΕΙΩΝ ΜΕΛΕΤΗΣ TYPE A — ΤΟΙΧΟΣ ΑΝΤΙΣΤΗΡΙΞΗΣ Α (Εκσκαφή " & TEXT(C34,"0.00") & "m, " & C32 & "No Ζεύγη HEB 220, L_beam=" & TEXT(C36,"0.00") & "m, Εκσκαφή Νέφκας=" & TEXT(IF(ISBLANK(C37),C36,C37),"0.00") & "m, Πάκτωση " & TEXT(C35,"0.00") & "m)" -> ΚΟΥΤΙ ΣΤΟΙΧΕΙΩΝ ΜΕΛΕΤΗΣ TYPE A — ΤΟΙΧΟΣ ΑΝΤΙΣΤΗΡΙΞΗΣ Α (Εκσκαφή 17.00m, 27No Ζεύγη HEB 220, L_beam=19.00m, Εκσκαφή Νέφκας=19.00m, Πάκτωση 1.50m)
A32: A.in.1 | B32: Πλήθος Πασσάλων / Ζευγών HEB 220 (Type A) | C32: 27 | D32: No | E32: Σχέδιο ΘΕΜ/1 (Κάτοψη — Βέλη Αγκυρώσεων) | F32: ="=" & C32 & " πάσσαλοι / θέσεις αγκυρώσεων (22 στο Ανατολικό + 5 στο Νότιο τμήμα Τοίχου Α)" -> =27 πάσσαλοι / θέσεις αγκυρώσεων (22 στο Ανατολικό + 5 στο Νότιο τμήμα Τοίχου Α)
A33: A.in.2 | B33: ="Αναπτυγμένο Μήκος Μετώπου Type A (" & C32 & " × " & TEXT(C10,"0.00") & "m)" -> Αναπτυγμένο Μήκος Μετώπου Type A (27 × 1.50m) | C33: =C32*C10 -> 40.5 | D33: τρ.μ. | E33: Σχέδιο ΘΕΜ/1 (Intervals) | F33: ="=" & C32 & " πάσσαλοι × " & TEXT(C10,"0.00") & "m = " & TEXT(C33,"0.00") & " τρ.μ." -> =27 πάσσαλοι × 1.50m = 40.50 τρ.μ.
A34: A.in.3 | B34: Ελεύθερο Ύψος Εκσκαφής Type A (H_exc_A) | C34: 17 | D34: m | E34: Σχέδιο ΘΕΜ/6, Τομή Τοίχου Α | F34: ="Αναγραφόμενο ελεύθερο ύψος εκσκαφής " & (C34*1000) & " mm (" & TEXT(C34,"0.00") & " m)" -> Αναγραφόμενο ελεύθερο ύψος εκσκαφής 17000 mm (17.00 m)
A35: A.in.4 | B35: Ύψος Πάκτωσης Σκυροδέματος Νέφκας Type A (H_embed_A) | C35: 1.5 | D35: m | E35: Σχέδιο ΘΕΜ/6, Τομή Τοίχου Α | F35: ="Αναγραφόμενο ύψος πάκτωσης σκυροδέματος " & (C35*1000) & " mm (" & TEXT(C35,"0.00") & " m) στη βάση της νέφκας" -> Αναγραφόμενο ύψος πάκτωσης σκυροδέματος 1500 mm (1.50 m) στη βάση της νέφκας
A36: A.in.5 | B36: Συνολικό Μήκος Νέφκας Χάλυβα Μελέτης Type A (L_beam_A) | C36: 19 | D36: m | E36: Σχέδιο ΘΕΜ/6, Τομή Τοίχου Α | F36: ="Αναγραφόμενο συνολικό μήκος νέφκας " & (C36*1000) & " mm (" & TEXT(C36,"0.00") & " m) — ελεύθερο " & TEXT(C34,"0.00") & "m, υπόγειο " & TEXT(C36-C34,"0.00") & "m, πάκτωση μπετόν " & TEXT(C35,"0.00") & "m" -> Αναγραφόμενο συνολικό μήκος νέφκας 19000 mm (19.00 m) — ελεύθερο 17.00m, υπόγειο 2.00m, πάκτωση μπετόν 1.50m
A37: A.in.6 | B37: Ύψος Εκσκαφής / Διάτρησης Νέφκας βάσει WPL / Cut-Off Level (Type A) | D37: m | E37: =IF(ISBLANK(C37),"Δεν δόθηκε WPL / Cut-Off Level","Δόθηκε WPL / Cut-Off Level") -> Δεν δόθηκε WPL / Cut-Off Level | F37: =IF(ISBLANK(C37),"[!!! ΕΛΛΕΙΨΗ WPL / CUT-OFF LEVEL — ΚΟΚΚΙΝΟ ΚΕΛΙ !!!]: Δεν δόθηκε WPL / Cut-Off Level. Θεωρείται ότι το ύψος εκσκαφής νεφκών ισούται με το μήκος νέφκας (" & TEXT(C36,"0.00") & " m). Αν δοθεί WPL/Cut-Off Level, συμπληρώστε το εδώ!","[ΕΦΑΡΜΟΓΗ WPL / CUT-OFF LEVEL]: Το ύψος εκσκαφής/διάτρησης νεφκών ορίστηκε βάσει WPL σε " & TEXT(C37,"0.00") & " m (αντί " & TEXT(C36,"0.00") & " m της νέφκας).") -> [!!! ΕΛΛΕΙΨΗ WPL / CUT-OFF LEVEL — ΚΟΚΚΙΝΟ ΚΕΛΙ !!!]: Δεν δόθηκε WPL / Cut-Off Level. Θεωρείται ότι το ύψος εκσκαφής νεφκών ισούται με το μήκος νέφκας (19.00 m). Αν δοθεί WPL/Cut-Off Level, συμπληρώστε το εδώ!
A38: A.in.7 | B38: Αγκύρωση Σειρά 1 (στο -2.00m): Μήκος Διάτρησης L1 | C38: 20 | D38: m | E38: Σχέδιο ΘΕΜ/6, Τομή Τοίχου Α | F38: ="10.0m ελεύθερο + 10.0m πάκτωση grout = " & TEXT(C38,"0.00") & "m (30°, 144 kN)" -> 10.0m ελεύθερο + 10.0m πάκτωση grout = 20.00m (30°, 144 kN)
A39: A.in.8 | B39: Αγκύρωση Σειρά 1 (στο -2.00m): Καλώδια (Strands) | C39: 2 | D39: καλώδια | E39: Σχέδιο ΘΕΜ/6, Τομή Τοίχου Α | F39: ="Αναγράφεται: " & C39 & " ΚΑΛΩΔΙΑ 15.2mm (Type 1670/1860)" -> Αναγράφεται: 2 ΚΑΛΩΔΙΑ 15.2mm (Type 1670/1860)
A40: A.in.9 | B40: Αγκύρωση Σειρά 2 (στο -6.00m): Μήκος Διάτρησης L2 | C40: 19.5 | D40: m | E40: Σχέδιο ΘΕΜ/6, Τομή Τοίχου Α | F40: ="8.5m ελεύθερο + 11.0m πάκτωση grout = " & TEXT(C40,"0.00") & "m (30°, 338 kN)" -> 8.5m ελεύθερο + 11.0m πάκτωση grout = 19.50m (30°, 338 kN)
A41: A.in.10 | B41: Αγκύρωση Σειρά 2 (στο -6.00m): Καλώδια (Strands) | C41: 2 | D41: καλώδια | E41: Σχέδιο ΘΕΜ/6, Τομή Τοίχου Α | F41: ="Αναγράφεται: " & C41 & " ΚΑΛΩΔΙΑ 15.2mm (Type 1670/1860)" -> Αναγράφεται: 2 ΚΑΛΩΔΙΑ 15.2mm (Type 1670/1860)
A42: A.in.11 | B42: Αγκύρωση Σειρά 3 (στο -9.50m): Μήκος Διάτρησης L3 | C42: 20 | D42: m | E42: Σχέδιο ΘΕΜ/6, Τομή Τοίχου Α | F42: ="8.0m ελεύθερο + 12.0m πάκτωση grout = " & TEXT(C42,"0.00") & "m (30°, 439 kN)" -> 8.0m ελεύθερο + 12.0m πάκτωση grout = 20.00m (30°, 439 kN)
A43: A.in.12 | B43: Αγκύρωση Σειρά 3 (στο -9.50m): Καλώδια (Strands) | C43: 3 | D43: καλώδια | E43: Σχέδιο ΘΕΜ/6, Τομή Τοίχου Α | F43: ="Αναγράφεται: " & C43 & " ΚΑΛΩΔΙΑ 15.2mm (Type 1670/1860)" -> Αναγράφεται: 3 ΚΑΛΩΔΙΑ 15.2mm (Type 1670/1860)
A44: A.in.13 | B44: Αγκύρωση Σειρά 4 (στο -13.50m): Μήκος Διάτρησης L4 | C44: 18.5 | D44: m | E44: Σχέδιο ΘΕΜ/6, Τομή Τοίχου Α | F44: ="3.5m ελεύθερο + 15.0m πάκτωση grout = " & TEXT(C44,"0.00") & "m (30°, 584 kN)" -> 3.5m ελεύθερο + 15.0m πάκτωση grout = 18.50m (30°, 584 kN)
A45: A.in.14 | B45: Αγκύρωση Σειρά 4 (στο -13.50m): Καλώδια (Strands) | C45: 3 | D45: καλώδια | E45: Σχέδιο ΘΕΜ/6, Τομή Τοίχου Α | F45: ="Αναγράφεται: " & C45 & " ΚΑΛΩΔΙΑ 15.2mm (Type 1670/1860)" -> Αναγράφεται: 3 ΚΑΛΩΔΙΑ 15.2mm (Type 1670/1860)
A47: TYPE B | B47: ="ΚΟΥΤΙ ΣΤΟΙΧΕΙΩΝ ΜΕΛΕΤΗΣ TYPE B — ΤΟΙΧΟΣ ΑΝΤΙΣΤΗΡΙΞΗΣ Β (Εκσκαφή " & TEXT(C50,"0.00") & "m, " & C48 & "No Ζεύγη HEB 200, L_beam=" & TEXT(C52,"0.00") & "m, Εκσκαφή Νέφκας=" & TEXT(IF(ISBLANK(C53),C52,C53),"0.00") & "m, Πάκτωση " & TEXT(C51,"0.00") & "m)" -> ΚΟΥΤΙ ΣΤΟΙΧΕΙΩΝ ΜΕΛΕΤΗΣ TYPE B — ΤΟΙΧΟΣ ΑΝΤΙΣΤΗΡΙΞΗΣ Β (Εκσκαφή 15.60m, 74No Ζεύγη HEB 200, L_beam=17.00m, Εκσκαφή Νέφκας=17.00m, Πάκτωση 1.50m)
A48: B.in.1 | B48: Πλήθος Πασσάλων / Ζευγών HEB 200 (Type B) | C48: 74 | D48: No | E48: Σχέδιο ΘΕΜ/1 (Κάτοψη — Βέλη Αγκυρώσεων) | F48: ="=" & C48 & " πάσσαλοι / θέσεις αγκυρώσεων (Βόρειο, Δυτικό-Κάτω, Νότιο & Βορειοανατολικό τμήμα Τοίχου Β)" -> =74 πάσσαλοι / θέσεις αγκυρώσεων (Βόρειο, Δυτικό-Κάτω, Νότιο & Βορειοανατολικό τμήμα Τοίχου Β)
A49: B.in.2 | B49: ="Αναπτυγμένο Μήκος Μετώπου Type B (" & C48 & " × " & TEXT(C10,"0.00") & "m)" -> Αναπτυγμένο Μήκος Μετώπου Type B (74 × 1.50m) | C49: =C48*C10 -> 111 | D49: τρ.μ. | E49: Σχέδιο ΘΕΜ/1 (Intervals) | F49: ="=" & C48 & " πάσσαλοι × " & TEXT(C10,"0.00") & "m = " & TEXT(C49,"0.00") & " τρ.μ." -> =74 πάσσαλοι × 1.50m = 111.00 τρ.μ.
A50: B.in.3 | B50: Ελεύθερο Ύψος Εκσκαφής Type B (H_exc_B) | C50: 15.6 | D50: m | E50: Σχέδιο ΘΕΜ/6, Τομή Τοίχου Β | F50: ="Αναγραφόμενο ελεύθερο ύψος εκσκαφής " & (C50*1000) & " mm (" & TEXT(C50,"0.00") & " m)" -> Αναγραφόμενο ελεύθερο ύψος εκσκαφής 15600 mm (15.60 m)
A51: B.in.4 | B51: Ύψος Πάκτωσης Σκυροδέματος Νέφκας Type B (H_embed_B) | C51: 1.5 | D51: m | E51: Σχέδιο ΘΕΜ/6, Τομή Τοίχου Β | F51: ="Αναγραφόμενο ύψος πάκτωσης σκυροδέματος " & (C51*1000) & " mm (" & TEXT(C51,"0.00") & " m) στη βάση της νέφκας" -> Αναγραφόμενο ύψος πάκτωσης σκυροδέματος 1500 mm (1.50 m) στη βάση της νέφκας
A52: B.in.5 | B52: Συνολικό Μήκος Νέφκας Χάλυβα Μελέτης Type B (L_beam_B) | C52: 17 | D52: m | E52: Σχέδιο ΘΕΜ/6, Τομή Τοίχου Β | F52: ="Αναγραφόμενο συνολικό μήκος νέφκας " & (C52*1000) & " mm (" & TEXT(C52,"0.00") & " m) — ελεύθερο " & TEXT(C50,"0.00") & "m, υπόγειο " & TEXT(C52-C50,"0.00") & "m, πάκτωση μπετόν " & TEXT(C51,"0.00") & "m" -> Αναγραφόμενο συνολικό μήκος νέφκας 17000 mm (17.00 m) — ελεύθερο 15.60m, υπόγειο 1.40m, πάκτωση μπετόν 1.50m
A53: B.in.6 | B53: Ύψος Εκσκαφής / Διάτρησης Νέφκας βάσει WPL / Cut-Off Level (Type B) | D53: m | E53: =IF(ISBLANK(C53),"Δεν δόθηκε WPL / Cut-Off Level","Δόθηκε WPL / Cut-Off Level") -> Δεν δόθηκε WPL / Cut-Off Level | F53: =IF(ISBLANK(C53),"[!!! ΕΛΛΕΙΨΗ WPL / CUT-OFF LEVEL — ΚΟΚΚΙΝΟ ΚΕΛΙ !!!]: Δεν δόθηκε WPL / Cut-Off Level. Θεωρείται ότι το ύψος εκσκαφής νεφκών ισούται με το μήκος νέφκας (" & TEXT(C52,"0.00") & " m). Αν δοθεί WPL/Cut-Off Level, συμπληρώστε το εδώ!","[ΕΦΑΡΜΟΓΗ WPL / CUT-OFF LEVEL]: Το ύψος εκσκαφής/διάτρησης νεφκών ορίστηκε βάσει WPL σε " & TEXT(C53,"0.00") & " m (αντί " & TEXT(C52,"0.00") & " m της νέφκας).") -> [!!! ΕΛΛΕΙΨΗ WPL / CUT-OFF LEVEL — ΚΟΚΚΙΝΟ ΚΕΛΙ !!!]: Δεν δόθηκε WPL / Cut-Off Level. Θεωρείται ότι το ύψος εκσκαφής νεφκών ισούται με το μήκος νέφκας (17.00 m). Αν δοθεί WPL/Cut-Off Level, συμπληρώστε το εδώ!
A54: B.in.7 | B54: Αγκύρωση Σειρά 1 (στο -2.00m): Μήκος Διάτρησης L1 | C54: 20 | D54: m | E54: Σχέδιο ΘΕΜ/6, Τομή Τοίχου Β | F54: ="10.0m ελεύθερο + 10.0m πάκτωση grout = " & TEXT(C54,"0.00") & "m (30°, 141 kN)" -> 10.0m ελεύθερο + 10.0m πάκτωση grout = 20.00m (30°, 141 kN)
A55: B.in.8 | B55: Αγκύρωση Σειρά 1 (στο -2.00m): Καλώδια (Strands) | C55: 2 | D55: καλώδια | E55: Σχέδιο ΘΕΜ/6, Τομή Τοίχου Β | F55: ="Αναγράφεται: " & C55 & " ΚΑΛΩΔΙΑ 15.2mm (Type 1670/1860)" -> Αναγράφεται: 2 ΚΑΛΩΔΙΑ 15.2mm (Type 1670/1860)
A56: B.in.9 | B56: Αγκύρωση Σειρά 2 (στο -6.00m): Μήκος Διάτρησης L2 | C56: 19.5 | D56: m | E56: Σχέδιο ΘΕΜ/6, Τομή Τοίχου Β | F56: ="8.5m ελεύθερο + 11.0m πάκτωση grout = " & TEXT(C56,"0.00") & "m (30°, 323 kN)" -> 8.5m ελεύθερο + 11.0m πάκτωση grout = 19.50m (30°, 323 kN)
A57: B.in.10 | B57: Αγκύρωση Σειρά 2 (στο -6.00m): Καλώδια (Strands) | C57: 2 | D57: καλώδια | E57: Σχέδιο ΘΕΜ/6, Τομή Τοίχου Β | F57: ="Αναγράφεται: " & C57 & " ΚΑΛΩΔΙΑ 15.2mm (Type 1670/1860)" -> Αναγράφεται: 2 ΚΑΛΩΔΙΑ 15.2mm (Type 1670/1860)
A58: B.in.11 | B58: Αγκύρωση Σειρά 3 (στο -9.50m): Μήκος Διάτρησης L3 | C58: 19.5 | D58: m | E58: Σχέδιο ΘΕΜ/6, Τομή Τοίχου Β | F58: ="8.5m ελεύθερο + 11.0m πάκτωση grout = " & TEXT(C58,"0.00") & "m (30°, 412 kN)" -> 8.5m ελεύθερο + 11.0m πάκτωση grout = 19.50m (30°, 412 kN)
A59: B.in.12 | B59: Αγκύρωση Σειρά 3 (στο -9.50m): Καλώδια (Strands) | C59: 3 | D59: καλώδια | E59: Σχέδιο ΘΕΜ/6, Τομή Τοίχου Β | F59: ="Αναγράφεται: " & C59 & " ΚΑΛΩΔΙΑ 15.2mm (Type 1670/1860)" -> Αναγράφεται: 3 ΚΑΛΩΔΙΑ 15.2mm (Type 1670/1860)
A60: B.in.13 | B60: Αγκύρωση Σειρά 4 (στο -12.50m): Μήκος Διάτρησης L4 | C60: 16 | D60: m | E60: Σχέδιο ΘΕΜ/6, Τομή Τοίχου Β | F60: ="4.0m ελεύθερο + 12.0m πάκτωση grout = " & TEXT(C60,"0.00") & "m (30°, 438 kN)" -> 4.0m ελεύθερο + 12.0m πάκτωση grout = 16.00m (30°, 438 kN)
A61: B.in.14 | B61: Αγκύρωση Σειρά 4 (στο -12.50m): Καλώδια (Strands) | C61: 3 | D61: καλώδια | E61: Σχέδιο ΘΕΜ/6, Τομή Τοίχου Β | F61: ="Αναγράφεται: " & C61 & " ΚΑΛΩΔΙΑ 15.2mm (Type 1670/1860)" -> Αναγράφεται: 3 ΚΑΛΩΔΙΑ 15.2mm (Type 1670/1860)
A63: TYPE C | B63: ="ΚΟΥΤΙ ΣΤΟΙΧΕΙΩΝ ΜΕΛΕΤΗΣ TYPE C — ΤΟΙΧΟΣ ΑΝΤΙΣΤΗΡΙΞΗΣ Γ (Εκσκαφή " & TEXT(C66,"0.00") & "m, " & C64 & "No Ζεύγη HEB 200, L_beam=" & TEXT(C68,"0.00") & "m, Εκσκαφή Νέφκας=" & TEXT(IF(ISBLANK(C69),C68,C69),"0.00") & "m, Πάκτωση " & TEXT(C67,"0.00") & "m)" -> ΚΟΥΤΙ ΣΤΟΙΧΕΙΩΝ ΜΕΛΕΤΗΣ TYPE C — ΤΟΙΧΟΣ ΑΝΤΙΣΤΗΡΙΞΗΣ Γ (Εκσκαφή 11.10m, 15No Ζεύγη HEB 200, L_beam=13.00m, Εκσκαφή Νέφκας=13.00m, Πάκτωση 1.50m)
A64: C.in.1 | B64: Πλήθος Πασσάλων / Ζευγών HEB 200 (Type C) | C64: 15 | D64: No | E64: Σχέδιο ΘΕΜ/1 (Κάτοψη — Βέλη Αγκυρώσεων) | F64: ="=" & C64 & " πάσσαλοι / θέσεις αγκυρώσεων (Βορειοδυτικό τμήμα Τοίχου Γ)" -> =15 πάσσαλοι / θέσεις αγκυρώσεων (Βορειοδυτικό τμήμα Τοίχου Γ)
A65: C.in.2 | B65: ="Αναπτυγμένο Μήκος Μετώπου Type C (" & C64 & " × " & TEXT(C10,"0.00") & "m)" -> Αναπτυγμένο Μήκος Μετώπου Type C (15 × 1.50m) | C65: =C64*C10 -> 22.5 | D65: τρ.μ. | E65: Σχέδιο ΘΕΜ/1 (Intervals) | F65: ="=" & C64 & " πάσσαλοι × " & TEXT(C10,"0.00") & "m = " & TEXT(C65,"0.00") & " τρ.μ." -> =15 πάσσαλοι × 1.50m = 22.50 τρ.μ.
A66: C.in.3 | B66: Ελεύθερο Ύψος Εκσκαφής Type C (H_exc_C) | C66: 11.1 | D66: m | E66: Σχέδιο ΘΕΜ/6, Τομή Τοίχου Γ | F66: ="Αναγραφόμενο ελεύθερο ύψος εκσκαφής " & (C66*1000) & " mm (" & TEXT(C66,"0.00") & " m)" -> Αναγραφόμενο ελεύθερο ύψος εκσκαφής 11100 mm (11.10 m)
A67: C.in.4 | B67: Ύψος Πάκτωσης Σκυροδέματος Νέφκας Type C (H_embed_C) | C67: 1.5 | D67: m | E67: Σχέδιο ΘΕΜ/6, Τομή Τοίχου Γ | F67: ="Αναγραφόμενο ύψος πάκτωσης σκυροδέματος " & (C67*1000) & " mm (" & TEXT(C67,"0.00") & " m) στη βάση της νέφκας" -> Αναγραφόμενο ύψος πάκτωσης σκυροδέματος 1500 mm (1.50 m) στη βάση της νέφκας
A68: C.in.5 | B68: Συνολικό Μήκος Νέφκας Χάλυβα Μελέτης Type C (L_beam_C) | C68: 13 | D68: m | E68: Σχέδιο ΘΕΜ/6, Τομή Τοίχου Γ | F68: ="Αναγραφόμενο συνολικό μήκος νέφκας " & (C68*1000) & " mm (" & TEXT(C68,"0.00") & " m) — ελεύθερο " & TEXT(C66,"0.00") & "m, υπόγειο " & TEXT(C68-C66,"0.00") & "m, πάκτωση μπετόν " & TEXT(C67,"0.00") & "m" -> Αναγραφόμενο συνολικό μήκος νέφκας 13000 mm (13.00 m) — ελεύθερο 11.10m, υπόγειο 1.90m, πάκτωση μπετόν 1.50m
A69: C.in.6 | B69: Ύψος Εκσκαφής / Διάτρησης Νέφκας βάσει WPL / Cut-Off Level (Type C) | D69: m | E69: =IF(ISBLANK(C69),"Δεν δόθηκε WPL / Cut-Off Level","Δόθηκε WPL / Cut-Off Level") -> Δεν δόθηκε WPL / Cut-Off Level | F69: =IF(ISBLANK(C69),"[!!! ΕΛΛΕΙΨΗ WPL / CUT-OFF LEVEL — ΚΟΚΚΙΝΟ ΚΕΛΙ !!!]: Δεν δόθηκε WPL / Cut-Off Level. Θεωρείται ότι το ύψος εκσκαφής νεφκών ισούται με το μήκος νέφκας (" & TEXT(C68,"0.00") & " m). Αν δοθεί WPL/Cut-Off Level, συμπληρώστε το εδώ!","[ΕΦΑΡΜΟΓΗ WPL / CUT-OFF LEVEL]: Το ύψος εκσκαφής/διάτρησης νεφκών ορίστηκε βάσει WPL σε " & TEXT(C69,"0.00") & " m (αντί " & TEXT(C68,"0.00") & " m της νέφκας).") -> [!!! ΕΛΛΕΙΨΗ WPL / CUT-OFF LEVEL — ΚΟΚΚΙΝΟ ΚΕΛΙ !!!]: Δεν δόθηκε WPL / Cut-Off Level. Θεωρείται ότι το ύψος εκσκαφής νεφκών ισούται με το μήκος νέφκας (13.00 m). Αν δοθεί WPL/Cut-Off Level, συμπληρώστε το εδώ!
A70: C.in.7 | B70: Αγκύρωση Σειρά 1 (στο -2.00m): Μήκος Διάτρησης L1 | C70: 19 | D70: m | E70: Σχέδιο ΘΕΜ/6, Τομή Τοίχου Γ | F70: ="9.0m ελεύθερο + 10.0m πάκτωση grout = " & TEXT(C70,"0.00") & "m (30°, 176 kN)" -> 9.0m ελεύθερο + 10.0m πάκτωση grout = 19.00m (30°, 176 kN)
A71: C.in.8 | B71: Αγκύρωση Σειρά 1 (στο -2.00m): Καλώδια (Strands) | C71: 3 | D71: καλώδια | E71: Σχέδιο ΘΕΜ/6, Τομή Τοίχου Γ | F71: ="Αναγράφεται: " & C71 & " ΚΑΛΩΔΙΑ 15.2mm (Type 1670/1860)" -> Αναγράφεται: 3 ΚΑΛΩΔΙΑ 15.2mm (Type 1670/1860)
A72: C.in.9 | B72: Αγκύρωση Σειρά 2 (στο -6.00m): Μήκος Διάτρησης L2 | C72: 17 | D72: m | E72: Σχέδιο ΘΕΜ/6, Τομή Τοίχου Γ | F72: ="7.0m ελεύθερο + 10.0m πάκτωση grout = " & TEXT(C72,"0.00") & "m (30°, 371 kN)" -> 7.0m ελεύθερο + 10.0m πάκτωση grout = 17.00m (30°, 371 kN)
A73: C.in.10 | B73: Αγκύρωση Σειρά 2 (στο -6.00m): Καλώδια (Strands) | C73: 3 | D73: καλώδια | E73: Σχέδιο ΘΕΜ/6, Τομή Τοίχου Γ | F73: ="Αναγράφεται: " & C73 & " ΚΑΛΩΔΙΑ 15.2mm (Type 1670/1860)" -> Αναγράφεται: 3 ΚΑΛΩΔΙΑ 15.2mm (Type 1670/1860)
A74: C.in.11 | B74: Αγκύρωση Σειρά 3 (στο -9.50m): Μήκος Διάτρησης L3 | C74: 16 | D74: m | E74: Σχέδιο ΘΕΜ/6, Τομή Τοίχου Γ | F74: ="6.0m ελεύθερο + 10.0m πάκτωση grout = " & TEXT(C74,"0.00") & "m (30°, 341.6 kN)" -> 6.0m ελεύθερο + 10.0m πάκτωση grout = 16.00m (30°, 341.6 kN)
A75: C.in.12 | B75: Αγκύρωση Σειρά 3 (στο -9.50m): Καλώδια (Strands) | C75: 3 | D75: καλώδια | E75: Σχέδιο ΘΕΜ/6, Τομή Τοίχου Γ | F75: ="Αναγράφεται: " & C75 & " ΚΑΛΩΔΙΑ 15.2mm (Type 1670/1860)" -> Αναγράφεται: 3 ΚΑΛΩΔΙΑ 15.2mm (Type 1670/1860)
A77: ΚΕΦΑΛΑΙΟ Β: ΥΠΟΛΟΓΙΣΜΟΙ ΦΥΣΙΚΩΝ ΠΟΣΟΤΗΤΩΝ ΑΝΑ ΤΥΠΟ ΤΟΙΧΟΥ (1-ΠΡΟΣ-1 ΑΝΤΙΣΤΟΙΧΙΑ ΜΕ ΤΑ ΚΟΥΤΙΑ ΤΟΥ ΦΥΛΛΟΥ 2)
A78: α/α | B78: ΠΕΡΙΓΡΑΦΗ ΥΠΟΛΟΓΙΣΜΟΥ ΠΟΣΟΤΗΤΑΣ | C78: ΠΟΣΟΤΗΤΑ | D78: ΜΟΝ. | E78: ΔΥΝΑΜΙΚΟΣ ΤΥΠΟΣ & ΕΠΕΞΗΓΗΣΗ | F78: ΤΕΧΝΙΚΗ ΣΗΜΕΙΩΣΗ / ΕΛΕΓΧΟΣ ΚΑΝΟΝΑ
A79: ΣΤΑΘ. | B79: Β.0 ΒΟΗΘΗΤΙΚΕΣ ΦΥΣΙΚΕΣ ΣΤΑΘΕΡΕΣ ΜΟΝΑΔΑΣ (Διατομή Οπής, Βάρος Σχάρας ανά m², Όγκος Grout ανά m, % Απώλεια Shotcrete)
A80: Σ.1 | B80: ="Διατομή / Όγκος Οπής Μεγάλου Τρυπανιού ανά Μέτρο (Ø" & (C11*1000) & "mm)" -> Διατομή / Όγκος Οπής Μεγάλου Τρυπανιού ανά Μέτρο (Ø800mm) | C80: =PI()*((C11/2)^2) -> 0.50265482 | D80: m³/m | E80: ="π × (" & TEXT(C11,"0.00") & "/2)² = " & TEXT(C80,"0.0000") & " m³/m" -> π × (0.80/2)² = 0.5027 m³/m | F80: ="=" & TEXT(C80,"0.0000") & " m³/m για διάτρηση Ø" & (C11*1000) & "mm" -> =0.5027 m³/m για διάτρηση Ø800mm
A81: Σ.2 | B81: ="Υπολογιστικό Βάρος Σχάρας #Y" & C21 & "/" & C22 & " ανά m² (Οριζ. + Κατακ.)" -> Υπολογιστικό Βάρος Σχάρας #Y8/150 ανά m² (Οριζ. + Κατακ.) | C81: =ROUND(2*(1000/C22)*((PI()*((C21/1000)^2)/4)*7850), 3) -> 5.261 | D81: kg/m² | E81: ="2 × (1000/" & C22 & ") × " & TEXT((PI()*((C21/1000)^2)/4)*7850,"0.000") & " kg/m = " & TEXT(C81,"0.000") & " kg/m²" -> 2 × (1000/150) × 0.395 kg/m = 5.261 kg/m² | F81: ="=" & TEXT(C81,"0.000") & " kg/m² για #Y" & C21 & "/" & C22 & " (2 κατευθύνσεις)" -> =5.261 kg/m² για #Y8/150 (2 κατευθύνσεις)
A82: Σ.3 | B82: ="Όγκος Grout Αγκύρωσης ανά Μέτρο Διάτρησης (Ø" & (C26*1000) & "mm × " & TEXT(C27,"0.00") & ")" -> Όγκος Grout Αγκύρωσης ανά Μέτρο Διάτρησης (Ø120mm × 1.20) | C82: =PI()*((C26/2)^2)*C27 -> 0.01357168 | D82: m³/m | E82: ="π × (" & TEXT(C26,"0.00") & "/2)² × " & TEXT(C27,"0.00") & " = " & TEXT(C82,"0.000000") & " m³/m" -> π × (0.12/2)² × 1.20 = 0.013572 m³/m | F82: ="=" & TEXT(C82,"0.000000") & " m³/m (συμπεριλαμβάνει +" & TEXT(C27-1,"0%") & " απώλεια)" -> =0.013572 m³/m (συμπεριλαμβάνει +20% απώλεια)
A83: Σ.4 | B83: ="Ποσοστό Απώλειας Shotcrete επί του Ονομαστικού Πάχους (+" & (C25*100) & "cm / " & (C24*100) & "cm)" -> Ποσοστό Απώλειας Shotcrete επί του Ονομαστικού Πάχους (+5cm / 15cm) | C83: =C25/C24 -> 0.33333333 | D83: % | E83: ="Απώλεια " & TEXT(C25,"0.00") & "m / Ονομαστικό " & TEXT(C24,"0.00") & "m = " & TEXT(C83,"0.0%") -> Απώλεια 0.05m / Ονομαστικό 0.15m = 33.3% | F83: ="+" & TEXT(C83,"0.0%") & " προσαύξηση λόγω αναπήδησης (+" & (C25*100) & "cm)" -> +33.3% προσαύξηση λόγω αναπήδησης (+5cm)
A85: TYPE A | B85: ="BERLIN WALL TYPE A: " & C32 & "No Ζεύγη HEB220, L_beam=" & TEXT(C36,"0.00") & "m (Διάτρηση=" & TEXT(IF(ISBLANK(C37),C36,C37),"0.00") & "m), Εκσκαφή " & TEXT(C34,"0.00") & "m, " & TEXT(C33,"0.00") & " τρ.μ." -> BERLIN WALL TYPE A: 27No Ζεύγη HEB220, L_beam=19.00m (Διάτρηση=19.00m), Εκσκαφή 17.00m, 40.50 τρ.μ. | C85: =C33 -> 40.5 | D85: τρ.μ. | E85: ="Περίμετρος Type A = " & C32 & " × " & TEXT(C10,"0.00") & "m = " & TEXT(C33,"0.00") & " m" -> Περίμετρος Type A = 27 × 1.50m = 40.50 m | F85: Όλες οι ποσότητες A.1–A.15 μεταφέρονται 1-προς-1 στο Κουτί TYPE A του Φύλλου 2
A86: A.1 | B86: ="ΤΡΥΠΗΜΑ / ΕΚΣΚΑΦΗ ΝΕΦΚΩΝ Ø" & (C11*1000) & "mm = " & C32 & "No X " & TEXT(IF(ISBLANK(C37),C36,C37),"0.00") & "m (Όγκος: " & TEXT(ROUND(C86*C80,2),"#,##0.00") & " m³)" -> ΤΡΥΠΗΜΑ / ΕΚΣΚΑΦΗ ΝΕΦΚΩΝ Ø800mm = 27No X 19.00m (Όγκος: 257.86 m³) | C86: =C32*IF(ISBLANK(C37),C36,C37) -> 513 | D86: m | E86: ="=" & C32 & " πάσσαλοι × " & TEXT(IF(ISBLANK(C37),C36,C37),"0.00") & "m = " & TEXT(C86,"#,##0.00") & " m (Όγκος Εκσκαφής = " & TEXT(ROUND(C86*C80,2),"#,##0.00") & " m³)" -> =27 πάσσαλοι × 19.00m = 513.00 m (Όγκος Εκσκαφής = 257.86 m³) | F86: =IF(ISBLANK(C37),"[ΧΩΡΙΣ WPL]: Εκσκαφή με μήκος νέφκας " & TEXT(C36,"0.00") & "m → Όγκος = " & TEXT(ROUND(C86*C80,2),"#,##0.00") & " m³","[ΜΕ WPL]: Εκσκαφή βάσει WPL " & TEXT(C37,"0.00") & "m (Νέφκα " & TEXT(C36,"0.00") & "m) → Όγκος = " & TEXT(ROUND(C86*C80,2),"#,##0.00") & " m³") -> [ΧΩΡΙΣ WPL]: Εκσκαφή με μήκος νέφκας 19.00m → Όγκος = 257.86 m³
A87: A.2 | B87: ="ΜΠΕΤΟΝ ΠΑΚΤΩΣΗΣ " & C23 & " = " & C32 & "No X " & TEXT(C35,"0.00") & "m X " & TEXT(C80,"0.000") & "m³/m" -> ΜΠΕΤΟΝ ΠΑΚΤΩΣΗΣ C30/37 = 27No X 1.50m X 0.503m³/m | C87: =ROUND(C32*C35*C80, 2) -> 20.36 | D87: m³ | E87: ="=" & C32 & " × " & TEXT(C35,"0.00") & "m × " & TEXT(C80,"0.0000") & " = " & TEXT(C87,"#,##0.00") & " m³" -> =27 × 1.50m × 0.5027 = 20.36 m³ | F87: ="Κουγκρί πάκτωσης σε ύψος H_embed = " & TEXT(C35,"0.00") & "m (" & (C35*1000) & "mm)" -> Κουγκρί πάκτωσης σε ύψος H_embed = 1.50m (1500mm)
A88: A.3 | B88: ="HEB220 - ΠΡΟΜΗΘΕΙΑ, ΕΠΕΞΕΡΓΑΣΙΑ & ΤΟΠΟΘΕΤΗΣΗ (" & C32 & "No x " & C12 & "No x " & TEXT(C36,"0.00") & "m x " & TEXT(C13,"0.0") & "kg/m)" -> HEB220 - ΠΡΟΜΗΘΕΙΑ, ΕΠΕΞΕΡΓΑΣΙΑ & ΤΟΠΟΘΕΤΗΣΗ (27No x 2No x 19.00m x 71.5kg/m) | C88: =ROUND(C32*C12*C36*C13, 2) -> 73359 | D88: kg | E88: ="=" & C32 & " × " & C12 & " × " & TEXT(C36,"0.00") & "m × " & TEXT(C13,"0.0") & " = " & TEXT(C88,"#,##0.00") & " kg" -> =27 × 2 × 19.00m × 71.5 = 73,359.00 kg | F88: Ξεχωριστό κουτάκι HEB 220 (Κανόνας 3.6 — με μήκος νέφκας L_beam)
A89: A.4 | B89: ="ΛΑΜΕΣ ΣΥΝΔΕΣΗΣ " & C16 & "x" & C17 & "x" & C18 & "mm = " & C32 & "No x (" & (C36/C15) & "No x " & TEXT(C19,"0.000") & "kg)" -> ΛΑΜΕΣ ΣΥΝΔΕΣΗΣ 200x200x10mm = 27No x (19No x 3.140kg) | C89: =ROUND(C32*(C36/C15)*C19, 2) -> 1610.82 | D89: kg | E89: ="=" & C32 & " × " & (C36/C15) & " λάμες/οπή (" & (C32*(C36/C15)) & " τεμ.) × " & TEXT(C19,"0.000") & " kg" -> =27 × 19 λάμες/οπή (513 τεμ.) × 3.140 kg | F89: ="Κανόνας 3.2: L_beam / s_plate = " & TEXT(C36,"0.0") & "m / " & TEXT(C15,"0.0") & "m = " & (C36/C15) & " λάμες/οπή (" & C16 & "x" & C17 & "x" & C18 & "mm)" -> Κανόνας 3.2: L_beam / s_plate = 19.0m / 1.0m = 19 λάμες/οπή (200x200x10mm)
A90: A.5 | B90: ="ΓΩΝΙΕΣ ΣΤΗΡΙΞΗΣ L70x70x6mm = " & C32 & "No x " & TEXT(C34,"0.00") & "m x " & TEXT(C20,"0.00") & "kg/m x 2No" -> ΓΩΝΙΕΣ ΣΤΗΡΙΞΗΣ L70x70x6mm = 27No x 17.00m x 6.38kg/m x 2No | C90: =ROUND(C32*2*C34*C20, 2) -> 5856.84 | D90: kg | E90: ="=" & C32 & " × 2 × " & TEXT(C34,"0.00") & "m (" & TEXT(C32*2*C34,"0.0") & "m) × " & TEXT(C20,"0.00") & " kg/m" -> =27 × 2 × 17.00m (918.0m) × 6.38 kg/m | F90: ="2 γωνιές L 70x70x6 ανά πάσσαλο στο ύψος εκσκαφής " & TEXT(C34,"0.00") & "m" -> 2 γωνιές L 70x70x6 ανά πάσσαλο στο ύψος εκσκαφής 17.00m
A91: A.6 | B91: ="ΑΓΟΡΑ ΧΑΛΥΒΑ ΣΧΑΡΑΣ #Y" & C21 & "/" & C22 & " = " & TEXT(C92,"#,##0.00") & "m² x " & TEXT(C81,"0.000") & "kg/m²" -> ΑΓΟΡΑ ΧΑΛΥΒΑ ΣΧΑΡΑΣ #Y8/150 = 688.50m² x 5.261kg/m² | C91: =ROUND(C92*C81, 2) -> 3622.2 | D91: kg | E91: ="=" & TEXT(C92,"#,##0.00") & " m² × " & TEXT(C81,"0.000") & " kg/m² = " & TEXT(C91,"#,##0.00") & " kg" -> =688.50 m² × 5.261 kg/m² = 3,622.20 kg | F91: ="Χάλυβας σχάρας #Y" & C21 & "/" & C22 & " μετώπου Type A" -> Χάλυβας σχάρας #Y8/150 μετώπου Type A
A92: A.7 | B92: ="ΤΟΠΟΘΕΤΗΣΗ ΣΧΑΡΑΣ ΜΕΤΩΠΟΥ = " & TEXT(C33,"0.00") & "m X " & TEXT(C34,"0.00") & "m" -> ΤΟΠΟΘΕΤΗΣΗ ΣΧΑΡΑΣ ΜΕΤΩΠΟΥ = 40.50m X 17.00m | C92: =ROUND(C33*C34, 2) -> 688.5 | D92: m² | E92: ="=" & TEXT(C33,"0.00") & "m × " & TEXT(C34,"0.00") & "m = " & TEXT(C92,"#,##0.00") & " m²" -> =40.50m × 17.00m = 688.50 m² | F92: Εμβαδόν μετώπου εκσκαφής Type A
A93: A.8 | B93: ="ΑΓΟΡΑ ΣΚΥΡΟΔΕΜΑΤΟΣ SHOTCRETE " & C23 & " = " & TEXT(C92,"#,##0.00") & "m² x " & TEXT(C24,"0.00") & "m" -> ΑΓΟΡΑ ΣΚΥΡΟΔΕΜΑΤΟΣ SHOTCRETE C30/37 = 688.50m² x 0.15m | C93: =ROUND(C92*C24, 2) -> 103.28 | D93: m³ | E93: ="=" & TEXT(C92,"#,##0.00") & " m² × " & TEXT(C24,"0.00") & "m = " & TEXT(C93,"#,##0.00") & " m³" -> =688.50 m² × 0.15m = 103.28 m³ | F93: ="Ονομαστικός όγκος Shotcrete (πάχος " & (C24*100) & "cm)" -> Ονομαστικός όγκος Shotcrete (πάχος 15cm)
A94: A.9 | B94: ="ΤΟΠΟΘΕΤΗΣΗ / ΕΚΤΟΞΕΥΣΗ SHOTCRETE = " & TEXT(C92,"#,##0.00") & "m² x " & TEXT(C24,"0.00") & "m (με απώλεια +" & TEXT(C83,"0.0%") & ")" -> ΤΟΠΟΘΕΤΗΣΗ / ΕΚΤΟΞΕΥΣΗ SHOTCRETE = 688.50m² x 0.15m (με απώλεια +33.3%) | C94: =C93 -> 103.28 | D94: m³ | E94: ="Ονομαστικός όγκος " & TEXT(C93,"#,##0.00") & " m³ (η απώλεια +" & (C25*100) & "cm ενσωματώνεται στην τιμή μονάδας)" -> Ονομαστικός όγκος 103.28 m³ (η απώλεια +5cm ενσωματώνεται στην τιμή μονάδας) | F94: Εφαρμογή εκτοξευόμενου σκυροδέματος Type A
A95: A.10 | B95: ="ΔΙΑΤΡΗΣΗ ΑΓΚΥΡΩΣΕΩΝ Ø" & (C26*1000) & "mm (4 Σειρές: L1=" & C38 & "m, L2=" & C40 & "m, L3=" & C42 & "m, L4=" & C44 & "m)" -> ΔΙΑΤΡΗΣΗ ΑΓΚΥΡΩΣΕΩΝ Ø120mm (4 Σειρές: L1=20m, L2=19.5m, L3=20m, L4=18.5m) | C95: =C32*(C38+C40+C42+C44) -> 2106 | D95: m | E95: ="=" & C32 & "No × (" & C38 & "+" & C40 & "+" & C42 & "+" & C44 & "m) = " & TEXT(C95,"#,##0.00") & " m" -> =27No × (20+19.5+20+18.5m) = 2,106.00 m | F95: ="Συνολικά μέτρα διάτρησης " & C99 & " αγκυρώσεων Type A" -> Συνολικά μέτρα διάτρησης 108 αγκυρώσεων Type A
A96: A.11 | B96: ="GROUT ΤΣΙΜΕΝΤΕΝΕΜΑ ΑΓΚΥΡΩΣΕΩΝ (με απώλεια " & TEXT(C27,"0.00") & ") = " & TEXT(C95,"#,##0.00") & "m x " & TEXT(C82,"0.0000") & "m³/m" -> GROUT ΤΣΙΜΕΝΤΕΝΕΜΑ ΑΓΚΥΡΩΣΕΩΝ (με απώλεια 1.20) = 2,106.00m x 0.0136m³/m | C96: =ROUND(C95*C82, 2) -> 28.58 | D96: m³ | E96: ="=" & TEXT(C95,"#,##0.00") & "m × " & TEXT(C82,"0.000000") & " m³/m = " & TEXT(C96,"#,##0.00") & " m³" -> =2,106.00m × 0.013572 m³/m = 28.58 m³ | F96: Grout πλήρωσης οπών αγκυρώσεων Type A
A97: A.12 | B97: ="ΤΕΝΟΝΤΕΣ 0.6'' (" & C39 & " ΚΑΛΩΔΙΑ) — Σειρά 1 (L=" & C38 & "m) & Σειρά 2 (L=" & C40 & "m) (+" & TEXT(C28,"0.0") & "m)" -> ΤΕΝΟΝΤΕΣ 0.6'' (2 ΚΑΛΩΔΙΑ) — Σειρά 1 (L=20m) & Σειρά 2 (L=19.5m) (+1.0m) | C97: =C32*(((C38+C28)*C39)+((C40+C28)*C41)) -> 2241 | D97: m | E97: ="=" & C32 & "No × ((" & C38 & "+" & C28 & ")×" & C39 & " + (" & C40 & "+" & C28 & ")×" & C41 & ") = " & TEXT(C97,"#,##0.00") & " m" -> =27No × ((20+1)×2 + (19.5+1)×2) = 2,241.00 m | F97: ="=" & (C32*2) & " αγκυρώσεις 2-strands (Σειρές 1 & 2 Τοίχου Α)" -> =54 αγκυρώσεις 2-strands (Σειρές 1 & 2 Τοίχου Α)
A98: A.13 | B98: ="ΤΕΝΟΝΤΕΣ 0.6'' (" & C43 & " ΚΑΛΩΔΙΑ) — Σειρά 3 (L=" & C42 & "m) & Σειρά 4 (L=" & C44 & "m) (+" & TEXT(C28,"0.0") & "m)" -> ΤΕΝΟΝΤΕΣ 0.6'' (3 ΚΑΛΩΔΙΑ) — Σειρά 3 (L=20m) & Σειρά 4 (L=18.5m) (+1.0m) | C98: =C32*(((C42+C28)*C43)+((C44+C28)*C45)) -> 3280.5 | D98: m | E98: ="=" & C32 & "No × ((" & C42 & "+" & C28 & ")×" & C43 & " + (" & C44 & "+" & C28 & ")×" & C45 & ") = " & TEXT(C98,"#,##0.00") & " m" -> =27No × ((20+1)×3 + (18.5+1)×3) = 3,280.50 m | F98: ="=" & (C32*2) & " αγκυρώσεις 3-strands (Σειρές 3 & 4 Τοίχου Α)" -> =54 αγκυρώσεις 3-strands (Σειρές 3 & 4 Τοίχου Α)
A99: A.14 | B99: ="ΠΡΟΕΝΤΑΣΗ ΑΓΚΥΡΩΣΕΩΝ (STRESSING & LOCK-OFF) = 4 Σειρές X " & C32 & "No" -> ΠΡΟΕΝΤΑΣΗ ΑΓΚΥΡΩΣΕΩΝ (STRESSING & LOCK-OFF) = 4 Σειρές X 27No | C99: =C32*4 -> 108 | D99: No | E99: ="= 4 σειρές × " & C32 & " πάσσαλοι = " & C99 & " αγκυρώσεις (" & (C32*2) & "×2-strands + " & (C32*2) & "×3-strands)" -> = 4 σειρές × 27 πάσσαλοι = 108 αγκυρώσεις (54×2-strands + 54×3-strands) | F99: ="Τάνυση & Lock-off " & C99 & " αγκυρώσεων Type A" -> Τάνυση & Lock-off 108 αγκυρώσεων Type A
A100: A.15 | B100: ="ΚΕΦΑΛΕΣ ΑΓΚΥΡΩΣΗΣ (ANCHOR HEAD, WEDGES, PLATE) = 4 Σειρές X " & C32 & "No" -> ΚΕΦΑΛΕΣ ΑΓΚΥΡΩΣΗΣ (ANCHOR HEAD, WEDGES, PLATE) = 4 Σειρές X 27No | C100: =C99 -> 108 | D100: No | E100: ="=" & C100 & " πλήρη σετ κεφαλών αγκύρωσης (Σειρές 1 έως 4)" -> =108 πλήρη σετ κεφαλών αγκύρωσης (Σειρές 1 έως 4) | F100: ="Κεφαλές, σφήνες & πλάκες " & C100 & " αγκυρώσεων Type A" -> Κεφαλές, σφήνες & πλάκες 108 αγκυρώσεων Type A
A102: TYPE B | B102: ="BERLIN WALL TYPE B: " & C48 & "No Ζεύγη HEB200, L_beam=" & TEXT(C52,"0.00") & "m (Διάτρηση=" & TEXT(IF(ISBLANK(C53),C52,C53),"0.00") & "m), Εκσκαφή " & TEXT(C50,"0.00") & "m, " & TEXT(C49,"0.00") & " τρ.μ." -> BERLIN WALL TYPE B: 74No Ζεύγη HEB200, L_beam=17.00m (Διάτρηση=17.00m), Εκσκαφή 15.60m, 111.00 τρ.μ. | C102: =C49 -> 111 | D102: τρ.μ. | E102: ="Περίμετρος Type B = " & C48 & " × " & TEXT(C10,"0.00") & "m = " & TEXT(C49,"0.00") & " m" -> Περίμετρος Type B = 74 × 1.50m = 111.00 m | F102: Όλες οι ποσότητες B.1–B.15 μεταφέρονται 1-προς-1 στο Κουτί TYPE B του Φύλλου 2
A103: B.1 | B103: ="ΤΡΥΠΗΜΑ / ΕΚΣΚΑΦΗ ΝΕΦΚΩΝ Ø" & (C11*1000) & "mm = " & C48 & "No X " & TEXT(IF(ISBLANK(C53),C52,C53),"0.00") & "m (Όγκος: " & TEXT(ROUND(C103*C80,2),"#,##0.00") & " m³)" -> ΤΡΥΠΗΜΑ / ΕΚΣΚΑΦΗ ΝΕΦΚΩΝ Ø800mm = 74No X 17.00m (Όγκος: 632.34 m³) | C103: =C48*IF(ISBLANK(C53),C52,C53) -> 1258 | D103: m | E103: ="=" & C48 & " πάσσαλοι × " & TEXT(IF(ISBLANK(C53),C52,C53),"0.00") & "m = " & TEXT(C103,"#,##0.00") & " m (Όγκος Εκσκαφής = " & TEXT(ROUND(C103*C80,2),"#,##0.00") & " m³)" -> =74 πάσσαλοι × 17.00m = 1,258.00 m (Όγκος Εκσκαφής = 632.34 m³) | F103: =IF(ISBLANK(C53),"[ΧΩΡΙΣ WPL]: Εκσκαφή με μήκος νέφκας " & TEXT(C52,"0.00") & "m → Όγκος = " & TEXT(ROUND(C103*C80,2),"#,##0.00") & " m³","[ΜΕ WPL]: Εκσκαφή βάσει WPL " & TEXT(C53,"0.00") & "m (Νέφκα " & TEXT(C52,"0.00") & "m) → Όγκος = " & TEXT(ROUND(C103*C80,2),"#,##0.00") & " m³") -> [ΧΩΡΙΣ WPL]: Εκσκαφή με μήκος νέφκας 17.00m → Όγκος = 632.34 m³
A104: B.2 | B104: ="ΜΠΕΤΟΝ ΠΑΚΤΩΣΗΣ " & C23 & " = " & C48 & "No X " & TEXT(C51,"0.00") & "m X " & TEXT(C80,"0.000") & "m³/m" -> ΜΠΕΤΟΝ ΠΑΚΤΩΣΗΣ C30/37 = 74No X 1.50m X 0.503m³/m | C104: =ROUND(C48*C51*C80, 2) -> 55.79 | D104: m³ | E104: ="=" & C48 & " × " & TEXT(C51,"0.00") & "m × " & TEXT(C80,"0.0000") & " = " & TEXT(C104,"#,##0.00") & " m³" -> =74 × 1.50m × 0.5027 = 55.79 m³ | F104: ="Κουγκρί πάκτωσης σε ύψος H_embed = " & TEXT(C51,"0.00") & "m (" & (C51*1000) & "mm)" -> Κουγκρί πάκτωσης σε ύψος H_embed = 1.50m (1500mm)
A105: B.3 | B105: ="HEB200 - ΠΡΟΜΗΘΕΙΑ, ΕΠΕΞΕΡΓΑΣΙΑ & ΤΟΠΟΘΕΤΗΣΗ (" & C48 & "No x " & C12 & "No x " & TEXT(C52,"0.00") & "m x " & TEXT(C14,"0.0") & "kg/m)" -> HEB200 - ΠΡΟΜΗΘΕΙΑ, ΕΠΕΞΕΡΓΑΣΙΑ & ΤΟΠΟΘΕΤΗΣΗ (74No x 2No x 17.00m x 61.3kg/m) | C105: =ROUND(C48*C12*C52*C14, 2) -> 154230.8 | D105: kg | E105: ="=" & C48 & " × " & C12 & " × " & TEXT(C52,"0.00") & "m × " & TEXT(C14,"0.0") & " = " & TEXT(C105,"#,##0.00") & " kg" -> =74 × 2 × 17.00m × 61.3 = 154,230.80 kg | F105: Ξεχωριστό κουτάκι HEB 200 για Type B (Κανόνας 3.6 — με μήκος νέφκας L_beam)
A106: B.4 | B106: ="ΛΑΜΕΣ ΣΥΝΔΕΣΗΣ " & C16 & "x" & C17 & "x" & C18 & "mm = " & C48 & "No x (" & (C52/C15) & "No x " & TEXT(C19,"0.000") & "kg)" -> ΛΑΜΕΣ ΣΥΝΔΕΣΗΣ 200x200x10mm = 74No x (17No x 3.140kg) | C106: =ROUND(C48*(C52/C15)*C19, 2) -> 3950.12 | D106: kg | E106: ="=" & C48 & " × " & (C52/C15) & " λάμες/οπή (" & (C48*(C52/C15)) & " τεμ.) × " & TEXT(C19,"0.000") & " kg" -> =74 × 17 λάμες/οπή (1258 τεμ.) × 3.140 kg | F106: ="Κανόνας 3.2: L_beam / s_plate = " & TEXT(C52,"0.0") & "m / " & TEXT(C15,"0.0") & "m = " & (C52/C15) & " λάμες/οπή (" & C16 & "x" & C17 & "x" & C18 & "mm)" -> Κανόνας 3.2: L_beam / s_plate = 17.0m / 1.0m = 17 λάμες/οπή (200x200x10mm)
A107: B.5 | B107: ="ΓΩΝΙΕΣ ΣΤΗΡΙΞΗΣ L70x70x6mm = " & C48 & "No x " & TEXT(C50,"0.00") & "m x " & TEXT(C20,"0.00") & "kg/m x 2No" -> ΓΩΝΙΕΣ ΣΤΗΡΙΞΗΣ L70x70x6mm = 74No x 15.60m x 6.38kg/m x 2No | C107: =ROUND(C48*2*C50*C20, 2) -> 14730.14 | D107: kg | E107: ="=" & C48 & " × 2 × " & TEXT(C50,"0.00") & "m (" & TEXT(C48*2*C50,"0.0") & "m) × " & TEXT(C20,"0.00") & " kg/m" -> =74 × 2 × 15.60m (2308.8m) × 6.38 kg/m | F107: ="2 γωνιές L 70x70x6 ανά πάσσαλο στο ύψος εκσκαφής " & TEXT(C50,"0.00") & "m" -> 2 γωνιές L 70x70x6 ανά πάσσαλο στο ύψος εκσκαφής 15.60m
...

Sheet 2_Υπολογισμοί_&_Κοστολόγηση
A1: ΕΡΓΟ: BOLTON TOWER (BERLIN WALL & ΑΓΚΥΡΩΣΕΙΣ) — ΟΙΚΟΝΟΜΙΚΗ ΠΡΟΣΦΟΡΑ ΑΝΑ ΤΥΠΟ ΤΟΙΧΟΥ (TYPE A, TYPE B, TYPE C)
A2: ΕΚΔΟΣΗ ΚΑΝΟΝΩΝ v8 (BOX LAYOUT) | [ΚΙΤΡΙΝΟ #FFF2CC] = Τιμές Μονάδας Εταιρείας | [ΠΟΡΤΟΚΑΛΙ #FFE699] = Κουγκρί Πάκτωσης 120€ | Χωρίς Φ.Π.Α.
A4: α/α | B4: ΠΕΡΙΓΡΑΦΗ ΕΡΓΑΣΙΩΝ | C4: ΠΟΣΟΤΗΤΑ | D4: ΜΟΝ. | E4: ΤΙΜΗ (€) | F4: ΣΥΝΟΛΟ (€) | G4: ΤΕΛΙΚΟ ΠΟΣΟ (€) | H4: ΠΗΓΗ ΠΟΣΟΤΗΤΑΣ / ΤΕΧΝΙΚΟΣ ΚΑΝΟΝΑΣ & ΣΗΜΕΙΩΣΕΙΣ
A5: TYPE A | B5: ="BERLIN WALL TYPE A: " & '1_Στοιχεία_Μελέτης_&_Ποσότητες'!C32 & "No Ζεύγη HEB220, L=" & TEXT('1_Στοιχεία_Μελέτης_&_Ποσότητες'!C36,"0.00") & "m (Διάτρηση=" & TEXT(IF(ISBLANK('1_Στοιχεία_Μελέτης_&_Ποσότητες'!C37),'1_Στοιχεία_Μελέτης_&_Ποσότητες'!C36,'1_Στοιχεία_Μελέτης_&_Ποσότητες'!C37),"0.00") & "m), Εκσκαφή " & TEXT('1_Στοιχεία_Μελέτης_&_Ποσότητες'!C34,"0.00") & "m, " & TEXT('1_Στοιχεία_Μελέτης_&_Ποσότητες'!C33,"0.00") & " τρ.μ." -> BERLIN WALL TYPE A: 27No Ζεύγη HEB220, L=19.00m (Διάτρηση=19.00m), Εκσκαφή 17.00m, 40.50 τρ.μ. | C5: ='1_Στοιχεία_Μελέτης_&_Ποσότητες'!C33 -> 40.5 | D5: τρ.μ. | E5: =ROUND(F5/C5, 2) -> 7418.19 | F5: =SUM(F6:F20) -> 300436.75 | G5: ΤΕΛ. ΣΥΝΟΛΑ | H5: ="Σύνολο Τοίχου Α (Πυλώνες 2, 3 & 4 — HEB 220, " & '1_Στοιχεία_Μελέτης_&_Ποσότητες'!C32 & " πάσσαλοι, " & '1_Στοιχεία_Μελέτης_&_Ποσότητες'!C99 & " αγκυρώσεις)" -> Σύνολο Τοίχου Α (Πυλώνες 2, 3 & 4 — HEB 220, 27 πάσσαλοι, 108 αγκυρώσεις)
A6: A.1 | B6: ='1_Στοιχεία_Μελέτης_&_Ποσότητες'!B86 -> ΤΡΥΠΗΜΑ / ΕΚΣΚΑΦΗ ΝΕΦΚΩΝ Ø800mm = 27No X 19.00m (Όγκος: 257.86 m³) | C6: ='1_Στοιχεία_Μελέτης_&_Ποσότητες'!C86 -> 513 | D6: ='1_Στοιχεία_Μελέτης_&_Ποσότητες'!D86 -> m | E6: 75 | F6: =ROUND(C6*E6, 2) -> 38475 | G6: =F5 -> 300436.75 | H6: =IF(ISBLANK('1_Στοιχεία_Μελέτης_&_Ποσότητες'!C37),"Φύλλο 1 (A.1): " & '1_Στοιχεία_Μελέτης_&_Ποσότητες'!C32 & " πάσσαλοι × " & TEXT('1_Στοιχεία_Μελέτης_&_Ποσότητες'!C36,"0.00") & "m (χωρίς WPL, Όγκος " & TEXT(ROUND('1_Στοιχεία_Μελέτης_&_Ποσότητες'!C86*'1_Στοιχεία_Μελέτης_&_Ποσότητες'!C80,2),"#,##0.00") & " m³) @ 75.00 €/m","Φύλλο 1 (A.1 — ΜΕ WPL): " & '1_Στοιχεία_Μελέτης_&_Ποσότητες'!C32 & " πάσσαλοι × " & TEXT('1_Στοιχεία_Μελέτης_&_Ποσότητες'!C37,"0.00") & "m (Όγκος " & TEXT(ROUND('1_Στοιχεία_Μελέτης_&_Ποσότητες'!C86*'1_Στοιχεία_Μελέτης_&_Ποσότητες'!C80,2),"#,##0.00") & " m³) @ 75.00 €/m") -> Φύλλο 1 (A.1): 27 πάσσαλοι × 19.00m (χωρίς WPL, Όγκος 257.86 m³) @ 75.00 €/m
A7: A.2 | B7: ='1_Στοιχεία_Μελέτης_&_Ποσότητες'!B87 -> ΜΠΕΤΟΝ ΠΑΚΤΩΣΗΣ C30/37 = 27No X 1.50m X 0.503m³/m | C7: ='1_Στοιχεία_Μελέτης_&_Ποσότητες'!C87 -> 20.36 | D7: ='1_Στοιχεία_Μελέτης_&_Ποσότητες'!D87 -> m³ | E7: 120 | F7: =ROUND(C7*E7, 2) -> 2443.2 | H7: ="Φύλλο 1 (A.2): Πάκτωση H=" & TEXT('1_Στοιχεία_Μελέτης_&_Ποσότητες'!C35,"0.00") & "m σε Ø" & ('1_Στοιχεία_Μελέτης_&_Ποσότητες'!C11*1000) & "mm @ 120.00 €/m³ [Πορτοκαλί #FFE699]" -> Φύλλο 1 (A.2): Πάκτωση H=1.50m σε Ø800mm @ 120.00 €/m³ [Πορτοκαλί #FFE699]
A8: A.3 | B8: ='1_Στοιχεία_Μελέτης_&_Ποσότητες'!B88 -> HEB220 - ΠΡΟΜΗΘΕΙΑ, ΕΠΕΞΕΡΓΑΣΙΑ & ΤΟΠΟΘΕΤΗΣΗ (27No x 2No x 19.00m x 71.5kg/m) | C8: ='1_Στοιχεία_Μελέτης_&_Ποσότητες'!C88 -> 73359 | D8: ='1_Στοιχεία_Μελέτης_&_Ποσότητες'!D88 -> kg | E8: 1.4 | F8: =ROUND(C8*E8, 2) -> 102702.6 | H8: ="Φύλλο 1 (A.3): " & '1_Στοιχεία_Μελέτης_&_Ποσότητες'!C12 & " No. HEB 220 (" & TEXT('1_Στοιχεία_Μελέτης_&_Ποσότητες'!C13*'1_Στοιχεία_Μελέτης_&_Ποσότητες'!C12,"0.0") & " kg/m, L=" & TEXT('1_Στοιχεία_Μελέτης_&_Ποσότητες'!C36,"0.0") & "m) @ 1.40 €/kg" -> Φύλλο 1 (A.3): 2 No. HEB 220 (143.0 kg/m, L=19.0m) @ 1.40 €/kg
A9: A.4 | B9: ='1_Στοιχεία_Μελέτης_&_Ποσότητες'!B89 -> ΛΑΜΕΣ ΣΥΝΔΕΣΗΣ 200x200x10mm = 27No x (19No x 3.140kg) | C9: ='1_Στοιχεία_Μελέτης_&_Ποσότητες'!C89 -> 1610.82 | D9: ='1_Στοιχεία_Μελέτης_&_Ποσότητες'!D89 -> kg | E9: 1.6 | F9: =ROUND(C9*E9, 2) -> 2577.31 | H9: ="Φύλλο 1 (A.4): Λάμες " & '1_Στοιχεία_Μελέτης_&_Ποσότητες'!C16 & "x" & '1_Στοιχεία_Μελέτης_&_Ποσότητες'!C17 & "x" & '1_Στοιχεία_Μελέτης_&_Ποσότητες'!C18 & "mm (" & ('1_Στοιχεία_Μελέτης_&_Ποσότητες'!C36/'1_Στοιχεία_Μελέτης_&_Ποσότητες'!C15) & " λάμες/οπή = " & ('1_Στοιχεία_Μελέτης_&_Ποσότητες'!C32*('1_Στοιχεία_Μελέτης_&_Ποσότητες'!C36/'1_Στοιχεία_Μελέτης_&_Ποσότητες'!C15)) & " τεμ.) @ 1.60 €/kg" -> Φύλλο 1 (A.4): Λάμες 200x200x10mm (19 λάμες/οπή = 513 τεμ.) @ 1.60 €/kg
A10: A.5 | B10: ='1_Στοιχεία_Μελέτης_&_Ποσότητες'!B90 -> ΓΩΝΙΕΣ ΣΤΗΡΙΞΗΣ L70x70x6mm = 27No x 17.00m x 6.38kg/m x 2No | C10: ='1_Στοιχεία_Μελέτης_&_Ποσότητες'!C90 -> 5856.84 | D10: ='1_Στοιχεία_Μελέτης_&_Ποσότητες'!D90 -> kg | E10: 1.6 | F10: =ROUND(C10*E10, 2) -> 9370.94 | H10: ="Φύλλο 1 (A.5): 2 γωνιές L70x70x6 × " & TEXT('1_Στοιχεία_Μελέτης_&_Ποσότητες'!C34,"0.00") & "m (" & TEXT('1_Στοιχεία_Μελέτης_&_Ποσότητες'!C32*2*'1_Στοιχεία_Μελέτης_&_Ποσότητες'!C34,"0.0") & "m) @ 1.60 €/kg" -> Φύλλο 1 (A.5): 2 γωνιές L70x70x6 × 17.00m (918.0m) @ 1.60 €/kg
A11: A.6 | B11: ='1_Στοιχεία_Μελέτης_&_Ποσότητες'!B91 -> ΑΓΟΡΑ ΧΑΛΥΒΑ ΣΧΑΡΑΣ #Y8/150 = 688.50m² x 5.261kg/m² | C11: ='1_Στοιχεία_Μελέτης_&_Ποσότητες'!C91 -> 3622.2 | D11: ='1_Στοιχεία_Μελέτης_&_Ποσότητες'!D91 -> kg | E11: 2.5 | F11: =ROUND(C11*E11, 2) -> 9055.5 | H11: ="Φύλλο 1 (A.6): Σχάρα #Y" & '1_Στοιχεία_Μελέτης_&_Ποσότητες'!C21 & "/" & '1_Στοιχεία_Μελέτης_&_Ποσότητες'!C22 & " (" & TEXT('1_Στοιχεία_Μελέτης_&_Ποσότητες'!C81,"0.000") & " kg/m²) @ 2.50 €/kg αγορά" -> Φύλλο 1 (A.6): Σχάρα #Y8/150 (5.261 kg/m²) @ 2.50 €/kg αγορά
A12: A.7 | B12: ='1_Στοιχεία_Μελέτης_&_Ποσότητες'!B92 -> ΤΟΠΟΘΕΤΗΣΗ ΣΧΑΡΑΣ ΜΕΤΩΠΟΥ = 40.50m X 17.00m | C12: ='1_Στοιχεία_Μελέτης_&_Ποσότητες'!C92 -> 688.5 | D12: ='1_Στοιχεία_Μελέτης_&_Ποσότητες'!D92 -> m² | E12: 15 | F12: =ROUND(C12*E12, 2) -> 10327.5 | H12: ="Φύλλο 1 (A.7): Εργατικά τοποθέτησης σχάρας μετώπου (" & TEXT('1_Στοιχεία_Μελέτης_&_Ποσότητες'!C33,"0.0") & "m × " & TEXT('1_Στοιχεία_Μελέτης_&_Ποσότητες'!C34,"0.0") & "m) @ 15.00 €/m²" -> Φύλλο 1 (A.7): Εργατικά τοποθέτησης σχάρας μετώπου (40.5m × 17.0m) @ 15.00 €/m²
A13: A.8 | B13: ='1_Στοιχεία_Μελέτης_&_Ποσότητες'!B93 -> ΑΓΟΡΑ ΣΚΥΡΟΔΕΜΑΤΟΣ SHOTCRETE C30/37 = 688.50m² x 0.15m | C13: ='1_Στοιχεία_Μελέτης_&_Ποσότητες'!C93 -> 103.28 | D13: ='1_Στοιχεία_Μελέτης_&_Ποσότητες'!D93 -> m³ | E13: 90 | F13: =ROUND(C13*E13, 2) -> 9295.2 | H13: ="Φύλλο 1 (A.8): Αγορά " & '1_Στοιχεία_Μελέτης_&_Ποσότητες'!C23 & " ονομαστικού πάχους " & ('1_Στοιχεία_Μελέτης_&_Ποσότητες'!C24*100) & "cm @ 90.00 €/m³" -> Φύλλο 1 (A.8): Αγορά C30/37 ονομαστικού πάχους 15cm @ 90.00 €/m³
A14: A.9 | B14: ='1_Στοιχεία_Μελέτης_&_Ποσότητες'!B94 -> ΤΟΠΟΘΕΤΗΣΗ / ΕΚΤΟΞΕΥΣΗ SHOTCRETE = 688.50m² x 0.15m (με απώλεια +33.3%) | C14: ='1_Στοιχεία_Μελέτης_&_Ποσότητες'!C94 -> 103.28 | D14: ='1_Στοιχεία_Μελέτης_&_Ποσότητες'!D94 -> m³ | E14: =ROUND((200*(1+'1_Στοιχεία_Μελέτης_&_Ποσότητες'!C83))-90, 2) -> 176.67 | F14: =ROUND(C14*E14, 2) -> 18246.48 | H14: ="Φύλλο 1 (A.9): Εκτόξευση/Αντλία = Βάση 200€ × (1+" & TEXT('1_Στοιχεία_Μελέτης_&_Ποσότητες'!C83,"0.0%") & " απώλεια) - 90€" -> Φύλλο 1 (A.9): Εκτόξευση/Αντλία = Βάση 200€ × (1+33.3% απώλεια) - 90€
A15: A.10 | B15: ='1_Στοιχεία_Μελέτης_&_Ποσότητες'!B95 -> ΔΙΑΤΡΗΣΗ ΑΓΚΥΡΩΣΕΩΝ Ø120mm (4 Σειρές: L1=20m, L2=19.5m, L3=20m, L4=18.5m) | C15: ='1_Στοιχεία_Μελέτης_&_Ποσότητες'!C95 -> 2106 | D15: ='1_Στοιχεία_Μελέτης_&_Ποσότητες'!D95 -> m | E15: 30 | F15: =ROUND(C15*E15, 2) -> 63180 | H15: ="Φύλλο 1 (A.10): Διάτρηση " & '1_Στοιχεία_Μελέτης_&_Ποσότητες'!C99 & " αγκυρώσεων Ø" & ('1_Στοιχεία_Μελέτης_&_Ποσότητες'!C26*1000) & "mm (Σειρές 1-4: " & '1_Στοιχεία_Μελέτης_&_Ποσότητες'!C38 & "m, " & '1_Στοιχεία_Μελέτης_&_Ποσότητες'!C40 & "m, " & '1_Στοιχεία_Μελέτης_&_Ποσότητες'!C42 & "m, " & '1_Στοιχεία_Μελέτης_&_Ποσότητες'!C44 & "m) @ 30.00 €/m" -> Φύλλο 1 (A.10): Διάτρηση 108 αγκυρώσεων Ø120mm (Σειρές 1-4: 20m, 19.5m, 20m, 18.5m) @ 30.00 €/m
A16: A.11 | B16: ='1_Στοιχεία_Μελέτης_&_Ποσότητες'!B96 -> GROUT ΤΣΙΜΕΝΤΕΝΕΜΑ ΑΓΚΥΡΩΣΕΩΝ (με απώλεια 1.20) = 2,106.00m x 0.0136m³/m | C16: ='1_Στοιχεία_Μελέτης_&_Ποσότητες'!C96 -> 28.58 | D16: ='1_Στοιχεία_Μελέτης_&_Ποσότητες'!D96 -> m³ | E16: 500 | F16: =ROUND(C16*E16, 2) -> 14290 | H16: ="Φύλλο 1 (A.11): Grout Ø" & ('1_Στοιχεία_Μελέτης_&_Ποσότητες'!C26*1000) & "mm με απώλεια " & TEXT('1_Στοιχεία_Μελέτης_&_Ποσότητες'!C27,"0.00") & " (" & TEXT('1_Στοιχεία_Μελέτης_&_Ποσότητες'!C82,"0.000000") & " m³/m) @ 500.00 €/m³" -> Φύλλο 1 (A.11): Grout Ø120mm με απώλεια 1.20 (0.013572 m³/m) @ 500.00 €/m³
A17: A.12 | B17: ='1_Στοιχεία_Μελέτης_&_Ποσότητες'!B97 -> ΤΕΝΟΝΤΕΣ 0.6'' (2 ΚΑΛΩΔΙΑ) — Σειρά 1 (L=20m) & Σειρά 2 (L=19.5m) (+1.0m) | C17: ='1_Στοιχεία_Μελέτης_&_Ποσότητες'!C97 -> 2241 | D17: ='1_Στοιχεία_Μελέτης_&_Ποσότητες'!D97 -> m | E17: 2.28 | F17: =ROUND(C17*E17, 2) -> 5109.48 | H17: ="Φύλλο 1 (A.12): " & ('1_Στοιχεία_Μελέτης_&_Ποσότητες'!C32*2) & " αγκυρώσεις " & '1_Στοιχεία_Μελέτης_&_Ποσότητες'!C39 & "-strands (Σειρά 1 L=" & '1_Στοιχεία_Μελέτης_&_Ποσότητες'!C38 & "m & Σειρά 2 L=" & '1_Στοιχεία_Μελέτης_&_Ποσότητες'!C40 & "m, +" & TEXT('1_Στοιχεία_Μελέτης_&_Ποσότητες'!C28,"0.0") & "m) @ 2.28 €/m" -> Φύλλο 1 (A.12): 54 αγκυρώσεις 2-strands (Σειρά 1 L=20m & Σειρά 2 L=19.5m, +1.0m) @ 2.28 €/m
A18: A.13 | B18: ='1_Στοιχεία_Μελέτης_&_Ποσότητες'!B98 -> ΤΕΝΟΝΤΕΣ 0.6'' (3 ΚΑΛΩΔΙΑ) — Σειρά 3 (L=20m) & Σειρά 4 (L=18.5m) (+1.0m) | C18: ='1_Στοιχεία_Μελέτης_&_Ποσότητες'!C98 -> 3280.5 | D18: ='1_Στοιχεία_Μελέτης_&_Ποσότητες'!D98 -> m | E18: 2.28 | F18: =ROUND(C18*E18, 2) -> 7479.54 | H18: ="Φύλλο 1 (A.13): " & ('1_Στοιχεία_Μελέτης_&_Ποσότητες'!C32*2) & " αγκυρώσεις " & '1_Στοιχεία_Μελέτης_&_Ποσότητες'!C43 & "-strands (Σειρά 3 L=" & '1_Στοιχεία_Μελέτης_&_Ποσότητες'!C42 & "m & Σειρά 4 L=" & '1_Στοιχεία_Μελέτης_&_Ποσότητες'!C44 & "m, +" & TEXT('1_Στοιχεία_Μελέτης_&_Ποσότητες'!C28,"0.0") & "m) @ 2.28 €/m" -> Φύλλο 1 (A.13): 54 αγκυρώσεις 3-strands (Σειρά 3 L=20m & Σειρά 4 L=18.5m, +1.0m) @ 2.28 €/m
A19: A.14 | B19: ='1_Στοιχεία_Μελέτης_&_Ποσότητες'!B99 -> ΠΡΟΕΝΤΑΣΗ ΑΓΚΥΡΩΣΕΩΝ (STRESSING & LOCK-OFF) = 4 Σειρές X 27No | C19: ='1_Στοιχεία_Μελέτης_&_Ποσότητες'!C99 -> 108 | D19: ='1_Στοιχεία_Μελέτης_&_Ποσότητες'!D99 -> No | E19: 18 | F19: =ROUND(C19*E19, 2) -> 1944 | H19: ="Φύλλο 1 (A.14): Προένταση (Stressing & Lock-off) " & '1_Στοιχεία_Μελέτης_&_Ποσότητες'!C99 & " αγκυρώσεων Type A @ 18.00 €/No" -> Φύλλο 1 (A.14): Προένταση (Stressing & Lock-off) 108 αγκυρώσεων Type A @ 18.00 €/No
A20: A.15 | B20: ='1_Στοιχεία_Μελέτης_&_Ποσότητες'!B100 -> ΚΕΦΑΛΕΣ ΑΓΚΥΡΩΣΗΣ (ANCHOR HEAD, WEDGES, PLATE) = 4 Σειρές X 27No | C20: ='1_Στοιχεία_Μελέτης_&_Ποσότητες'!C100 -> 108 | D20: ='1_Στοιχεία_Μελέτης_&_Ποσότητες'!D100 -> No | E20: 55 | F20: =ROUND(C20*E20, 2) -> 5940 | H20: ="Φύλλο 1 (A.15): Πλήρες σετ κεφαλής (Head, Wedges, Plate) " & '1_Στοιχεία_Μελέτης_&_Ποσότητες'!C100 & " αγκυρώσεων Type A @ 55.00 €/No" -> Φύλλο 1 (A.15): Πλήρες σετ κεφαλής (Head, Wedges, Plate) 108 αγκυρώσεων Type A @ 55.00 €/No
A22: TYPE B | B22: ="BERLIN WALL TYPE B: " & '1_Στοιχεία_Μελέτης_&_Ποσότητες'!C48 & "No Ζεύγη HEB200, L=" & TEXT('1_Στοιχεία_Μελέτης_&_Ποσότητες'!C52,"0.00") & "m (Διάτρηση=" & TEXT(IF(ISBLANK('1_Στοιχεία_Μελέτης_&_Ποσότητες'!C53),'1_Στοιχεία_Μελέτης_&_Ποσότητες'!C52,'1_Στοιχεία_Μελέτης_&_Ποσότητες'!C53),"0.00") & "m), Εκσκαφή " & TEXT('1_Στοιχεία_Μελέτης_&_Ποσότητες'!C50,"0.00") & "m, " & TEXT('1_Στοιχεία_Μελέτης_&_Ποσότητες'!C49,"0.00") & " τρ.μ." -> BERLIN WALL TYPE B: 74No Ζεύγη HEB200, L=17.00m (Διάτρηση=17.00m), Εκσκαφή 15.60m, 111.00 τρ.μ. | C22: ='1_Στοιχεία_Μελέτης_&_Ποσότητες'!C49 -> 111 | D22: τρ.μ. | E22: =ROUND(F22/C22, 2) -> 6519.12 | F22: =SUM(F23:F37) -> 723622.84 | G22: ΤΕΛ. ΣΥΝΟΛΑ | H22: ="Σύνολο Τοίχου Β (Πυλώνες 2, 3 & 4 — HEB 200, " & '1_Στοιχεία_Μελέτης_&_Ποσότητες'!C48 & " πάσσαλοι, " & '1_Στοιχεία_Μελέτης_&_Ποσότητες'!C116 & " αγκυρώσεις)" -> Σύνολο Τοίχου Β (Πυλώνες 2, 3 & 4 — HEB 200, 74 πάσσαλοι, 296 αγκυρώσεις)
A23: B.1 | B23: ='1_Στοιχεία_Μελέτης_&_Ποσότητες'!B103 -> ΤΡΥΠΗΜΑ / ΕΚΣΚΑΦΗ ΝΕΦΚΩΝ Ø800mm = 74No X 17.00m (Όγκος: 632.34 m³) | C23: ='1_Στοιχεία_Μελέτης_&_Ποσότητες'!C103 -> 1258 | D23: ='1_Στοιχεία_Μελέτης_&_Ποσότητες'!D103 -> m | E23: 75 | F23: =ROUND(C23*E23, 2) -> 94350 | G23: =F22 -> 723622.84 | H23: =IF(ISBLANK('1_Στοιχεία_Μελέτης_&_Ποσότητες'!C53),"Φύλλο 1 (B.1): " & '1_Στοιχεία_Μελέτης_&_Ποσότητες'!C48 & " πάσσαλοι × " & TEXT('1_Στοιχεία_Μελέτης_&_Ποσότητες'!C52,"0.00") & "m (χωρίς WPL, Όγκος " & TEXT(ROUND('1_Στοιχεία_Μελέτης_&_Ποσότητες'!C103*'1_Στοιχεία_Μελέτης_&_Ποσότητες'!C80,2),"#,##0.00") & " m³) @ 75.00 €/m","Φύλλο 1 (B.1 — ΜΕ WPL): " & '1_Στοιχεία_Μελέτης_&_Ποσότητες'!C48 & " πάσσαλοι × " & TEXT('1_Στοιχεία_Μελέτης_&_Ποσότητες'!C53,"0.00") & "m (Όγκος " & TEXT(ROUND('1_Στοιχεία_Μελέτης_&_Ποσότητες'!C103*'1_Στοιχεία_Μελέτης_&_Ποσότητες'!C80,2),"#,##0.00") & " m³) @ 75.00 €/m") -> Φύλλο 1 (B.1): 74 πάσσαλοι × 17.00m (χωρίς WPL, Όγκος 632.34 m³) @ 75.00 €/m
A24: B.2 | B24: ='1_Στοιχεία_Μελέτης_&_Ποσότητες'!B104 -> ΜΠΕΤΟΝ ΠΑΚΤΩΣΗΣ C30/37 = 74No X 1.50m X 0.503m³/m | C24: ='1_Στοιχεία_Μελέτης_&_Ποσότητες'!C104 -> 55.79 | D24: ='1_Στοιχεία_Μελέτης_&_Ποσότητες'!D104 -> m³ | E24: 120 | F24: =ROUND(C24*E24, 2) -> 6694.8 | H24: ="Φύλλο 1 (B.2): Πάκτωση H=" & TEXT('1_Στοιχεία_Μελέτης_&_Ποσότητες'!C51,"0.00") & "m σε Ø" & ('1_Στοιχεία_Μελέτης_&_Ποσότητες'!C11*1000) & "mm @ 120.00 €/m³ [Πορτοκαλί #FFE699]" -> Φύλλο 1 (B.2): Πάκτωση H=1.50m σε Ø800mm @ 120.00 €/m³ [Πορτοκαλί #FFE699]
A25: B.3 | B25: ='1_Στοιχεία_Μελέτης_&_Ποσότητες'!B105 -> HEB200 - ΠΡΟΜΗΘΕΙΑ, ΕΠΕΞΕΡΓΑΣΙΑ & ΤΟΠΟΘΕΤΗΣΗ (74No x 2No x 17.00m x 61.3kg/m) | C25: ='1_Στοιχεία_Μελέτης_&_Ποσότητες'!C105 -> 154230.8 | D25: ='1_Στοιχεία_Μελέτης_&_Ποσότητες'!D105 -> kg | E25: 1.4 | F25: =ROUND(C25*E25, 2) -> 215923.12 | H25: ="Φύλλο 1 (B.3): " & '1_Στοιχεία_Μελέτης_&_Ποσότητες'!C12 & " No. HEB 200 (" & TEXT('1_Στοιχεία_Μελέτης_&_Ποσότητες'!C14*'1_Στοιχεία_Μελέτης_&_Ποσότητες'!C12,"0.0") & " kg/m, L=" & TEXT('1_Στοιχεία_Μελέτης_&_Ποσότητες'!C52,"0.0") & "m) @ 1.40 €/kg" -> Φύλλο 1 (B.3): 2 No. HEB 200 (122.6 kg/m, L=17.0m) @ 1.40 €/kg
A26: B.4 | B26: ='1_Στοιχεία_Μελέτης_&_Ποσότητες'!B106 -> ΛΑΜΕΣ ΣΥΝΔΕΣΗΣ 200x200x10mm = 74No x (17No x 3.140kg) | C26: ='1_Στοιχεία_Μελέτης_&_Ποσότητες'!C106 -> 3950.12 | D26: ='1_Στοιχεία_Μελέτης_&_Ποσότητες'!D106 -> kg | E26: 1.6 | F26: =ROUND(C26*E26, 2) -> 6320.19 | H26: ="Φύλλο 1 (B.4): Λάμες " & '1_Στοιχεία_Μελέτης_&_Ποσότητες'!C16 & "x" & '1_Στοιχεία_Μελέτης_&_Ποσότητες'!C17 & "x" & '1_Στοιχεία_Μελέτης_&_Ποσότητες'!C18 & "mm (" & ('1_Στοιχεία_Μελέτης_&_Ποσότητες'!C52/'1_Στοιχεία_Μελέτης_&_Ποσότητες'!C15) & " λάμες/οπή = " & ('1_Στοιχεία_Μελέτης_&_Ποσότητες'!C48*('1_Στοιχεία_Μελέτης_&_Ποσότητες'!C52/'1_Στοιχεία_Μελέτης_&_Ποσότητες'!C15)) & " τεμ.) @ 1.60 €/kg" -> Φύλλο 1 (B.4): Λάμες 200x200x10mm (17 λάμες/οπή = 1258 τεμ.) @ 1.60 €/kg
A27: B.5 | B27: ='1_Στοιχεία_Μελέτης_&_Ποσότητες'!B107 -> ΓΩΝΙΕΣ ΣΤΗΡΙΞΗΣ L70x70x6mm = 74No x 15.60m x 6.38kg/m x 2No | C27: ='1_Στοιχεία_Μελέτης_&_Ποσότητες'!C107 -> 14730.14 | D27: ='1_Στοιχεία_Μελέτης_&_Ποσότητες'!D107 -> kg | E27: 1.6 | F27: =ROUND(C27*E27, 2) -> 23568.22 | H27: ="Φύλλο 1 (B.5): 2 γωνιές L70x70x6 × " & TEXT('1_Στοιχεία_Μελέτης_&_Ποσότητες'!C50,"0.00") & "m (" & TEXT('1_Στοιχεία_Μελέτης_&_Ποσότητες'!C48*2*'1_Στοιχεία_Μελέτης_&_Ποσότητες'!C50,"0.0") & "m) @ 1.60 €/kg" -> Φύλλο 1 (B.5): 2 γωνιές L70x70x6 × 15.60m (2308.8m) @ 1.60 €/kg
A28: B.6 | B28: ='1_Στοιχεία_Μελέτης_&_Ποσότητες'!B108 -> ΑΓΟΡΑ ΧΑΛΥΒΑ ΣΧΑΡΑΣ #Y8/150 = 1,731.60m² x 5.261kg/m² | C28: ='1_Στοιχεία_Μελέτης_&_Ποσότητες'!C108 -> 9109.95 | D28: ='1_Στοιχεία_Μελέτης_&_Ποσότητες'!D108 -> kg | E28: 2.5 | F28: =ROUND(C28*E28, 2) -> 22774.88 | H28: ="Φύλλο 1 (B.6): Σχάρα #Y" & '1_Στοιχεία_Μελέτης_&_Ποσότητες'!C21 & "/" & '1_Στοιχεία_Μελέτης_&_Ποσότητες'!C22 & " (" & TEXT('1_Στοιχεία_Μελέτης_&_Ποσότητες'!C81,"0.000") & " kg/m²) @ 2.50 €/kg αγορά" -> Φύλλο 1 (B.6): Σχάρα #Y8/150 (5.261 kg/m²) @ 2.50 €/kg αγορά
A29: B.7 | B29: ='1_Στοιχεία_Μελέτης_&_Ποσότητες'!B109 -> ΤΟΠΟΘΕΤΗΣΗ ΣΧΑΡΑΣ ΜΕΤΩΠΟΥ = 111.00m X 15.60m | C29: ='1_Στοιχεία_Μελέτης_&_Ποσότητες'!C109 -> 1731.6 | D29: ='1_Στοιχεία_Μελέτης_&_Ποσότητες'!D109 -> m² | E29: 15 | F29: =ROUND(C29*E29, 2) -> 25974 | H29: ="Φύλλο 1 (B.7): Εργατικά τοποθέτησης σχάρας μετώπου (" & TEXT('1_Στοιχεία_Μελέτης_&_Ποσότητες'!C49,"0.0") & "m × " & TEXT('1_Στοιχεία_Μελέτης_&_Ποσότητες'!C50,"0.0") & "m) @ 15.00 €/m²" -> Φύλλο 1 (B.7): Εργατικά τοποθέτησης σχάρας μετώπου (111.0m × 15.6m) @ 15.00 €/m²
A30: B.8 | B30: ='1_Στοιχεία_Μελέτης_&_Ποσότητες'!B110 -> ΑΓΟΡΑ ΣΚΥΡΟΔΕΜΑΤΟΣ SHOTCRETE C30/37 = 1,731.60m² x 0.15m | C30: ='1_Στοιχεία_Μελέτης_&_Ποσότητες'!C110 -> 259.74 | D30: ='1_Στοιχεία_Μελέτης_&_Ποσότητες'!D110 -> m³ | E30: 90 | F30: =ROUND(C30*E30, 2) -> 23376.6 | H30: ="Φύλλο 1 (B.8): Αγορά " & '1_Στοιχεία_Μελέτης_&_Ποσότητες'!C23 & " ονομαστικού πάχους " & ('1_Στοιχεία_Μελέτης_&_Ποσότητες'!C24*100) & "cm @ 90.00 €/m³" -> Φύλλο 1 (B.8): Αγορά C30/37 ονομαστικού πάχους 15cm @ 90.00 €/m³
A31: B.9 | B31: ='1_Στοιχεία_Μελέτης_&_Ποσότητες'!B111 -> ΤΟΠΟΘΕΤΗΣΗ / ΕΚΤΟΞΕΥΣΗ SHOTCRETE = 1,731.60m² x 0.15m (με απώλεια +33.3%) | C31: ='1_Στοιχεία_Μελέτης_&_Ποσότητες'!C111 -> 259.74 | D31: ='1_Στοιχεία_Μελέτης_&_Ποσότητες'!D111 -> m³ | E31: =ROUND((200*(1+'1_Στοιχεία_Μελέτης_&_Ποσότητες'!C83))-90, 2) -> 176.67 | F31: =ROUND(C31*E31, 2) -> 45888.27 | H31: ="Φύλλο 1 (B.9): Εκτόξευση/Αντλία = Βάση 200€ × (1+" & TEXT('1_Στοιχεία_Μελέτης_&_Ποσότητες'!C83,"0.0%") & " απώλεια) - 90€" -> Φύλλο 1 (B.9): Εκτόξευση/Αντλία = Βάση 200€ × (1+33.3% απώλεια) - 90€
A32: B.10 | B32: ='1_Στοιχεία_Μελέτης_&_Ποσότητες'!B112 -> ΔΙΑΤΡΗΣΗ ΑΓΚΥΡΩΣΕΩΝ Ø120mm (4 Σειρές: L1=20m, L2=19.5m, L3=19.5m, L4=16m) | C32: ='1_Στοιχεία_Μελέτης_&_Ποσότητες'!C112 -> 5550 | D32: ='1_Στοιχεία_Μελέτης_&_Ποσότητες'!D112 -> m | E32: 30 | F32: =ROUND(C32*E32, 2) -> 166500 | H32: ="Φύλλο 1 (B.10): Διάτρηση " & '1_Στοιχεία_Μελέτης_&_Ποσότητες'!C116 & " αγκυρώσεων Ø" & ('1_Στοιχεία_Μελέτης_&_Ποσότητες'!C26*1000) & "mm (Σειρές 1-4: " & '1_Στοιχεία_Μελέτης_&_Ποσότητες'!C54 & "m, " & '1_Στοιχεία_Μελέτης_&_Ποσότητες'!C56 & "m, " & '1_Στοιχεία_Μελέτης_&_Ποσότητες'!C58 & "m, " & '1_Στοιχεία_Μελέτης_&_Ποσότητες'!C60 & "m) @ 30.00 €/m" -> Φύλλο 1 (B.10): Διάτρηση 296 αγκυρώσεων Ø120mm (Σειρές 1-4: 20m, 19.5m, 19.5m, 16m) @ 30.00 €/m
A33: B.11 | B33: ='1_Στοιχεία_Μελέτης_&_Ποσότητες'!B113 -> GROUT ΤΣΙΜΕΝΤΕΝΕΜΑ ΑΓΚΥΡΩΣΕΩΝ (με απώλεια 1.20) = 5,550.00m x 0.0136m³/m | C33: ='1_Στοιχεία_Μελέτης_&_Ποσότητες'!C113 -> 75.32 | D33: ='1_Στοιχεία_Μελέτης_&_Ποσότητες'!D113 -> m³ | E33: 500 | F33: =ROUND(C33*E33, 2) -> 37660 | H33: ="Φύλλο 1 (B.11): Grout Ø" & ('1_Στοιχεία_Μελέτης_&_Ποσότητες'!C26*1000) & "mm με απώλεια " & TEXT('1_Στοιχεία_Μελέτης_&_Ποσότητες'!C27,"0.00") & " (" & TEXT('1_Στοιχεία_Μελέτης_&_Ποσότητες'!C82,"0.000000") & " m³/m) @ 500.00 €/m³" -> Φύλλο 1 (B.11): Grout Ø120mm με απώλεια 1.20 (0.013572 m³/m) @ 500.00 €/m³
A34: B.12 | B34: ='1_Στοιχεία_Μελέτης_&_Ποσότητες'!B114 -> ΤΕΝΟΝΤΕΣ 0.6'' (2 ΚΑΛΩΔΙΑ) — Σειρά 1 (L=20m) & Σειρά 2 (L=19.5m) (+1.0m) | C34: ='1_Στοιχεία_Μελέτης_&_Ποσότητες'!C114 -> 6142 | D34: ='1_Στοιχεία_Μελέτης_&_Ποσότητες'!D114 -> m | E34: 2.28 | F34: =ROUND(C34*E34, 2) -> 14003.76 | H34: ="Φύλλο 1 (B.12): " & ('1_Στοιχεία_Μελέτης_&_Ποσότητες'!C48*2) & " αγκυρώσεις " & '1_Στοιχεία_Μελέτης_&_Ποσότητες'!C55 & "-strands (Σειρά 1 L=" & '1_Στοιχεία_Μελέτης_&_Ποσότητες'!C54 & "m & Σειρά 2 L=" & '1_Στοιχεία_Μελέτης_&_Ποσότητες'!C56 & "m, +" & TEXT('1_Στοιχεία_Μελέτης_&_Ποσότητες'!C28,"0.0") & "m) @ 2.28 €/m" -> Φύλλο 1 (B.12): 148 αγκυρώσεις 2-strands (Σειρά 1 L=20m & Σειρά 2 L=19.5m, +1.0m) @ 2.28 €/m
A35: B.13 | B35: ='1_Στοιχεία_Μελέτης_&_Ποσότητες'!B115 -> ΤΕΝΟΝΤΕΣ 0.6'' (3 ΚΑΛΩΔΙΑ) — Σειρά 3 (L=19.5m) & Σειρά 4 (L=16m) (+1.0m) | C35: ='1_Στοιχεία_Μελέτης_&_Ποσότητες'!C115 -> 8325 | D35: ='1_Στοιχεία_Μελέτης_&_Ποσότητες'!D115 -> m | E35: 2.28 | F35: =ROUND(C35*E35, 2) -> 18981 | H35: ="Φύλλο 1 (B.13): " & ('1_Στοιχεία_Μελέτης_&_Ποσότητες'!C48*2) & " αγκυρώσεις " & '1_Στοιχεία_Μελέτης_&_Ποσότητες'!C59 & "-strands (Σειρά 3 L=" & '1_Στοιχεία_Μελέτης_&_Ποσότητες'!C58 & "m & Σειρά 4 L=" & '1_Στοιχεία_Μελέτης_&_Ποσότητες'!C60 & "m, +" & TEXT('1_Στοιχεία_Μελέτης_&_Ποσότητες'!C28,"0.0") & "m) @ 2.28 €/m" -> Φύλλο 1 (B.13): 148 αγκυρώσεις 3-strands (Σειρά 3 L=19.5m & Σειρά 4 L=16m, +1.0m) @ 2.28 €/m
A36: B.14 | B36: ='1_Στοιχεία_Μελέτης_&_Ποσότητες'!B116 -> ΠΡΟΕΝΤΑΣΗ ΑΓΚΥΡΩΣΕΩΝ (STRESSING & LOCK-OFF) = 4 Σειρές X 74No | C36: ='1_Στοιχεία_Μελέτης_&_Ποσότητες'!C116 -> 296 | D36: ='1_Στοιχεία_Μελέτης_&_Ποσότητες'!D116 -> No | E36: 18 | F36: =ROUND(C36*E36, 2) -> 5328 | H36: ="Φύλλο 1 (B.14): Προένταση (Stressing & Lock-off) " & '1_Στοιχεία_Μελέτης_&_Ποσότητες'!C116 & " αγκυρώσεων Type B @ 18.00 €/No" -> Φύλλο 1 (B.14): Προένταση (Stressing & Lock-off) 296 αγκυρώσεων Type B @ 18.00 €/No
A37: B.15 | B37: ='1_Στοιχεία_Μελέτης_&_Ποσότητες'!B117 -> ΚΕΦΑΛΕΣ ΑΓΚΥΡΩΣΗΣ (ANCHOR HEAD, WEDGES, PLATE) = 4 Σειρές X 74No | C37: ='1_Στοιχεία_Μελέτης_&_Ποσότητες'!C117 -> 296 | D37: ='1_Στοιχεία_Μελέτης_&_Ποσότητες'!D117 -> No | E37: 55 | F37: =ROUND(C37*E37, 2) -> 16280 | H37: ="Φύλλο 1 (B.15): Πλήρες σετ κεφαλής (Head, Wedges, Plate) " & '1_Στοιχεία_Μελέτης_&_Ποσότητες'!C117 & " αγκυρώσεων Type B @ 55.00 €/No" -> Φύλλο 1 (B.15): Πλήρες σετ κεφαλής (Head, Wedges, Plate) 296 αγκυρώσεων Type B @ 55.00 €/No
A39: TYPE C | B39: ="BERLIN WALL TYPE C: " & '1_Στοιχεία_Μελέτης_&_Ποσότητες'!C64 & "No Ζεύγη HEB200, L=" & TEXT('1_Στοιχεία_Μελέτης_&_Ποσότητες'!C68,"0.00") & "m (Διάτρηση=" & TEXT(IF(ISBLANK('1_Στοιχεία_Μελέτης_&_Ποσότητες'!C69),'1_Στοιχεία_Μελέτης_&_Ποσότητες'!C68,'1_Στοιχεία_Μελέτης_&_Ποσότητες'!C69),"0.00") & "m), Εκσκαφή " & TEXT('1_Στοιχεία_Μελέτης_&_Ποσότητες'!C66,"0.00") & "m, " & TEXT('1_Στοιχεία_Μελέτης_&_Ποσότητες'!C65,"0.00") & " τρ.μ." -> BERLIN WALL TYPE C: 15No Ζεύγη HEB200, L=13.00m (Διάτρηση=13.00m), Εκσκαφή 11.10m, 22.50 τρ.μ. | C39: ='1_Στοιχεία_Μελέτης_&_Ποσότητες'!C65 -> 22.5 | D39: τρ.μ. | E39: =ROUND(F39/C39, 2) -> 4821.09 | F39: =SUM(F40:F53) -> 108474.48 | G39: ΤΕΛ. ΣΥΝΟΛΑ | H39: ="Σύνολο Τοίχου Γ (Πυλώνες 2, 3 & 4 — HEB 200, " & '1_Στοιχεία_Μελέτης_&_Ποσότητες'!C64 & " πάσσαλοι, " & '1_Στοιχεία_Μελέτης_&_Ποσότητες'!C132 & " αγκυρώσεις)" -> Σύνολο Τοίχου Γ (Πυλώνες 2, 3 & 4 — HEB 200, 15 πάσσαλοι, 45 αγκυρώσεις)
A40: C.1 | B40: ='1_Στοιχεία_Μελέτης_&_Ποσότητες'!B120 -> ΤΡΥΠΗΜΑ / ΕΚΣΚΑΦΗ ΝΕΦΚΩΝ Ø800mm = 15No X 13.00m (Όγκος: 98.02 m³) | C40: ='1_Στοιχεία_Μελέτης_&_Ποσότητες'!C120 -> 195 | D40: ='1_Στοιχεία_Μελέτης_&_Ποσότητες'!D120 -> m | E40: 75 | F40: =ROUND(C40*E40, 2) -> 14625 | G40: =F39 -> 108474.48 | H40: =IF(ISBLANK('1_Στοιχεία_Μελέτης_&_Ποσότητες'!C69),"Φύλλο 1 (C.1): " & '1_Στοιχεία_Μελέτης_&_Ποσότητες'!C64 & " πάσσαλοι × " & TEXT('1_Στοιχεία_Μελέτης_&_Ποσότητες'!C68,"0.00") & "m (χωρίς WPL, Όγκος " & TEXT(ROUND('1_Στοιχεία_Μελέτης_&_Ποσότητες'!C120*'1_Στοιχεία_Μελέτης_&_Ποσότητες'!C80,2),"#,##0.00") & " m³) @ 75.00 €/m","Φύλλο 1 (C.1 — ΜΕ WPL): " & '1_Στοιχεία_Μελέτης_&_Ποσότητες'!C64 & " πάσσαλοι × " & TEXT('1_Στοιχεία_Μελέτης_&_Ποσότητες'!C69,"0.00") & "m (Όγκος " & TEXT(ROUND('1_Στοιχεία_Μελέτης_&_Ποσότητες'!C120*'1_Στοιχεία_Μελέτης_&_Ποσότητες'!C80,2),"#,##0.00") & " m³) @ 75.00 €/m") -> Φύλλο 1 (C.1): 15 πάσσαλοι × 13.00m (χωρίς WPL, Όγκος 98.02 m³) @ 75.00 €/m
A41: C.2 | B41: ='1_Στοιχεία_Μελέτης_&_Ποσότητες'!B121 -> ΜΠΕΤΟΝ ΠΑΚΤΩΣΗΣ C30/37 = 15No X 1.50m X 0.503m³/m | C41: ='1_Στοιχεία_Μελέτης_&_Ποσότητες'!C121 -> 11.31 | D41: ='1_Στοιχεία_Μελέτης_&_Ποσότητες'!D121 -> m³ | E41: 120 | F41: =ROUND(C41*E41, 2) -> 1357.2 | H41: ="Φύλλο 1 (C.2): Πάκτωση H=" & TEXT('1_Στοιχεία_Μελέτης_&_Ποσότητες'!C67,"0.00") & "m σε Ø" & ('1_Στοιχεία_Μελέτης_&_Ποσότητες'!C11*1000) & "mm @ 120.00 €/m³ [Πορτοκαλί #FFE699]" -> Φύλλο 1 (C.2): Πάκτωση H=1.50m σε Ø800mm @ 120.00 €/m³ [Πορτοκαλί #FFE699]
A42: C.3 | B42: ='1_Στοιχεία_Μελέτης_&_Ποσότητες'!B122 -> HEB200 - ΠΡΟΜΗΘΕΙΑ, ΕΠΕΞΕΡΓΑΣΙΑ & ΤΟΠΟΘΕΤΗΣΗ (15No x 2No x 13.00m x 61.3kg/m) | C42: ='1_Στοιχεία_Μελέτης_&_Ποσότητες'!C122 -> 23907 | D42: ='1_Στοιχεία_Μελέτης_&_Ποσότητες'!D122 -> kg | E42: 1.4 | F42: =ROUND(C42*E42, 2) -> 33469.8 | H42: ="Φύλλο 1 (C.3): " & '1_Στοιχεία_Μελέτης_&_Ποσότητες'!C12 & " No. HEB 200 (" & TEXT('1_Στοιχεία_Μελέτης_&_Ποσότητες'!C14*'1_Στοιχεία_Μελέτης_&_Ποσότητες'!C12,"0.0") & " kg/m, L=" & TEXT('1_Στοιχεία_Μελέτης_&_Ποσότητες'!C68,"0.0") & "m) @ 1.40 €/kg" -> Φύλλο 1 (C.3): 2 No. HEB 200 (122.6 kg/m, L=13.0m) @ 1.40 €/kg
A43: C.4 | B43: ='1_Στοιχεία_Μελέτης_&_Ποσότητες'!B123 -> ΛΑΜΕΣ ΣΥΝΔΕΣΗΣ 200x200x10mm = 15No x (13No x 3.140kg) | C43: ='1_Στοιχεία_Μελέτης_&_Ποσότητες'!C123 -> 612.3 | D43: ='1_Στοιχεία_Μελέτης_&_Ποσότητες'!D123 -> kg | E43: 1.6 | F43: =ROUND(C43*E43, 2) -> 979.68 | H43: ="Φύλλο 1 (C.4): Λάμες " & '1_Στοιχεία_Μελέτης_&_Ποσότητες'!C16 & "x" & '1_Στοιχεία_Μελέτης_&_Ποσότητες'!C17 & "x" & '1_Στοιχεία_Μελέτης_&_Ποσότητες'!C18 & "mm (" & ('1_Στοιχεία_Μελέτης_&_Ποσότητες'!C68/'1_Στοιχεία_Μελέτης_&_Ποσότητες'!C15) & " λάμες/οπή = " & ('1_Στοιχεία_Μελέτης_&_Ποσότητες'!C64*('1_Στοιχεία_Μελέτης_&_Ποσότητες'!C68/'1_Στοιχεία_Μελέτης_&_Ποσότητες'!C15)) & " τεμ.) @ 1.60 €/kg" -> Φύλλο 1 (C.4): Λάμες 200x200x10mm (13 λάμες/οπή = 195 τεμ.) @ 1.60 €/kg
A44: C.5 | B44: ='1_Στοιχεία_Μελέτης_&_Ποσότητες'!B124 -> ΓΩΝΙΕΣ ΣΤΗΡΙΞΗΣ L70x70x6mm = 15No x 11.10m x 6.38kg/m x 2No | C44: ='1_Στοιχεία_Μελέτης_&_Ποσότητες'!C124 -> 2124.54 | D44: ='1_Στοιχεία_Μελέτης_&_Ποσότητες'!D124 -> kg | E44: 1.6 | F44: =ROUND(C44*E44, 2) -> 3399.26 | H44: ="Φύλλο 1 (C.5): 2 γωνιές L70x70x6 × " & TEXT('1_Στοιχεία_Μελέτης_&_Ποσότητες'!C66,"0.00") & "m (" & TEXT('1_Στοιχεία_Μελέτης_&_Ποσότητες'!C64*2*'1_Στοιχεία_Μελέτης_&_Ποσότητες'!C66,"0.0") & "m) @ 1.60 €/kg" -> Φύλλο 1 (C.5): 2 γωνιές L70x70x6 × 11.10m (333.0m) @ 1.60 €/kg
A45: C.6 | B45: ='1_Στοιχεία_Μελέτης_&_Ποσότητες'!B125 -> ΑΓΟΡΑ ΧΑΛΥΒΑ ΣΧΑΡΑΣ #Y8/150 = 249.75m² x 5.261kg/m² | C45: ='1_Στοιχεία_Μελέτης_&_Ποσότητες'!C125 -> 1313.93 | D45: ='1_Στοιχεία_Μελέτης_&_Ποσότητες'!D125 -> kg | E45: 2.5 | F45: =ROUND(C45*E45, 2) -> 3284.83 | H45: ="Φύλλο 1 (C.6): Σχάρα #Y" & '1_Στοιχεία_Μελέτης_&_Ποσότητες'!C21 & "/" & '1_Στοιχεία_Μελέτης_&_Ποσότητες'!C22 & " (" & TEXT('1_Στοιχεία_Μελέτης_&_Ποσότητες'!C81,"0.000") & " kg/m²) @ 2.50 €/kg αγορά" -> Φύλλο 1 (C.6): Σχάρα #Y8/150 (5.261 kg/m²) @ 2.50 €/kg αγορά
A46: C.7 | B46: ='1_Στοιχεία_Μελέτης_&_Ποσότητες'!B126 -> ΤΟΠΟΘΕΤΗΣΗ ΣΧΑΡΑΣ ΜΕΤΩΠΟΥ = 22.50m X 11.10m | C46: ='1_Στοιχεία_Μελέτης_&_Ποσότητες'!C126 -> 249.75 | D46: ='1_Στοιχεία_Μελέτης_&_Ποσότητες'!D126 -> m² | E46: 15 | F46: =ROUND(C46*E46, 2) -> 3746.25 | H46: ="Φύλλο 1 (C.7): Εργατικά τοποθέτησης σχάρας μετώπου (" & TEXT('1_Στοιχεία_Μελέτης_&_Ποσότητες'!C65,"0.0") & "m × " & TEXT('1_Στοιχεία_Μελέτης_&_Ποσότητες'!C66,"0.0") & "m) @ 15.00 €/m²" -> Φύλλο 1 (C.7): Εργατικά τοποθέτησης σχάρας μετώπου (22.5m × 11.1m) @ 15.00 €/m²
A47: C.8 | B47: ='1_Στοιχεία_Μελέτης_&_Ποσότητες'!B127 -> ΑΓΟΡΑ ΣΚΥΡΟΔΕΜΑΤΟΣ SHOTCRETE C30/37 = 249.75m² x 0.15m | C47: ='1_Στοιχεία_Μελέτης_&_Ποσότητες'!C127 -> 37.46 | D47: ='1_Στοιχεία_Μελέτης_&_Ποσότητες'!D127 -> m³ | E47: 90 | F47: =ROUND(C47*E47, 2) -> 3371.4 | H47: ="Φύλλο 1 (C.8): Αγορά " & '1_Στοιχεία_Μελέτης_&_Ποσότητες'!C23 & " ονομαστικού πάχους " & ('1_Στοιχεία_Μελέτης_&_Ποσότητες'!C24*100) & "cm @ 90.00 €/m³" -> Φύλλο 1 (C.8): Αγορά C30/37 ονομαστικού πάχους 15cm @ 90.00 €/m³
A48: C.9 | B48: ='1_Στοιχεία_Μελέτης_&_Ποσότητες'!B128 -> ΤΟΠΟΘΕΤΗΣΗ / ΕΚΤΟΞΕΥΣΗ SHOTCRETE = 249.75m² x 0.15m (με απώλεια +33.3%) | C48: ='1_Στοιχεία_Μελέτης_&_Ποσότητες'!C128 -> 37.46 | D48: ='1_Στοιχεία_Μελέτης_&_Ποσότητες'!D128 -> m³ | E48: =ROUND((200*(1+'1_Στοιχεία_Μελέτης_&_Ποσότητες'!C83))-90, 2) -> 176.67 | F48: =ROUND(C48*E48, 2) -> 6618.06 | H48: ="Φύλλο 1 (C.9): Εκτόξευση/Αντλία = Βάση 200€ × (1+" & TEXT('1_Στοιχεία_Μελέτης_&_Ποσότητες'!C83,"0.0%") & " απώλεια) - 90€" -> Φύλλο 1 (C.9): Εκτόξευση/Αντλία = Βάση 200€ × (1+33.3% απώλεια) - 90€
A49: C.10 | B49: ='1_Στοιχεία_Μελέτης_&_Ποσότητες'!B129 -> ΔΙΑΤΡΗΣΗ ΑΓΚΥΡΩΣΕΩΝ Ø120mm (3 Σειρές: L1=19m, L2=17m, L3=16m) | C49: ='1_Στοιχεία_Μελέτης_&_Ποσότητες'!C129 -> 780 | D49: ='1_Στοιχεία_Μελέτης_&_Ποσότητες'!D129 -> m | E49: 30 | F49: =ROUND(C49*E49, 2) -> 23400 | H49: ="Φύλλο 1 (C.10): Διάτρηση " & '1_Στοιχεία_Μελέτης_&_Ποσότητες'!C132 & " αγκυρώσεων Ø" & ('1_Στοιχεία_Μελέτης_&_Ποσότητες'!C26*1000) & "mm (Σειρές 1-3: " & '1_Στοιχεία_Μελέτης_&_Ποσότητες'!C70 & "m, " & '1_Στοιχεία_Μελέτης_&_Ποσότητες'!C72 & "m, " & '1_Στοιχεία_Μελέτης_&_Ποσότητες'!C74 & "m) @ 30.00 €/m" -> Φύλλο 1 (C.10): Διάτρηση 45 αγκυρώσεων Ø120mm (Σειρές 1-3: 19m, 17m, 16m) @ 30.00 €/m
A50: C.11 | B50: ='1_Στοιχεία_Μελέτης_&_Ποσότητες'!B130 -> GROUT ΤΣΙΜΕΝΤΕΝΕΜΑ ΑΓΚΥΡΩΣΕΩΝ (με απώλεια 1.20) = 780.00m x 0.0136m³/m | C50: ='1_Στοιχεία_Μελέτης_&_Ποσότητες'!C130 -> 10.59 | D50: ='1_Στοιχεία_Μελέτης_&_Ποσότητες'!D130 -> m³ | E50: 500 | F50: =ROUND(C50*E50, 2) -> 5295 | H50: ="Φύλλο 1 (C.11): Grout Ø" & ('1_Στοιχεία_Μελέτης_&_Ποσότητες'!C26*1000) & "mm με απώλεια " & TEXT('1_Στοιχεία_Μελέτης_&_Ποσότητες'!C27,"0.00") & " (" & TEXT('1_Στοιχεία_Μελέτης_&_Ποσότητες'!C82,"0.000000") & " m³/m) @ 500.00 €/m³" -> Φύλλο 1 (C.11): Grout Ø120mm με απώλεια 1.20 (0.013572 m³/m) @ 500.00 €/m³
A51: C.12 | B51: ='1_Στοιχεία_Μελέτης_&_Ποσότητες'!B131 -> ΤΕΝΟΝΤΕΣ 0.6'' (3 ΚΑΛΩΔΙΑ) — Σειρές 1, 2 & 3 (L1=19m, L2=17m, L3=16m) (+1.0m) | C51: ='1_Στοιχεία_Μελέτης_&_Ποσότητες'!C131 -> 2475 | D51: ='1_Στοιχεία_Μελέτης_&_Ποσότητες'!D131 -> m | E51: 2.28 | F51: =ROUND(C51*E51, 2) -> 5643 | H51: ="Φύλλο 1 (C.12): " & '1_Στοιχεία_Μελέτης_&_Ποσότητες'!C132 & " αγκυρώσεις " & '1_Στοιχεία_Μελέτης_&_Ποσότητες'!C71 & "-strands (Σειρές 1-3: L=" & '1_Στοιχεία_Μελέτης_&_Ποσότητες'!C70 & "m, " & '1_Στοιχεία_Μελέτης_&_Ποσότητες'!C72 & "m, " & '1_Στοιχεία_Μελέτης_&_Ποσότητες'!C74 & "m, +" & TEXT('1_Στοιχεία_Μελέτης_&_Ποσότητες'!C28,"0.0") & "m) @ 2.28 €/m" -> Φύλλο 1 (C.12): 45 αγκυρώσεις 3-strands (Σειρές 1-3: L=19m, 17m, 16m, +1.0m) @ 2.28 €/m
A52: C.13 | B52: ='1_Στοιχεία_Μελέτης_&_Ποσότητες'!B132 -> ΠΡΟΕΝΤΑΣΗ ΑΓΚΥΡΩΣΕΩΝ (STRESSING & LOCK-OFF) = 3 Σειρές X 15No | C52: ='1_Στοιχεία_Μελέτης_&_Ποσότητες'!C132 -> 45 | D52: ='1_Στοιχεία_Μελέτης_&_Ποσότητες'!D132 -> No | E52: 18 | F52: =ROUND(C52*E52, 2) -> 810 | H52: ="Φύλλο 1 (C.13): Προένταση (Stressing & Lock-off) " & '1_Στοιχεία_Μελέτης_&_Ποσότητες'!C132 & " αγκυρώσεων Type C @ 18.00 €/No" -> Φύλλο 1 (C.13): Προένταση (Stressing & Lock-off) 45 αγκυρώσεων Type C @ 18.00 €/No
A53: C.14 | B53: ='1_Στοιχεία_Μελέτης_&_Ποσότητες'!B133 -> ΚΕΦΑΛΕΣ ΑΓΚΥΡΩΣΗΣ (ANCHOR HEAD, WEDGES, PLATE) = 3 Σειρές X 15No | C53: ='1_Στοιχεία_Μελέτης_&_Ποσότητες'!C133 -> 45 | D53: ='1_Στοιχεία_Μελέτης_&_Ποσότητες'!D133 -> No | E53: 55 | F53: =ROUND(C53*E53, 2) -> 2475 | H53: ="Φύλλο 1 (C.14): Πλήρες σετ κεφαλής (Head, Wedges, Plate) " & '1_Στοιχεία_Μελέτης_&_Ποσότητες'!C133 & " αγκυρώσεων Type C @ 55.00 €/No" -> Φύλλο 1 (C.14): Πλήρες σετ κεφαλής (Head, Wedges, Plate) 45 αγκυρώσεων Type C @ 55.00 €/No
A55: ΠΥΛ. 1 | B55: ="ΜΕΤΑΚΙΝΗΣΕΙΣ ΜΗΧΑΝΗΜΑΤΩΝ & ΣΥΝΕΡΓΕΙΩΝ ΕΡΓΟΥ (MOBILIZATION — 3 ΕΙΔΗ)" -> ΜΕΤΑΚΙΝΗΣΕΙΣ ΜΗΧΑΝΗΜΑΤΩΝ & ΣΥΝΕΡΓΕΙΩΝ ΕΡΓΟΥ (MOBILIZATION — 3 ΕΙΔΗ) | C55: ='1_Στοιχεία_Μελέτης_&_Ποσότητες'!C140 -> 174 | D55: τρ.μ. | E55: =ROUND(F55/C55, 2) -> 21.26 | F55: =SUM(F56:F58) -> 3700 | G55: ΤΕΛ. ΣΥΝΟΛΑ | H55: Σύνολο Πυλώνα 1 (Μετακινήσεις Μεγάλου Τρυπανιού, Αγκυρώσεων & Shotcrete)
A56: M.1 | B56: ='1_Στοιχεία_Μελέτης_&_Ποσότητες'!B136 -> Στράτες Μεγάλου Τρυπανιού (Piling Rig) | C56: ='1_Στοιχεία_Μελέτης_&_Ποσότητες'!C136 -> 1 | D56: ='1_Στοιχεία_Μελέτης_&_Ποσότητες'!D136 -> στράτες | E56: 1500 | F56: =ROUND(C56*E56, 2) -> 1500 | G56: =F55 -> 3700 | H56: ="Βάση Λεμεσός (" & '1_Στοιχεία_Μελέτης_&_Ποσότητες'!C8 & " km από έδρα Αγίου Συλά: 1,500.00 € βασική τιμή)" -> Βάση Λεμεσός (12 km από έδρα Αγίου Συλά: 1,500.00 € βασική τιμή)
A57: M.2 | B57: ='1_Στοιχεία_Μελέτης_&_Ποσότητες'!B137 -> Στράτες Εξοπλισμού Αγκυρώσεων (όσες οι μέγιστες σειρές) | C57: ='1_Στοιχεία_Μελέτης_&_Ποσότητες'!C137 -> 4 | D57: ='1_Στοιχεία_Μελέτης_&_Ποσότητες'!D137 -> στράτες | E57: 300 | F57: =ROUND(C57*E57, 2) -> 1200 | H57: ="=" & '1_Στοιχεία_Μελέτης_&_Ποσότητες'!C137 & " στράτες εξοπλισμού αγκυρώσεων (όσες οι σειρές αγκυρώσεων = " & '1_Στοιχεία_Μελέτης_&_Ποσότητες'!C9 & ") @ 300.00 €" -> =4 στράτες εξοπλισμού αγκυρώσεων (όσες οι σειρές αγκυρώσεων = 4) @ 300.00 €
A58: M.3 | B58: ='1_Στοιχεία_Μελέτης_&_Ποσότητες'!B138 -> Στράτες Συνεργείου & Αντλίας Shotcrete (σειρές + 1) | C58: ='1_Στοιχεία_Μελέτης_&_Ποσότητες'!C138 -> 5 | D58: ='1_Στοιχεία_Μελέτης_&_Ποσότητες'!D138 -> στράτες | E58: 200 | F58: =ROUND(C58*E58, 2) -> 1000 | H58: ="=" & '1_Στοιχεία_Μελέτης_&_Ποσότητες'!C138 & " στράτες συνεργείου & αντλίας shotcrete (σειρές + 1 = " & ('1_Στοιχεία_Μελέτης_&_Ποσότητες'!C9+1) & ") @ 200.00 €" -> =5 στράτες συνεργείου & αντλίας shotcrete (σειρές + 1 = 5) @ 200.00 €
A60: ΣΥΓΚΕΝΤΡΩΤΙΚΟΣ ΠΙΝΑΚΑΣ ΕΡΓΟΥ (ΑΝΑ ΤΥΠΟ BERLIN WALL & ΑΝΑ ΠΥΛΩΝΑ) — ΤΕΛΙΚΟ ΣΥΝΟΛΟ & KPIs
A61: TYPE A | B61: ="ΣΥΝΟΛΟ BERLIN WALL TYPE A (" & '1_Στοιχεία_Μελέτης_&_Ποσότητες'!C32 & "No HEB 220, L=" & TEXT('1_Στοιχεία_Μελέτης_&_Ποσότητες'!C36,"0.0") & "m, H=" & TEXT('1_Στοιχεία_Μελέτης_&_Ποσότητες'!C34,"0.0") & "m, " & TEXT('1_Στοιχεία_Μελέτης_&_Ποσότητες'!C33,"0.00") & " τρ.μ.)" -> ΣΥΝΟΛΟ BERLIN WALL TYPE A (27No HEB 220, L=19.0m, H=17.0m, 40.50 τρ.μ.) | C61: =C5 -> 40.5 | D61: τρ.μ. | E61: =E5 -> 7418.19 | F61: =F5 -> 300436.75 | G61: =F61 -> 300436.75 | H61: ="Περιλαμβάνει H-Beams, Σχάρα/Shotcrete & " & '1_Στοιχεία_Μελέτης_&_Ποσότητες'!C99 & " Αγκυρώσεις Τοίχου Α" -> Περιλαμβάνει H-Beams, Σχάρα/Shotcrete & 108 Αγκυρώσεις Τοίχου Α
A62: TYPE B | B62: ="ΣΥΝΟΛΟ BERLIN WALL TYPE B (" & '1_Στοιχεία_Μελέτης_&_Ποσότητες'!C48 & "No HEB 200, L=" & TEXT('1_Στοιχεία_Μελέτης_&_Ποσότητες'!C52,"0.0") & "m, H=" & TEXT('1_Στοιχεία_Μελέτης_&_Ποσότητες'!C50,"0.0") & "m, " & TEXT('1_Στοιχεία_Μελέτης_&_Ποσότητες'!C49,"0.00") & " τρ.μ.)" -> ΣΥΝΟΛΟ BERLIN WALL TYPE B (74No HEB 200, L=17.0m, H=15.6m, 111.00 τρ.μ.) | C62: =C22 -> 111 | D62: τρ.μ. | E62: =E22 -> 6519.12 | F62: =F22 -> 723622.84 | G62: =F62 -> 723622.84 | H62: ="Περιλαμβάνει H-Beams, Σχάρα/Shotcrete & " & '1_Στοιχεία_Μελέτης_&_Ποσότητες'!C116 & " Αγκυρώσεις Τοίχου Β" -> Περιλαμβάνει H-Beams, Σχάρα/Shotcrete & 296 Αγκυρώσεις Τοίχου Β
A63: TYPE C | B63: ="ΣΥΝΟΛΟ BERLIN WALL TYPE C (" & '1_Στοιχεία_Μελέτης_&_Ποσότητες'!C64 & "No HEB 200, L=" & TEXT('1_Στοιχεία_Μελέτης_&_Ποσότητες'!C68,"0.0") & "m, H=" & TEXT('1_Στοιχεία_Μελέτης_&_Ποσότητες'!C66,"0.0") & "m, " & TEXT('1_Στοιχεία_Μελέτης_&_Ποσότητες'!C65,"0.00") & " τρ.μ.)" -> ΣΥΝΟΛΟ BERLIN WALL TYPE C (15No HEB 200, L=13.0m, H=11.1m, 22.50 τρ.μ.) | C63: =C39 -> 22.5 | D63: τρ.μ. | E63: =E39 -> 4821.09 | F63: =F39 -> 108474.48 | G63: =F63 -> 108474.48 | H63: ="Περιλαμβάνει H-Beams, Σχάρα/Shotcrete & " & '1_Στοιχεία_Μελέτης_&_Ποσότητες'!C132 & " Αγκυρώσεις Τοίχου Γ" -> Περιλαμβάνει H-Beams, Σχάρα/Shotcrete & 45 Αγκυρώσεις Τοίχου Γ
A64: ΠΥΛ. 1 | B64: ΣΥΝΟΛΟ ΜΕΤΑΚΙΝΗΣΕΩΝ ΕΡΓΟΥ (Μεγάλο Τρυπάνι + Αγκυρώσεις + Shotcrete) | C64: ='1_Στοιχεία_Μελέτης_&_Ποσότητες'!C136+'1_Στοιχεία_Μελέτης_&_Ποσότητες'!C137+'1_Στοιχεία_Μελέτης_&_Ποσότητες'!C138 -> 10 | D64: στράτες | E64: - | F64: =F55 -> 3700 | G64: =F64 -> 3700 | H64: ="Πάγιες μετακινήσεις εργοταξίου Λεμεσού (" & '1_Στοιχεία_Μελέτης_&_Ποσότητες'!C136 & " + " & '1_Στοιχεία_Μελέτης_&_Ποσότητες'!C137 & " + " & '1_Στοιχεία_Μελέτης_&_Ποσότητες'!C138 & " = " & ('1_Στοιχεία_Μελέτης_&_Ποσότητες'!C136+'1_Στοιχεία_Μελέτης_&_Ποσότητες'!C137+'1_Στοιχεία_Μελέτης_&_Ποσότητες'!C138) & " στράτες)" -> Πάγιες μετακινήσεις εργοταξίου Λεμεσού (1 + 4 + 5 = 10 στράτες)
A65: ΠΥΛ. 2 | B65: ="Cross-Check Πυλώνα 2: Σύνολο Σχαρών (#Y" & '1_Στοιχεία_Μελέτης_&_Ποσότητες'!C21 & "/" & '1_Στοιχεία_Μελέτης_&_Ποσότητες'!C22 & ") & Shotcrete " & '1_Στοιχεία_Μελέτης_&_Ποσότητες'!C23 & " (Type A+B+C)" -> Cross-Check Πυλώνα 2: Σύνολο Σχαρών (#Y8/150) & Shotcrete C30/37 (Type A+B+C) | C65: ='1_Στοιχεία_Μελέτης_&_Ποσότητες'!C141 -> 2669.85 | D65: m² | E65: =ROUND(G65/C65, 2) -> 68.15 | F65: =SUM(F11:F14)+SUM(F28:F31)+SUM(F45:F48) -> 181958.97 | G65: =F65 -> 181958.97 | H65: Άθροισμα A.6–A.9 + B.6–B.9 + C.6–C.9
A66: ΠΥΛ. 3 | B66: Cross-Check Πυλώνα 3: Σύνολο H-Beams / Νεφκών HEB 220 & HEB 200 (Type A+B+C) | C66: ='1_Στοιχεία_Μελέτης_&_Ποσότητες'!C139 -> 116 | D66: πάσσαλοι | E66: =ROUND(G66/C66, 2) -> 4795.31 | F66: =SUM(F6:F10)+SUM(F23:F27)+SUM(F40:F44) -> 556256.32 | G66: =F66 -> 556256.32 | H66: Άθροισμα A.1–A.5 + B.1–B.5 + C.1–C.5
A67: ΠΥΛ. 4 | B67: ="Cross-Check Πυλώνα 4: Σύνολο Αγκυρώσεων Tieback (Type A+B+C — " & '1_Στοιχεία_Μελέτης_&_Ποσότητες'!C151 & " τεμ.)" -> Cross-Check Πυλώνα 4: Σύνολο Αγκυρώσεων Tieback (Type A+B+C — 449 τεμ.) | C67: ='1_Στοιχεία_Μελέτης_&_Ποσότητες'!C151 -> 449 | D67: αγκυρώσεις | E67: =ROUND(G67/C67, 2) -> 878.22 | F67: =SUM(F15:F20)+SUM(F32:F37)+SUM(F49:F53) -> 394318.78 | G67: =F67 -> 394318.78 | H67: Άθροισμα A.10–A.15 + B.10–B.15 + C.10–C.14
A68: ΤΕΛΙΚΟ | B68: ΤΕΛΙΚΟ ΣΥΝΟΛΟ ΠΡΟΣΦΟΡΑΣ BERLIN WALL (TYPE A + TYPE B + TYPE C + ΜΕΤΑΚΙΝΗΣΕΙΣ) | C68: ='1_Στοιχεία_Μελέτης_&_Ποσότητες'!C140 -> 174 | D68: τρ.μ. | E68: =ROUND(G68/C68, 2) -> 6530.08 | F68: =SUM(F61:F64) -> 1136234.1 | G68: =F68 -> 1136234.1 | H68: ="Ισούται ακριβώς με το άθροισμα των 4 Πυλώνων (" & TEXT(SUM(F64:F67),"#,##0.00") & " €)" -> Ισούται ακριβώς με το άθροισμα των 4 Πυλώνων (1,136,234.07 €)
A70: ΒΑΣΙΚΟΙ ΔΕΙΚΤΕΣ ΚΟΣΤΟΥΣ & VALUE ENGINEERING (KPIs)
A71: KPI 1 | B71: Συνολικό Κόστος ανά m² Μετώπου Εκσκαφής | C71: ='1_Στοιχεία_Μελέτης_&_Ποσότητες'!C141 -> 2669.85 | D71: € / m² | G71: =ROUND(G68/'1_Στοιχεία_Μελέτης_&_Ποσότητες'!C141, 2) -> 425.58 | H71: ="Τελικό Σύνολο / " & TEXT('1_Στοιχεία_Μελέτης_&_Ποσότητες'!C141,"#,##0.00") & " m²" -> Τελικό Σύνολο / 2,669.85 m²
A72: KPI 2 | B72: Συνολικό Κόστος ανά Τρέχον Μέτρο Περιμέτρου | C72: ='1_Στοιχεία_Μελέτης_&_Ποσότητες'!C140 -> 174 | D72: € / τρ.μ. | G72: =ROUND(G68/'1_Στοιχεία_Μελέτης_&_Ποσότητες'!C140, 2) -> 6530.08 | H72: ="Τελικό Σύνολο / " & TEXT('1_Στοιχεία_Μελέτης_&_Ποσότητες'!C140,"#,##0.00") & " τρ.μ." -> Τελικό Σύνολο / 174.00 τρ.μ.
A73: KPI 3 | B73: Συνολικό Κόστος ανά Πάσσαλο / Οπή Berlin Wall | C73: ='1_Στοιχεία_Μελέτης_&_Ποσότητες'!C139 -> 116 | D73: € / πάσσαλο | G73: =ROUND(G68/'1_Στοιχεία_Μελέτης_&_Ποσότητες'!C139, 2) -> 9795.12 | H73: ="Τελικό Σύνολο / " & '1_Στοιχεία_Μελέτης_&_Ποσότητες'!C139 & " πασσάλους" -> Τελικό Σύνολο / 116 πασσάλους
A74: KPI 4 | B74: ="Μέσο Κόστος ανά Πλήρη Αγκύρωση (Πυλώνας 4 / " & '1_Στοιχεία_Μελέτης_&_Ποσότητες'!C151 & " τεμ.)" -> Μέσο Κόστος ανά Πλήρη Αγκύρωση (Πυλώνας 4 / 449 τεμ.) | C74: ='1_Στοιχεία_Μελέτης_&_Ποσότητες'!C151 -> 449 | D74: € / αγκύρωση | G74: =ROUND(G67/'1_Στοιχεία_Μελέτης_&_Ποσότητες'!C151, 2) -> 878.22 | H74: ="Σύνολο Πυλώνα 4 / " & '1_Στοιχεία_Μελέτης_&_Ποσότητες'!C151 & " αγκυρώσεις" -> Σύνολο Πυλώνα 4 / 449 αγκυρώσεις

Sheet 3_Πίνακες_Διατομών_Χάλυβα
A1: ΒΙΒΛΙΟΘΗΚΗ ΔΙΑΤΟΜΩΝ ΧΑΛΥΒΑ (EUROPEAN STRUCTURAL STEEL PROFILES)
A2: Τεχνικά χαρακτηριστικά & βάρη ανά μέτρο για διατομές HEA, HEB, UPN & Γωνιών (L)
A4: 1. ΔΙΑΤΟΜΕΣ HEA (Ευρωπαϊκά Πλατύπελμα Ελαφρού Τύπου)
A5: Ονομασία Διατομής | B5: Ύψος h (mm) | C5: Πλάτος b (mm) | D5: Πάχος tw (mm) | E5: Πάχος tf (mm) | F5: Διατομή A (cm²) | G5: Βάρος (kg / m)
A6: HEA 140 | B6: 133 | C6: 140 | D6: 5.5 | E6: 8.5 | F6: 31.4 | G6: 24.7
A7: HEA 160 | B7: 152 | C7: 160 | D7: 6 | E7: 9 | F7: 38.8 | G7: 30.4
A8: HEA 180 | B8: 171 | C8: 180 | D8: 6 | E8: 9.5 | F8: 45.3 | G8: 35.5
A9: HEA 200 | B9: 190 | C9: 200 | D9: 6.5 | E9: 10 | F9: 53.8 | G9: 42.3
A10: HEA 220 | B10: 210 | C10: 220 | D10: 7 | E10: 11 | F10: 64.3 | G10: 50.5
A11: HEA 240 | B11: 230 | C11: 240 | D11: 7.5 | E11: 12 | F11: 76.8 | G11: 60.3
A12: HEA 260 | B12: 250 | C12: 260 | D12: 7.5 | E12: 12.5 | F12: 86.8 | G12: 68.2
A13: HEA 280 | B13: 270 | C13: 280 | D13: 8 | E13: 13 | F13: 97.3 | G13: 76.4
A14: HEA 300 | B14: 290 | C14: 300 | D14: 8.5 | E14: 14 | F14: 112.5 | G14: 88.3
A16: 2. ΔΙΑΤΟΜΕΣ HEB (Ευρωπαϊκά Πλατύπελμα Κανονικού Τύπου)
A17: Ονομασία Διατομής | B17: Ύψος h (mm) | C17: Πλάτος b (mm) | D17: Πάχος tw (mm) | E17: Πάχος tf (mm) | F17: Διατομή A (cm²) | G17: Βάρος (kg / m)
A18: HEB 140 | B18: 140 | C18: 140 | D18: 7 | E18: 12 | F18: 43 | G18: 33.7
A19: HEB 160 | B19: 160 | C19: 160 | D19: 8 | E19: 13 | F19: 54.3 | G19: 42.6
A20: HEB 180 | B20: 180 | C20: 180 | D20: 8.5 | E20: 14 | F20: 65.3 | G20: 51.2
A21: HEB 200 | B21: 200 | C21: 200 | D21: 9 | E21: 15 | F21: 78.1 | G21: 61.3
A22: HEB 220 | B22: 220 | C22: 220 | D22: 9.5 | E22: 16 | F22: 91 | G22: 71.5
A23: HEB 240 | B23: 240 | C23: 240 | D23: 10 | E23: 17 | F23: 106 | G23: 83.2
A24: HEB 260 | B24: 260 | C24: 260 | D24: 10 | E24: 17.5 | F24: 118.4 | G24: 93
A25: HEB 280 | B25: 280 | C25: 280 | D25: 10.5 | E25: 18 | F25: 131.4 | G25: 103
A26: HEB 300 | B26: 300 | C26: 300 | D26: 11 | E26: 19 | F26: 149.1 | G26: 117
A28: 3. ΔΙΑΤΟΜΕΣ UPN (Ευρωπαϊκά Κοίλα Προφίλ U)
A29: Ονομασία Διατομής | B29: Ύψος h (mm) | C29: Πλάτος b (mm) | D29: Πάχος tw (mm) | E29: Πάχος tf (mm) | F29: Διατομή A (cm²) | G29: Βάρος (kg / m)
A30: UPN 140 | B30: 140 | C30: 60 | D30: 7 | E30: 10 | F30: 20.4 | G30: 16
A31: UPN 160 | B31: 160 | C31: 65 | D31: 7.5 | E31: 10.5 | F31: 24 | G31: 18.8
A32: UPN 180 | B32: 180 | C32: 70 | D32: 8 | E32: 11 | F32: 28 | G32: 22
A33: UPN 200 | B33: 200 | C33: 75 | D33: 8.5 | E33: 11.5 | F33: 32.2 | G33: 25.3
A34: UPN 220 | B34: 220 | C34: 80 | D34: 9 | E34: 12.5 | F34: 37.4 | G34: 29.4
A35: UPN 240 | B35: 240 | C35: 85 | D35: 9.5 | E35: 13 | F35: 42.3 | G35: 33.2
A36: UPN 260 | B36: 260 | C36: 90 | D36: 10 | E36: 14 | F36: 48.3 | G36: 37.9
A37: UPN 280 | B37: 280 | C37: 95 | D37: 10 | E37: 15 | F37: 53.3 | G37: 41.8
A38: UPN 300 | B38: 300 | C38: 100 | D38: 10 | E38: 16 | F38: 58.8 | G38: 46.2
A40: 4. ΙΣΟΣΚΕΛΕΙΣ ΓΩΝΙΕΣ (Equal Angles L)
A41: Ονομασία Διατομής | B41: Ύψος h (mm) | C41: Πλάτος b (mm) | D41: Πάχος tw (mm) | E41: Πάχος tf (mm) | F41: Διατομή A (cm²) | G41: Βάρος (kg / m)
A42: L 50x50x5 | B42: 50 | C42: 50 | D42: 5 | E42: 5 | F42: 4.8 | G42: 3.77
A43: L 60x60x6 | B43: 60 | C43: 60 | D43: 6 | E43: 6 | F43: 6.91 | G43: 5.42
A44: L 70x70x6 | B44: 70 | C44: 70 | D44: 6 | E44: 6 | F44: 8.13 | G44: 6.38
A45: L 70x70x7 | B45: 70 | C45: 70 | D45: 7 | E45: 7 | F45: 9.4 | G45: 7.38
A46: L 80x80x8 | B46: 80 | C46: 80 | D46: 8 | E46: 8 | F46: 12.3 | G46: 9.63
A47: L 90x90x9 | B47: 90 | C47: 90 | D47: 9 | E47: 9 | F47: 15.5 | G47: 12.2
A48: L 100x100x10 | B48: 100 | C48: 100 | D48: 10 | E48: 10 | F48: 19.2 | G48: 15
