Workbook

Sheet 1_Στοιχεία_Μελέτης_&_Ποσότητες
A1: ΕΡΓΟ: BOLTON TOWER (BERLIN WALL & ΑΓΚΥΡΩΣΕΙΣ) — ΣΤΟΙΧΕΙΑ ΜΕΛΕΤΗΣ & ΦΥΣΙΚΕΣ ΠΟΣΟΤΗΤΕΣ (ΧΩΡΙΣ ΕΥΡΩ)
A2: ΧΩΡΙΣΜΕΝΟ ΣΕ 2 ΜΕΓΑΛΑ ΚΕΦΑΛΑΙΑ: [ΚΕΦΑΛΑΙΟ Α] = ΜΟΝΟ ΣΤΟΙΧΕΙΑ ΜΕΛΕΤΗΣ | [ΚΕΦΑΛΑΙΟ Β] = ΟΛΟΙ ΟΙ ΥΠΟΛΟΓΙΣΜΟΙ
A4: 🏛️ ΚΕΦΑΛΑΙΟ Α: ΜΟΝΟ ΣΤΟΙΧΕΙΑ ΠΟΥ ΔΙΑΒΑΣΤΗΚΑΝ ΑΠΟ ΤΗ ΜΕΛΕΤΗ (RAW INPUTS)
A5: Α.1 Τοποθεσία Εργοταξίου, Έδρα & Σειρές Αγκυρώσεων
A6: Έδρα Εταιρείας (Αφετηρία) | B6: Άγιος Συλάς, Σπύρου Κυπριανού 32, Λεμεσός | C6: - | D6: Βάση Εταιρείας | E6: Σταθερή βάση εκκίνησης συνεργείων & μηχανημάτων
A7: Τοποθεσία Εργοταξίου | B7: Λεμεσός (Bolton Tower) | C7: - | D7: Σχέδιο ΘΕΜ/1 & ΘΕΜ/6 | E7: Ανάπτυξη Bolton Tower, Λακέμια Κτηματική Λτδ
A8: Χιλιομετρική Απόσταση από Έδρα | B8: 12 | C8: km | D8: Google Maps / Οδικό Δίκτυο | E8: Βασική ζώνη 0-40 km (εντός Λεμεσού, βασικές τιμές μετακινήσεων)
A9: Πλήθος Οριζόντιων Σειρών Αγκυρώσεων Μελέτης | B9: 4 | C9: σειρές | D9: Σχέδιο ΘΕΜ/6, Τομές Τοίχων A, B, Γ | E9: 4 στάθμες αγκυρώσεων (Τοίχοι Α & Β: 4 σειρές, Τοίχος Γ: 3 σειρές)
A11: Α.2 Γεωμετρία Μετώπου Εκσκαφής (Berlin Wall)
A12: Μήκος Τμήματος 1 Μετώπου (Τοίχος Α / Ανατολικό & Νότιο) | B12: 40.5 | C12: m | D12: Σχέδιο ΘΕΜ/1, Κάτοψη & ΘΕΜ/6 | E12: 27 διαστήματα × 1.50m c/c (33.01m + 7.69m = 40.70m CAD)
A13: Μήκος Τμήματος 2 Μετώπου (Τοίχος Β / Βόρειο όριο) | B13: 43.5 | C13: m | D13: Σχέδιο ΘΕΜ/1, Κάτοψη & ΘΕΜ/6 | E13: 29 διαστήματα × 1.50m c/c (42.94m CAD)
A14: Μήκος Τμήματος 3 Μετώπου (Τοίχος Β / Ανατολικό άνω) | B14: 12 | C14: m | D14: Σχέδιο ΘΕΜ/1, Κάτοψη & ΘΕΜ/6 | E14: 8 διαστήματα × 1.50m c/c (11.30m CAD / 8 HEB blocks)
A15: Μήκος Τμήματος 4 Μετώπου (Τοίχος Β / Νότιο αριστερό) | B15: 34.5 | C15: m | D15: Σχέδιο ΘΕΜ/1, Κάτοψη & ΘΕΜ/6 | E15: 23 διαστήματα × 1.50m c/c (34.91m CAD)
A16: Μήκος Τμήματος 5 Μετώπου (Τοίχος Β / Δυτικό κάτω) | B16: 22.5 | C16: m | D16: Σχέδιο ΘΕΜ/1, Κάτοψη & ΘΕΜ/6 | E16: 15 διαστήματα × 1.50m c/c (22.51m CAD)
A17: Μήκος Τμήματος 6 Μετώπου (Τοίχος Γ / Βορειοδυτικό) | B17: 21 | C17: m | D17: Σχέδιο ΘΕΜ/1, Κάτοψη & ΘΕΜ/6 | E17: 14 διαστήματα × 1.50m c/c (21.73m CAD)
A18: Ελεύθερο Ύψος Εκσκαφής Μετώπου (Σταθμισμένο H_exc) | B18: 15.34 | C18: m | D18: Σχέδιο ΘΕΜ/6 (Τομές Α: 17.0m, B: 15.6m, Γ: 11.1m) | E18: Σταθμισμένο μέσο βάθος: (27x17m + 74x15.6m + 15x11.1m) / 116 = 15.34m
A19: Βάθος Πάκτωσης Νέφκας κάτω από Εκσκαφή (Σταθμισμένο H_embed) | B19: 1.6 | C19: m | D19: Σχέδιο ΘΕΜ/6 (Τομές Α: 2.0m, B: 1.4m, Γ: 1.9m) | E19: Σταθμισμένη μέση πάκτωση κάτω από εκσκαφή = 1.60m
A21: Α.3 Σχάρες & Εκτοξευόμενο Σκυρόδεμα (Shotcrete)
A22: Τύπος Χάλυβα Σχάρας | B22: B500C Δομικός Χάλυβας | C22: - | D22: Σχέδιο ΘΕΜ/6, Λεπτομέρεια Τοίχου Berlin | E22: Συγκόλληση ράβδων σχάρας στις γωνιές 70x70x6mm
A23: Διάμετρος Οριζόντιων Ράβδων Σχάρας (Y_horiz) | B23: 10 | C23: mm | D23: Σχέδιο ΘΕΜ/6, Λεπτομέρειες | E23: Τυπικός οπλισμός shotcrete Y10 ανά 150mm (0.617 kg/m)
A24: Οριζόντιο Βήμα Ράβδων Σχάρας (s_horiz) | B24: 150 | C24: mm | D24: Σχέδιο ΘΕΜ/6, Λεπτομέρειες | E24: Βήμα οριζόντιων ράβδων ανά 0.15m (6.67 m/m²)
A25: Διάμετρος Κατακόρυφων Ράβδων Σχάρας (Y_vert) | B25: 10 | C25: mm | D25: Σχέδιο ΘΕΜ/6, Λεπτομέρειες | E25: Τυπικός οπλισμός shotcrete Y10 ανά 150mm (0.617 kg/m)
A26: Κατακόρυφο Βήμα Ράβδων Σχάρας (s_vert) | B26: 150 | C26: mm | D26: Σχέδιο ΘΕΜ/6, Λεπτομέρειες | E26: Βήμα κατακόρυφων ράβδων ανά 0.15m (6.67 m/m²)
A27: Κατηγορία Σκυροδέματος Shotcrete | B27: C30/37 | C27: - | D27: Σχέδιο ΘΕΜ/6, Σημειώσεις | E27: Εκτοξευόμενο σκυρόδεμα υψηλής αντοχής C30/37
A28: Ονομαστικό Πάχος Shotcrete Μελέτης | B28: 0.15 | C28: m | D28: Σχέδιο ΘΕΜ/6, Λεπτομέρεια | E28: 150 mm (15 cm) εκτοξευόμενο σκυρόδεμα (gunite)
A29: Πάγια Απώλεια / Αναπήδηση Εταιρείας | B29: 0.05 | C29: m | D29: Κανόνας Εταιρείας | E29: +5 cm πάγια προσαύξηση εταιρείας για αναπήδηση (χρεώνεται στα €/m³)
A31: Α.4 H-Beams (Νέφκες / Soldier Piles: Οπές, Χάλυβας, Λάμες, Κουγκρί, Γωνιές)
A32: Αξονική Απόσταση Πασσάλων (s_c/c) | B32: 1.5 | C32: m | D32: Σχέδιο ΘΕΜ/1 & ΘΕΜ/6 | E32: [!!! ΣΥΓΚΡΟΥΣΗ ΜΕΛΕΤΗΣ !!!]: Αναγράφονται 2 διαφορετικοί αριθμοί για την απόσταση: Στο κείμενο λεπτομέρειας τοίχου αναγράφει "@ 2000mm" vs στη γραμμή διάστασης CL αναγράφει "(1500)" και στην κάτοψη ανά 1.50m. Επιλέχθηκε ο πιο ασφαλής στατικά αριθμός s = 1.50 m.
A33: Πλήθος Οπών / Νεφκών (N_holes) | B33: =ROUND(B69/B32, 0) | C33: οπές | D33: Σχέδιο ΘΕΜ/1, Κάτοψη | E33: 116 πάσσαλοι (υπολογισμένο: Περίμετρος B69 / 1.50m)
A34: Διάμετρος Οπής Διάτρησης Μεγάλου Τρυπανιού (D) | B34: 0.8 | C34: m | D34: Σχέδιο ΘΕΜ/1, Κάτοψη (D=800) & Κανόνας v5 | E34: D=800mm στο σχέδιο & σύμφωνο με κανόνα min Ø800 mm εταιρείας
A35: Βάθος Πάκτωσης Νέφκας κάτω από Εκσκαφή (H_embed) | B35: =B19 | C35: m | D35: Σχέδιο ΘΕΜ/6, Τομές Α, Β, Γ | E35: 1.60 m σταθμισμένη μέση πάκτωση
A36: Τύπος Χαλύβδινης Διατομής Νέφκας | B36: 2 No. HEB 200 | C36: - | D36: Σχέδιο ΘΕΜ/6, Λεπτομέρεια Τοίχου Berlin | E36: Δίδυμο προφίλ 2 No. HEB 200 ανά οπή
A37: Πλήθος Προφίλ ανά Οπή | B37: 2 | C37: προφίλ/οπή | D37: Σχέδιο ΘΕΜ/6, Λεπτομέρεια | E37: 2 HEB 200 ανά οπή
A38: Θεωρητικό Βάρος Προφίλ Νέφκας ανά Μέτρο | B38: 61.3 | C38: kg / m | D38: Βιβλιοθήκη Διατομών (Φύλλο 3, HEB 200) | E38: 61.3 kg/m ανά HEB 200 (Σύνολο 122.6 kg/m ανά πάσσαλο)
A39: Κατακόρυφο Βήμα Λαμών ανά Νέφκα (s_plate) | B39: 1 | C39: m | D39: Σχέδιο ΘΕΜ/6, Λεπτομέρεια | E39: Λάμες 200x10mm ανά 1000mm (1.0m) καθ' ύψος
A40: Πλήθος Πλευρών Τοποθέτησης Λαμών ανά Πάσσαλο | B40: 2 | C40: πλευρές | D40: Σχέδιο ΘΕΜ/6, Λεπτομέρεια | E40: Σύνδεση εκατέρωθεν (αμφίπλευρα)
A41: Πλάτος Λάμας Σύνδεσης (W_plate) | B41: 200 | C41: mm | D41: Σχέδιο ΘΕΜ/6, Λεπτομέρεια | E41: Λάμες πλάτους 200 mm
A42: Μήκος Λάμας Σύνδεσης (L_plate) | B42: 200 | C42: mm | D42: Σχέδιο ΘΕΜ/6, Λεπτομέρεια | E42: Μήκος λάμας 200 mm
A43: Πάχος Λάμας Σύνδεσης (t_plate) | B43: 10 | C43: mm | D43: Σχέδιο ΘΕΜ/6, Λεπτομέρεια | E43: Πάχος λάμας 10 mm
A44: Ύπαρξη Γωνιών Στήριξης στο Σχέδιο (L-Angles) | B44: ΝΑΙ | C44: - | D44: Σχέδιο ΘΕΜ/6, Λεπτομέρεια | E44: Ζητούνται γωνίες 70x70x6mm στις γωνίες των προφίλ
A45: Διατομή Γωνιών Στήριξης | B45: L 70x70x6 | C45: - | D45: Σχέδιο ΘΕΜ/6, Λεπτομέρεια | E45: Διατομή γωνίας 70x70x6 mm
A46: Θεωρητικό Βάρος Γωνίας ανά Μέτρο | B46: 6.38 | C46: kg / m | D46: Βιβλιοθήκη Διατομών (Φύλλο 3, L70x70x6) | E46: Βάρος L70x70x6 = 6.38 kg/m (2 γωνιές ανά οπή)
A48: Α.5 Αγκυρώσεις (Prestressed Tieback Anchors: Γραμμές, Βάθη, Grout, Τένοντες & Κεφαλές)
A49: Πλήθος Αγκυρώσεων Σειράς 1 (Στάθμη 1) | B49: =B33 | C49: τεμ. | D49: Σχέδιο ΘΕΜ/6, Τομές Α, Β, Γ | E49: 1 αγκύρωση ανά πάσσαλο (116 αγκυρώσεις, Lavg = 19.87m)
A50: Μήκος / Βάθος Διάτρησης Σειράς 1 | B50: 19.87 | C50: m | D50: Σχέδιο ΘΕΜ/6, Τομές Α, Β, Γ | E50: Σταθμισμένο μέσο βάθος 1ης σειράς (27x20m + 74x20m + 15x19m)/116
A51: Πλήθος Αγκυρώσεων Σειράς 2 (Στάθμη 2) | B51: =B33 | C51: τεμ. | D51: Σχέδιο ΘΕΜ/6, Τομές Α, Β, Γ | E51: 1 αγκύρωση ανά πάσσαλο (116 αγκυρώσεις, Lavg = 19.18m)
A52: Μήκος / Βάθος Διάτρησης Σειράς 2 | B52: 19.18 | C52: m | D52: Σχέδιο ΘΕΜ/6, Τομές Α, Β, Γ | E52: Σταθμισμένο μέσο βάθος 2ης σειράς (27x19.5m + 74x19.5m + 15x17m)/116
A53: Πλήθος Αγκυρώσεων Σειράς 3 (Στάθμη 3) | B53: =B33 | C53: τεμ. | D53: Σχέδιο ΘΕΜ/6, Τομές Α, Β, Γ | E53: 1 αγκύρωση ανά πάσσαλο (116 αγκυρώσεις, Lavg = 19.16m)
A54: Μήκος / Βάθος Διάτρησης Σειράς 3 | B54: 19.16 | C54: m | D54: Σχέδιο ΘΕΜ/6, Τομές Α, Β, Γ | E54: Σταθμισμένο μέσο βάθος 3ης σειράς (27x20m + 74x19.5m + 15x16m)/116
A55: Πλήθος Αγκυρώσεων Σειράς 4 (Στάθμη 4 — Τοίχοι Α & Β) | B55: =B33-15 | C55: τεμ. | D55: Σχέδιο ΘΕΜ/6, Τομές Α & Β | E55: 101 αγκυρώσεις (Τοίχοι Α & Β, ο Τοίχος Γ δεν έχει 4η σειρά)
A56: Μήκος / Βάθος Διάτρησης Σειράς 4 | B56: 16.67 | C56: m | D56: Σχέδιο ΘΕΜ/6, Τομές Α & Β | E56: Σταθμισμένο μέσο βάθος 4ης σειράς (27x18.5m + 74x16.0m)/101
A57: Πλήθος Τενόντων (Strands 0.6") ανά Οπή Αγκύρωσης | B57: 4 | C57: τεμ. / οπή | D57: Σχέδιο ΘΕΜ/6, Τομές (Φορτία Fd: 141-584 kN) | E57: Μέσο πλήθος κλώνων 0.6" (3 έως 5 κλώνοι ανάλογα με το φορτίο Fd)
A58: Επιπλέον Μήκος Τένοντα για Κεφαλή & Προένταση | B58: 1 | C58: m | D58: Κανόνας Μάστρου v5 | E58: ΠΑΝΤΑ +1.0 m επιπλέον μήκος τένοντα έξω από την οπή
A59: Διάμετρος Οπής Διάτρησης Αγκύρωσης (D_anc) | B59: 0.15 | C59: m | D59: Σχέδιο ΘΕΜ/6 & Κανόνας v5 | E59: Τυπική γεώτρηση αγκυρίων Ø150 mm (R = 0.075 m)
A60: Συντελεστής Απώλειας Grout στο Έδαφος | B60: 1.2 | C60: - | D60: Κανόνας Εταιρείας v5 | E60: ΠΑΝΤΑ * 1.20 (+20% απώλεια/υπερκατανάλωση τσιμεντενέματος)
A61: Θεωρητικό Βάρος Τένοντα (Strand 0.6") | B61: 1.1 | C61: kg / m | D61: Τιμοκατάλογος Εταιρείας | E61: Standard βάρος κλώνου 0.6" (15.2 mm) = 1.10 kg/m
A63: ⚙️ ΚΕΦΑΛΑΙΟ Β: ΟΛΟΙ ΟΙ ΥΠΟΛΟΓΙΣΜΟΙ ΦΥΣΙΚΩΝ ΜΕΓΕΘΩΝ (ΜΕ ΒΑΣΗ ΤΟ ΚΕΦΑΛΑΙΟ Α)
A64: Β.1 Υπολογισμοί Στρατών Μετακίνησης (3 Είδη)
A65: Υπολογισμός Στρατών Μεγάλου Τρυπανιού (Piling Rig) | B65: 1 | C65: στράτες | D65: 1 στράτα μεταφοράς μεγάλου τρυπανιού (Λεμεσός 0-40km) | E65: Κανόνας Μετακινήσεων Τιμοκαταλόγου
A66: Υπολογισμός Στρατών Εξοπλισμού Αγκυρώσεων | B66: =B9 | C66: στράτες | D66: ="Όσες οριζόντιες σειρές αγκυρώσεων, τόσες στράτες (" & B9 & ")" | E66: 1 στράτα ανά οριζόντια σειρά
A67: Υπολογισμός Στρατών Shotcrete (Αντλία / Συνεργείο) | B67: =B9+1 | C67: στράτες | D67: ="Σειρές αγκυρώσεων + 1 στράτα για πόδι/δάπεδο (" & B9+1 & ")" | E67: Σειρές + 1 στράτα
A68: Β.2 Υπολογισμοί Σχαρών & Shotcrete Μετώπου
A69: Συνολικό Μήκος Μετώπου (L) | B69: =SUM(B12:B17) | C69: m | D69: ="L = " & B12 & " + " & B13 & " + " & B14 & " + " & B15 & " + " & B16 & " + " & B17 & " = " & TEXT(SUM(B12:B17), "#,##0.00") & " m" | E69: Περίμετρος εκσκαφής
A70: ΣΥΝΟΛΙΚΟ ΕΜΒΑΔΟΝ ΜΕΤΩΠΟΥ (A = L × H_exc) | B70: =ROUND(B69*B18, 2) | C70: m² | D70: ="Εμβαδόν A = " & TEXT(B69, "#,##0.00") & " m × " & TEXT(B18, "0.00") & " m = " & TEXT(ROUND(B69*B18, 2), "#,##0.00") & " m²" | E70: Επιφάνεια shotcrete & σχαρών
A71: Τρέχοντα Μέτρα Οριζόντιων Ράβδων σε 1 m² | B71: =1000/B24 | C71: m / m² | D71: ="1000/" & B24 & " mm = " & TEXT(1000/B24, "0.00") & " m/m²" | E71: Οριζόντιες ράβδοι Υ10
A72: Θεωρητικό Βάρος Οριζόντιας Ράβδου ανά Μέτρο | B72: =(PI()*((B23/1000)^2)/4)*7850 | C72: kg / m | D72: ="π * (" & B23 & "/1000)² / 4 * 7850 = " & TEXT((PI()*((B23/1000)^2)/4)*7850, "0.000") & " kg/m" | E72: Βάρος Y10
A73: Βάρος Οριζόντιων Ράβδων ανά m² | B73: =ROUND(B71*B72, 3) | C73: kg / m² | D73: ="Μέτρα " & TEXT(B71, "0.00") & " × " & TEXT(B72, "0.000") & " = " & TEXT(ROUND(B71*B72, 3), "0.000") & " kg/m²" | E73: 4.113 kg/m²
A74: Τρέχοντα Μέτρα Κατακόρυφων Ράβδων σε 1 m² | B74: =1000/B26 | C74: m / m² | D74: ="1000/" & B26 & " mm = " & TEXT(1000/B26, "0.00") & " m/m²" | E74: Κατακόρυφες ράβδοι Υ10
A75: Θεωρητικό Βάρος Κατακόρυφης Ράβδου ανά Μέτρο | B75: =(PI()*((B25/1000)^2)/4)*7850 | C75: kg / m | D75: ="π * (" & B25 & "/1000)² / 4 * 7850 = " & TEXT((PI()*((B25/1000)^2)/4)*7850, "0.000") & " kg/m" | E75: Βάρος Y10
A76: Βάρος Κατακόρυφων Ράβδων ανά m² | B76: =ROUND(B74*B75, 3) | C76: kg / m² | D76: ="Μέτρα " & TEXT(B74, "0.00") & " × " & TEXT(B75, "0.000") & " = " & TEXT(ROUND(B74*B75, 3), "0.000") & " kg/m²" | E76: 4.113 kg/m²
A77: Υπολογιστικό Βάρος Σχάρας ανά m² (Οριζόντιες + Κατακόρυφες) | B77: =ROUND(B73+B76, 3) | C77: kg / m² | D77: ="Οριζόντιες " & TEXT(B73, "0.000") & " + Κατακόρυφες " & TEXT(B76, "0.000") & " = " & TEXT(ROUND(B73+B76, 3), "0.000") & " kg/m²" | E77: 8.226 kg/m²
A78: ΣΥΝΟΛΙΚΟ ΒΑΡΟΣ ΧΑΛΥΒΑ ΣΧΑΡΩΝ (Y10/Y10) ΕΡΓΟΥ | B78: =ROUND(B70*B77, 2) | C78: kg | D78: ="Εμβαδόν " & TEXT(B70, "#,##0.00") & " m² × " & TEXT(B77, "0.000") & " kg/m²" | E78: Συνολικά κιλά χάλυβα σχάρας
A79: Ονομαστικό Πάχος Shotcrete Μελέτης | B79: =B28 | C79: m | D79: ="Ονομαστικό πάχος " & TEXT(B28*1000, "0") & " mm" | E79: Χωρίς απώλεια
A80: Ποσοστό Απώλειας επί του Ονομαστικού Πάχους | B80: =B29/B28 | C80: % | D80: ="Απώλεια " & B29 & "m / Ονομαστικό " & B28 & "m = " & TEXT(B29/B28, "0.0%") & " (χρεώνεται στα €/m³)" | E80: +33.3% προσαύξηση
A81: ΣΥΝΟΛΙΚΟΣ ΟΓΚΟΣ SHOTCRETE ΕΡΓΟΥ (ΟΝΟΜΑΣΤΙΚΟΣ) | B81: =ROUND(B70*B28, 2) | C81: m³ | D81: ="Εμβαδόν " & TEXT(B70, "#,##0.00") & " m² × " & TEXT(B28, "0.00") & " m ονομαστικό πάχος" | E81: Ονομαστικά κυβικά σκυροδέματος
A82: Β.3 Υπολογισμοί H-Beams (Διάτρηση, Προφίλ, Λάμες, Κουγκρί Πάκτωσης)
A83: Συνολικό Μήκος Νέφκας / Βάθος Οπής (L_beam) | B83: =B18+B35 | C83: m / οπή | D83: ="L_beam = H_exc (" & B18 & "m) + H_embed (" & B35 & "m) = " & TEXT(B18+B35, "0.00") & " m" | E83: 16.94m σταθμισμένο βάθος διάτρησης
A84: ΣΥΝΟΛΙΚΑ ΜΕΤΡΑ ΔΙΑΤΡΗΣΗΣ ΜΕΓΑΛΟΥ ΤΡΥΠΑΝΙΟΥ | B84: =B33*B83 | C84: m | D84: ="Αρ. οπών " & B33 & " × " & TEXT(B83, "0.00") & " m βάθος" | E84: 116 οπές × 16.94m = 1,965.04 m
A85: Κυβικά Εκσκαφής Οπής ανά Μέτρο (D=0.80m) | B85: =PI()*((B34/2)^2) | C85: m³ / m | D85: ="π * (" & TEXT(B34, "0.00") & "/2)² = " & TEXT(PI()*((B34/2)^2), "0.0000") & " m³/m" | E85: 0.5027 m³/m (D=0.80m)
A86: Συνολικά Κυβικά Εκσκαφής Οπών Μεγάλου Τρυπανιού | B86: =ROUND(B84*B85, 2) | C86: m³ | D86: ="Μέτρα διάτρησης " & TEXT(B84, "#,##0.00") & " × " & TEXT(B85, "0.0000") & " m³/m" | E86: Όγκος εκσκαφής γεώτρησης
A87: ΣΥΝΟΛΙΚΟ ΒΑΡΟΣ ΧΑΛΥΒΑ ΝΕΦΚΩΝ (2 No. HEB 200) | B87: =ROUND(B33*B37*B83*B38, 2) | C87: kg | D87: ="Οπές " & B33 & " × " & B37 & " HEB × " & TEXT(B83, "0.00") & "m × " & TEXT(B38, "0.0") & " kg/m" | E87: 2 HEB 200 ανά οπή
A88: Αριθμός Επιπέδων Λαμών ανά Νέφκα (L/s) | B88: =ROUNDUP(B83/B39, 0) | C88: επίπεδα/οπή | D88: ="Μήκος " & TEXT(B83, "0.00") & "m / Βήμα " & TEXT(B39, "0.00") & "m = " & ROUNDUP(B83/B39, 0) & " επίπεδα" | E88: 17 επίπεδα κατά ύψος
A89: Συνολικό Πλήθος Λαμών Σύνδεσης (Αμφίπλευρα) | B89: =B33*B88*B40 | C89: τεμ. | D89: ="Οπές " & B33 & " × " & B88 & " επίπεδα × " & B40 & " πλευρές = " & TEXT(B33*B88*B40, "#,##0") & " λάμες" | E89: 2 λάμες ανά επίπεδο (εκατέρωθεν)
A90: Βάρος ανά Λάμα Σύνδεσης | B90: =(B41/1000)*(B42/1000)*(B43/1000)*7850 | C90: kg / τεμ. | D90: ="(W/1000) × (L/1000) × (t/1000) × 7850 = " & TEXT((B41/1000)*(B42/1000)*(B43/1000)*7850, "0.000") & " kg" | E90: 3.140 kg ανά λάμα 200x200x10
A91: ΣΥΝΟΛΙΚΟ ΒΑΡΟΣ ΛΑΜΩΝ ΣΥΝΔΕΣΗΣ | B91: =ROUND(B89*B90, 2) | C91: kg | D91: ="Συνολικές λάμες " & TEXT(B89, "#,##0") & " × " & TEXT(B90, "0.000") & " kg/τεμ." | E91: Κιλά λαμών ενίσχυσης
A92: ΣΥΝΟΛΙΚΟΣ ΟΓΚΟΣ ΚΟΥΓΚΡΙΟΥ ΠΑΚΤΩΣΗΣ (C30/37) | B92: =ROUND(B33*B85*B35, 2) | C92: m³ | D92: ="Οπές " & B33 & " × " & TEXT(B85, "0.000") & " m³/m × Πάκτωση " & TEXT(B35, "0.00") & "m" | E92: Σκυρόδεμα πάκτωσης H=1.60m (D=0.80m)
A93: Συνολικό Μήκος Γωνιών Στήριξης (L 70x70x6) | B93: =IF(B44="ΝΑΙ", B33*2*B18, 0) | C93: m | D93: ="2 γωνιές × Οπές " & B33 & " × Ύψος εκσκαφής " & TEXT(B18, "0.00") & "m" | E93: Γωνιές στήριξης σχάρας
A94: ΣΥΝΟΛΙΚΟ ΒΑΡΟΣ ΓΩΝΙΩΝ ΣΤΗΡΙΞΗΣ | B94: =ROUND(B93*B46, 2) | C94: kg | D94: ="Μήκος " & TEXT(B93, "#,##0.00") & " m × " & TEXT(B46, "0.00") & " kg/m" | E94: Κιλά γωνιών L 70x70x6
A95: Β.4 Υπολογισμοί Αγκυρώσεων (Διάτρηση, Grout, Τένοντες, Προένταση, Κεφαλές)
A96: ΣΥΝΟΛΙΚΟ ΠΛΗΘΟΣ ΑΓΚΥΡΩΣΕΩΝ ΕΡΓΟΥ | B96: =SUM(B49,B51,B53,B55) | C96: τεμ. | D96: ="4 σειρές (116+116+116+101) = " & TEXT(SUM(B49,B51,B53,B55), "#,##0") & " αγκυρώσεις" | E96: 449 αγκυρώσεις συνολικά
A97: Μέτρα Διάτρησης Αγκυρώσεων Σειράς 1 | B97: =B49*B50 | C97: m | D97: ="=" & B49 & " αγκυρώσεις × " & TEXT(B50, "0.00") & " m" | E97: 116 × 19.87m = 2,304.92 m
A98: Μέτρα Διάτρησης Αγκυρώσεων Σειράς 2 | B98: =B51*B52 | C98: m | D98: ="=" & B51 & " αγκυρώσεις × " & TEXT(B52, "0.00") & " m" | E98: 116 × 19.18m = 2,224.88 m
A99: Μέτρα Διάτρησης Αγκυρώσεων Σειράς 3 | B99: =B53*B54 | C99: m | D99: ="=" & B53 & " αγκυρώσεις × " & TEXT(B54, "0.00") & " m" | E99: 116 × 19.16m = 2,222.56 m
A100: Μέτρα Διάτρησης Αγκυρώσεων Σειράς 4 | B100: =B55*B56 | C100: m | D100: ="=" & B55 & " αγκυρώσεις × " & TEXT(B56, "0.00") & " m" | E100: 101 × 16.67m = 1,683.67 m
A101: ΣΥΝΟΛΙΚΑ ΜΕΤΡΑ ΔΙΑΤΡΗΣΗΣ ΑΓΚΥΡΩΣΕΩΝ | B101: =SUM(B97:B100) | C101: m | D101: ="Άθροισμα 4 σειρών = " & TEXT(SUM(B97:B100), "#,##0.00") & " m διάτρησης" | E101: 8,436.03 m διάτρησης
A102: Όγκος Grout ανά Μέτρο Διάτρησης Αγκύρωσης | B102: =PI()*((B59/2)^2)*B60 | C102: m³ / m | D102: ="π * (" & TEXT(B59, "0.00") & "/2)² * " & TEXT(B60, "0.0") & " = " & TEXT(PI()*((B59/2)^2)*B60, "0.000000") & " m³/m" | E102: 0.021206 m³/m (Ø150mm * 1.20)
A103: ΣΥΝΟΛΙΚΟΣ ΟΓΚΟΣ GROUT ΑΓΚΥΡΩΣΕΩΝ | B103: =ROUND(B101*B102, 2) | C103: m³ | D103: ="Μέτρα διάτρησης " & TEXT(B101, "#,##0.00") & "m × " & TEXT(B102, "0.0000") & " m³/m" | E103: Grout πλήρωσης οπών αγκύρωσης
A104: ΣΥΝΟΛΙΚΟ ΜΗΚΟΣ ΤΕΝΟΝΤΩΝ (STRANDS 0.6") | B104: =(B49*(B50+B58)*B57)+(B51*(B52+B58)*B57)+(B53*(B54+B58)*B57)+(B55*(B56+B58)*B57) | C104: m | D104: ="Σειρές 1-4: (L_drill + 1.0m) × 4 strands × αγκυρώσεις" | E104: Συνολικά μέτρα συρματόσχοινων
A105: ΣΥΝΟΛΙΚΟ ΒΑΡΟΣ ΤΕΝΟΝΤΩΝ | B105: =ROUND(B104*B61, 2) | C105: kg | D105: ="Μήκος " & TEXT(B104, "#,##0.00") & " m × " & TEXT(B61, "0.0") & " kg/m" | E105: Βάρος χάλυβα προέντασης

Sheet 2_Υπολογισμοί_&_Κοστολόγηση
A1: ΕΡΓΟ: BOLTON TOWER (BERLIN WALL & ΑΓΚΥΡΩΣΕΙΣ) — ΟΙΚΟΝΟΜΙΚΗ ΠΡΟΣΦΟΡΑ & ΚΟΣΤΟΛΟΓΗΣΗ
A2: Οι τιμές μονάδας περιλαμβάνουν ήδη γενικά έξοδα, απρόβλεπτα & εργολαβικό όφελος | B2: [ΚΙΤΡΙΝΟ #FFF2CC] = Τιμές Μονάδας | C2: [ΠΟΡΤΟΚΑΛΙ #FFE699] = Κουγκρί Πάκτωσης
A4: Περιγραφή Εργασίας / Υλικού | B4: Ποσότητα | C4: Μονάδα | D4: Τιμή Μονάδας (€) | E4: Συνολικό Κόστος (€) | F4: Πηγή Ποσότητας / Τεχνικός Κανόνας
A5: ΠΥΛΩΝΑΣ 1: ΜΕΤΑΚΙΝΗΣΕΙΣ & ΣΤΡΑΤΕΣ (3 ΕΙΔΗ)
A6: Μετακίνηση Μεγάλου Τρυπανιού (Piling Rig) | B6: ='1_Στοιχεία_Μελέτης_&_Ποσότητες'!B65 | C6: στράτες | D6: 1500 | E6: =B6*D6 | F6: Βάση Λεμεσός (0-40 km από έδρα Αγίου Συλά: 1,500€ βασική)
A7: Μετακινήσεις Εξοπλισμού Αγκυρώσεων | B7: ='1_Στοιχεία_Μελέτης_&_Ποσότητες'!B66 | C7: στράτες | D7: 300 | E7: =B7*D7 | F7: ='1_Στοιχεία_Μελέτης_&_Ποσότητες'!B66 & " στράτες (όσες οι σειρές αγκυρώσεων = 4 στα 300€)"
A8: Μετακινήσεις Συνεργείου & Αντλίας Shotcrete | B8: ='1_Στοιχεία_Μελέτης_&_Ποσότητες'!B67 | C8: στράτες | D8: 200 | E8: =B8*D8 | F8: ='1_Στοιχεία_Μελέτης_&_Ποσότητες'!B67 & " στράτες (σειρές αγκυρώσεων + 1 = 5 στα 200€)"
A9: ΣΥΝΟΛΟ ΠΥΛΩΝΑ 1 (ΜΕΤΑΚΙΝΗΣΕΙΣ) | E9: =SUM(E6:E8)
A11: ΠΥΛΩΝΑΣ 2: ΣΧΑΡΕΣ & ΕΚΤΟΞΕΥΟΜΕΝΟ ΣΚΥΡΟΔΕΜΑ (SHOTCRETE)
A12: ="Αγορά Χάλυβα Σχάρας (Y" & '1_Στοιχεία_Μελέτης_&_Ποσότητες'!B23 & "/Y" & '1_Στοιχεία_Μελέτης_&_Ποσότητες'!B25 & ")" | B12: ='1_Στοιχεία_Μελέτης_&_Ποσότητες'!B78 | C12: kg | D12: 2.5 | E12: =B12*D12 | F12: ="Από Φύλλο 1 (" & TEXT(B12, "#,##0.00") & " kg) × 2.50 €/kg"
A13: Τοποθέτηση Σχάρας / Εργατικά Μετώπου | B13: ='1_Στοιχεία_Μελέτης_&_Ποσότητες'!B70 | C13: m² | D13: 15 | E13: =B13*D13 | F13: ="Από Φύλλο 1 (" & TEXT(B13, "#,##0.00") & " m²) × 15.00 €/m²"
A14: ="Αγορά Σκυροδέματος Shotcrete (" & '1_Στοιχεία_Μελέτης_&_Ποσότητες'!B27 & ")" | B14: ='1_Στοιχεία_Μελέτης_&_Ποσότητες'!B81 | C14: m³ | D14: 90 | E14: =B14*D14 | F14: ="Σταθερή τιμή αγοράς C30/37 (90.00 €/m³) για " & TEXT(B14, "#,##0.00") & " m³"
A15: Τοποθέτηση / Εκτόξευση / Αντλία (με προσαύξηση απώλειας) | B15: ='1_Στοιχεία_Μελέτης_&_Ποσότητες'!B81 | C15: m³ | D15: =ROUND((IF(B14>7, 200, 250)*(1+'1_Στοιχεία_Μελέτης_&_Ποσότητες'!B80))-90, 2) | E15: =B15*D15 | F15: ="Βάση " & IF(B14>7,200,250) & "€ × (1+" & TEXT('1_Στοιχεία_Μελέτης_&_Ποσότητες'!B80, "0.0%") & " απώλεια) - 90€ αγορά"
A16: ΣΥΝΟΛΟ ΠΥΛΩΝΑ 2 (ΣΧΑΡΕΣ & SHOTCRETE) | E16: =SUM(E12:E15)
A18: ΠΥΛΩΝΑΣ 3: H-BEAMS (ΝΕΦΚΕΣ / SOLDIER PILES — 5 ΕΡΓΑΣΙΕΣ/ΥΛΙΚΑ)
A19: ="3.1 Διάτρηση Μεγάλου Τρυπανιού (Ø" & TEXT('1_Στοιχεία_Μελέτης_&_Ποσότητες'!B34*1000, "0") & " mm)" | B19: ='1_Στοιχεία_Μελέτης_&_Ποσότητες'!B84 | C19: m | D19: 75 | E19: =B19*D19 | F19: ="Ελάχιστη διάμετρος Ø800 mm για " & '1_Στοιχεία_Μελέτης_&_Ποσότητες'!B33 & " πασσάλους στα 75.00 €/m"
A20: ="3.2 Νέφκες Χάλυβα (" & '1_Στοιχεία_Μελέτης_&_Ποσότητες'!B36 & " - Αγορά + Επεξεργασία)" | B20: ='1_Στοιχεία_Μελέτης_&_Ποσότητες'!B87 | C20: kg | D20: 1.4 | E20: =B20*D20 | F20: 1.00 €/kg αγορά + 0.40 €/kg επεξεργασία = 1.40 €/kg
A21: ="3.3 Λάμες Σύνδεσης/Ενίσχυσης (" & '1_Στοιχεία_Μελέτης_&_Ποσότητες'!B41 & "×" & '1_Στοιχεία_Μελέτης_&_Ποσότητες'!B42 & "×" & '1_Στοιχεία_Μελέτης_&_Ποσότητες'!B43 & " mm)" | B21: ='1_Στοιχεία_Μελέτης_&_Ποσότητες'!B91 | C21: kg | D21: 1.6 | E21: =B21*D21 | F21: 1.00 €/kg αγορά + 0.60 €/kg τοποθέτηση = 1.60 €/kg
A22: ="3.4 Κουγκρί Πάκτωσης Οπών Νέφκας (" & '1_Στοιχεία_Μελέτης_&_Ποσότητες'!B27 & ")" | B22: ='1_Στοιχεία_Μελέτης_&_Ποσότητες'!B92 | C22: m³ | D22: 120 | E22: =B22*D22 | F22: 120.00 €/m³ (Διακριτό πορτοκαλί χρώμα #FFE699 για άμεση εποπτεία)
A23: ="3.5 Γωνιές Στήριξης (" & '1_Στοιχεία_Μελέτης_&_Ποσότητες'!B45 & " - αν ζητούνται)" | B23: ='1_Στοιχεία_Μελέτης_&_Ποσότητες'!B94 | C23: kg | D23: 1.6 | E23: =B23*D23 | F23: 1.00 €/kg αγορά + 0.60 €/kg επεξεργασία = 1.60 €/kg
A24: ΣΥΝΟΛΟ ΠΥΛΩΝΑ 3 (H-BEAMS / ΝΕΦΚΕΣ) | E24: =SUM(E19:E23)
A26: ΠΥΛΩΝΑΣ 4: ΑΓΚΥΡΩΣΕΙΣ (PRESTRESSED TIEBACK ANCHORS — 5 ΕΡΓΑΣΙΕΣ/ΥΛΙΚΑ)
A27: ="4.1 Διάτρηση / Τρύπημα Αγκυρώσεων (Ø" & TEXT('1_Στοιχεία_Μελέτης_&_Ποσότητες'!B59*1000, "0") & " mm)" | B27: ='1_Στοιχεία_Μελέτης_&_Ποσότητες'!B101 | C27: m | D27: 30 | E27: =B27*D27 | F27: ="Διάτρηση Ø150 mm για " & '1_Στοιχεία_Μελέτης_&_Ποσότητες'!B96 & " αγκυρώσεις στα 30.00 €/m"
A28: 4.2 Grout Τσιμεντένεμα Αγκυρώσεων (με απώλεια 1.20) | B28: ='1_Στοιχεία_Μελέτης_&_Ποσότητες'!B103 | C28: m³ | D28: 500 | E28: =B28*D28 | F28: ="500.00 €/m³ grout πλήρωσης οπής για " & TEXT(B28, "#,##0.00") & " m³"
A29: 4.3 Τένοντες Προέντασης (Strands 0.6" - 1.10 kg/m) | B29: ='1_Στοιχεία_Μελέτης_&_Ποσότητες'!B104 | C29: m | D29: 2.28 | E29: =B29*D29 | F29: 2.28 €/m τρέχον τένοντα (συμπεριλαμβάνει +1.0m έξω από το μέτωπο)
A30: 4.4 Προένταση Αγκυρώσεων (Stressing & Lock-off) | B30: ='1_Στοιχεία_Μελέτης_&_Ποσότητες'!B96 | C30: τεμ. | D30: 18 | E30: =B30*D30 | F30: ="18.00 € ανά οπή / αγκύρωση για " & '1_Στοιχεία_Μελέτης_&_Ποσότητες'!B96 & " αγκυρώσεις"
A31: 4.5 Κεφαλή Αγκύρωσης (Anchor Head, Wedges, Plate) | B31: ='1_Στοιχεία_Μελέτης_&_Ποσότητες'!B96 | C31: τεμ. | D31: 55 | E31: =B31*D31 | F31: ="55.00 € ανά οπή / αγκύρωση πλήρες σετ για " & '1_Στοιχεία_Μελέτης_&_Ποσότητες'!B96 & " αγκυρώσεις"
A32: ΣΥΝΟΛΟ ΠΥΛΩΝΑ 4 (ΑΓΚΥΡΩΣΕΙΣ) | E32: =SUM(E27:E31)
A34: ΤΕΛΙΚΑ ΣΥΝΟΛΑ ΠΡΟΣΦΟΡΑΣ (ΓΕΝΙΚΑ ΕΞΟΔΑ & ΚΕΡΔΟΣ ΕΝΣΩΜΑΤΩΜΕΝΑ ΣΤΙΣ ΤΙΜΕΣ)
A35: ΚΑΘΑΡΟ ΣΥΝΟΛΟ ΠΡΟΣΦΟΡΑΣ (ΠΡΟ Φ.Π.Α.) | E35: =E9+E16+E24+E32 | F35: Άθροισμα 4 Πυλώνων (Περιλαμβάνει Γενικά Έξοδα & Όφελος)
A36: Φ.Π.Α. (19%) | E36: =ROUND(E35*0.19, 2) | F36: Νόμιμος Φ.Π.Α. Κύπρου (19%)
A37: ΤΕΛΙΚΟ ΠΛΗΡΩΤΕΟ ΠΟΣΟ (ΜΕ Φ.Π.Α.) | E37: =E35+E36 | F37: Τελικό πληρωτέο ποσό έργου
A39: ΒΑΣΙΚΟΙ ΔΕΙΚΤΕΣ ΚΟΣΤΟΥΣ & VALUE ENGINEERING (KPIs)
A40: KPI 1: Συνολικό Κόστος ανά m² Μετώπου Εκσκαφής | C40: € / m² | E40: =ROUND(E35/'1_Στοιχεία_Μελέτης_&_Ποσότητες'!B70, 2) | F40: ="Καθαρό σύνολο / " & TEXT('1_Στοιχεία_Μελέτης_&_Ποσότητες'!B70, "#,##0.00") & " m²"
A41: KPI 2: Συνολικό Κόστος ανά Αγκύρωση (Πλήρες Σύστημα) | C41: € / αγκύρωση | E41: =ROUND(E32/'1_Στοιχεία_Μελέτης_&_Ποσότητες'!B96, 2) | F41: ="Σύνολο Πυλώνα 4 / " & '1_Στοιχεία_Μελέτης_&_Ποσότητες'!B96 & " αγκυρώσεις"
A42: KPI 3: Συνολικό Κόστος Σχαρών & Shotcrete ανά m² Μετώπου | C42: € / m² | E42: =ROUND(E16/'1_Στοιχεία_Μελέτης_&_Ποσότητες'!B70, 2) | F42: ="Σύνολο Πυλώνα 2 / " & TEXT('1_Στοιχεία_Μελέτης_&_Ποσότητες'!B70, "#,##0.00") & " m²"
A43: KPI 4: Συνολικό Κόστος H-Beams ανά Πάσσαλο / Οπή | C43: € / πάσσαλο | E43: =ROUND(E24/'1_Στοιχεία_Μελέτης_&_Ποσότητες'!B33, 2) | F43: ="Σύνολο Πυλώνα 3 / " & '1_Στοιχεία_Μελέτης_&_Ποσότητες'!B33 & " οπές"

Sheet 3_Πίνακες_Διατομών_Χάλυβα
A1: ΒΙΒΛΙΟΘΗΚΗ ΔΙΑΤΟΜΩΝ ΧΑΛΥΒΑ (EUROPEAN STRUCTURAL STEEL PROFILES)
A2: Τεχνικά χαρακτηριστικά & βάρη ανά μέτρο για διατομές HEA, HEB, UPN & Γωνιών (L)
A4: 1. ΔΙΑΤΟΜΕΣ HEA (Ευρωπαϊκά Πλατύπελμα Ελαφρού Τύπου)
A5: Ονομασία Διατομής | B5: Ύψος h (mm) | C5: Πλάτος b (mm) | D5: Πάχος tw (mm) | E5: Πάχος tf (mm) | F5: Διατομή A (cm²) | G5: Βάρος (kg / m)
A6: HEA 140 | B6: 133 | C6: 140 | D6: 5.5 | E6: 8.5 | F6: 31.4 | G6: 24.7
A7: HEA 160 | B7: 152 | C7: 160 | D7: 6 | E7: 9 | F7: 38.8 | G7: 30.4
A8: HEA 180 | B8: 171 | C8: 180 | D8: 6 | E8: 9.5 | F8: 45.3 | G8: 35.5
A9: HEA 200 | B9: 190 | C9: 200 | D9: 6.5 | E9: 10 | F9: 53.8 | G9: 42.3
A10: HEA 220 | B10: 210 | C10: 220 | D10: 7 | E10: 11 | F10: 64.3 | G10: 50.5
A11: HEA 240 | B11: 230 | C11: 240 | D11: 7.5 | E11: 12 | F11: 76.8 | G11: 60.3
A12: HEA 260 | B12: 250 | C12: 260 | D12: 7.5 | E12: 12.5 | F12: 86.8 | G12: 68.2
A13: HEA 280 | B13: 270 | C13: 280 | D13: 8 | E13: 13 | F13: 97.3 | G13: 76.4
A14: HEA 300 | B14: 290 | C14: 300 | D14: 8.5 | E14: 14 | F14: 112.5 | G14: 88.3
A16: 2. ΔΙΑΤΟΜΕΣ HEB (Ευρωπαϊκά Πλατύπελμα Κανονικού Τύπου)
A17: Ονομασία Διατομής | B17: Ύψος h (mm) | C17: Πλάτος b (mm) | D17: Πάχος tw (mm) | E17: Πάχος tf (mm) | F17: Διατομή A (cm²) | G17: Βάρος (kg / m)
A18: HEB 140 | B18: 140 | C18: 140 | D18: 7 | E18: 12 | F18: 43 | G18: 33.7
A19: HEB 160 | B19: 160 | C19: 160 | D19: 8 | E19: 13 | F19: 54.3 | G19: 42.6
A20: HEB 180 | B20: 180 | C20: 180 | D20: 8.5 | E20: 14 | F20: 65.3 | G20: 51.2
A21: HEB 200 | B21: 200 | C21: 200 | D21: 9 | E21: 15 | F21: 78.1 | G21: 61.3
A22: HEB 220 | B22: 220 | C22: 220 | D22: 9.5 | E22: 16 | F22: 91 | G22: 71.5
A23: HEB 240 | B23: 240 | C23: 240 | D23: 10 | E23: 17 | F23: 106 | G23: 83.2
A24: HEB 260 | B24: 260 | C24: 260 | D24: 10 | E24: 17.5 | F24: 118.4 | G24: 93
A25: HEB 280 | B25: 280 | C25: 280 | D25: 10.5 | E25: 18 | F25: 131.4 | G25: 103
A26: HEB 300 | B26: 300 | C26: 300 | D26: 11 | E26: 19 | F26: 149.1 | G26: 117
A28: 3. ΔΙΑΤΟΜΕΣ UPN (Ευρωπαϊκά Κοίλα Προφίλ U)
A29: Ονομασία Διατομής | B29: Ύψος h (mm) | C29: Πλάτος b (mm) | D29: Πάχος tw (mm) | E29: Πάχος tf (mm) | F29: Διατομή A (cm²) | G29: Βάρος (kg / m)
A30: UPN 140 | B30: 140 | C30: 60 | D30: 7 | E30: 10 | F30: 20.4 | G30: 16
A31: UPN 160 | B31: 160 | C31: 65 | D31: 7.5 | E31: 10.5 | F31: 24 | G31: 18.8
A32: UPN 180 | B32: 180 | C32: 70 | D32: 8 | E32: 11 | F32: 28 | G32: 22
A33: UPN 200 | B33: 200 | C33: 75 | D33: 8.5 | E33: 11.5 | F33: 32.2 | G33: 25.3
A34: UPN 220 | B34: 220 | C34: 80 | D34: 9 | E34: 12.5 | F34: 37.4 | G34: 29.4
A35: UPN 240 | B35: 240 | C35: 85 | D35: 9.5 | E35: 13 | F35: 42.3 | G35: 33.2
A36: UPN 260 | B36: 260 | C36: 90 | D36: 10 | E36: 14 | F36: 48.3 | G36: 37.9
A37: UPN 280 | B37: 280 | C37: 95 | D37: 10 | E37: 15 | F37: 53.3 | G37: 41.8
A38: UPN 300 | B38: 300 | C38: 100 | D38: 10 | E38: 16 | F38: 58.8 | G38: 46.2
A40: 4. ΙΣΟΣΚΕΛΕΙΣ ΓΩΝΙΕΣ (Equal Angles L)
A41: Ονομασία Διατομής | B41: Ύψος h (mm) | C41: Πλάτος b (mm) | D41: Πάχος tw (mm) | E41: Πάχος tf (mm) | F41: Διατομή A (cm²) | G41: Βάρος (kg / m)
A42: L 50x50x5 | B42: 50 | C42: 50 | D42: 5 | E42: 5 | F42: 4.8 | G42: 3.77
A43: L 60x60x6 | B43: 60 | C43: 60 | D43: 6 | E43: 6 | F43: 6.91 | G43: 5.42
A44: L 70x70x6 | B44: 70 | C44: 70 | D44: 6 | E44: 6 | F44: 8.13 | G44: 6.38
A45: L 70x70x7 | B45: 70 | C45: 70 | D45: 7 | E45: 7 | F45: 9.4 | G45: 7.38
A46: L 80x80x8 | B46: 80 | C46: 80 | D46: 8 | E46: 8 | F46: 12.3 | G46: 9.63
A47: L 90x90x9 | B47: 90 | C47: 90 | D47: 9 | E47: 9 | F47: 15.5 | G47: 12.2
A48: L 100x100x10 | B48: 100 | C48: 100 | D48: 10 | E48: 10 | F48: 19.2 | G48: 15
