Workbook

Sheet 1_Στοιχεία_Μελέτης_&_Ποσότητες
A1: ΕΡΓΟ: BOLTON TOWER (BERLIN WALL & ΑΓΚΥΡΩΣΕΙΣ) — ΣΤΟΙΧΕΙΑ ΜΕΛΕΤΗΣ & ΦΥΣΙΚΕΣ ΠΟΣΟΤΗΤΕΣ ΑΝΑ ΤΥΠΟ ΤΟΙΧΟΥ (ΧΩΡΙΣ ΕΥΡΩ)
A2: ΟΡΓΑΝΩΜΕΝΟ ΣΕ ΚΟΥΤΙΑ (BOXES) ΑΝΑ ΤΥΠΟ ΤΟΙΧΟΥ (TYPE A, TYPE B, TYPE C) ΓΙΑ ΑΜΕΣΟ ΕΛΕΓΧΟ | [ΚΕΦΑΛΑΙΟ Α] = RAW INPUTS | [ΚΕΦΑΛΑΙΟ Β] = ΥΠΟΛΟΓΙΣΜΟΙ
A4: 🏛️ ΚΕΦΑΛΑΙΟ Α: ΣΤΟΙΧΕΙΑ ΜΕΛΕΤΗΣ (RAW INPUTS) — ΧΩΡΙΣΜΕΝΑ ΣΕ ΚΟΥΤΙΑ ΑΝΑ ΤΥΠΟ ΤΟΙΧΟΥ
A5: α/α | B5: ΠΕΡΙΓΡΑΦΗ ΣΤΟΙΧΕΙΟΥ / ΕΡΓΑΣΙΑΣ | C5: ΤΙΜΗ ΜΕΛΕΤΗΣ | D5: ΜΟΝ. | E5: ΠΗΓΗ ΜΕΛΕΤΗΣ (ΣΧΕΔΙΟ) | F5: ΤΕΧΝΙΚΗ ΣΗΜΕΙΩΣΗ / ΕΛΕΓΧΟΣ ΚΑΝΟΝΑ
A6: ΚΟΙΝΑ | B6: ΚΟΥΤΙ Α.0 — ΓΕΝΙΚΑ ΣΤΟΙΧΕΙΑ ΕΡΓΟΥ & ΚΟΙΝΕΣ ΠΡΟΔΙΑΓΡΑΦΕΣ (Εργοτάξιο, Διάτρηση, Σχάρα, Shotcrete, Λάμες, Γωνιές, Αγκυρώσεις)
A7: Κ.1 | B7: Έδρα Εταιρείας (Αφετηρία) | C7: Άγιος Συλάς, Σπύρου Κυπριανού 32, Λεμεσός | D7: - | E7: Βάση Εταιρείας | F7: Σταθερή βάση εκκίνησης συνεργείων & μηχανημάτων
A8: Κ.2 | B8: Τοποθεσία Εργοταξίου & Χιλιομετρική Απόσταση | C8: 12 | D8: km | E8: Σχέδιο ΘΕΜ/1 & ΘΕΜ/6 | F8: Λεμεσός (Bolton Tower) — Ζώνη 0-40 km (βασικές τιμές μετακινήσεων)
A9: Κ.3 | B9: Μέγιστο Πλήθος Οριζόντιων Σειρών Αγκυρώσεων Έργου | C9: 4 | D9: σειρές | E9: Σχέδιο ΘΕΜ/6, Τομές A, B, Γ | F9: Type A & B: 4 σειρές αγκυρώσεων | Type C: 3 σειρές αγκυρώσεων
A10: Κ.4 | B10: Αξονική Απόσταση Πασσάλων (s_c/c) | C10: 1.5 | D10: m | E10: Σχέδιο ΘΕΜ/1 & ΘΕΜ/6 | F10: [!!! ΣΥΓΚΡΟΥΣΗ ΜΕΛΕΤΗΣ !!!]: Αναγράφονται 2 διαφορετικοί αριθμοί: @ 2000mm στο κείμενο λεπτομέρειας vs (1500) στη διάσταση CL και 1.50m στις τομές. Επιλέχθηκε ο πιο ασφαλής στατικά αριθμός s = 1.50 m.
A11: Κ.5 | B11: Διάμετρος Οπής Διάτρησης Μεγάλου Τρυπανιού (D) | C11: 0.8 | D11: m | E11: Κανόνας Εταιρείας | F11: [DEFAULT ΕΤΑΙΡΕΙΑΣ]: Δεν αναγράφεται διάμετρος νέφκας στη μελέτη (το D=800 στο ΘΕΜ/1 αφορά υποστυλώματα κτιρίου). Εφαρμόζεται by default Ø800 mm.
A12: Κ.6 | B12: Πλήθος Προφίλ Χάλυβα ανά Πάσσαλο / Οπή | C12: 2 | D12: No/οπή | E12: Σχέδιο ΘΕΜ/6, Λεπτομέρεια | F12: Δίδυμο προφίλ (Ζεύγος 2 No. HEB ανά πάσσαλο)
A13: Κ.7 | B13: Θεωρητικό Βάρος Διατομής HEB 220 (για Type A) | C13: 71.5 | D13: kg/m | E13: Βιβλιοθήκη Διατομών (Φύλλο 3) | F13: 71.5 kg/m ανά HEB 220 (143.0 kg/m ανά ζεύγος)
A14: Κ.8 | B14: Θεωρητικό Βάρος Διατομής HEB 200 (για Type B & Type C) | C14: 61.3 | D14: kg/m | E14: Βιβλιοθήκη Διατομών (Φύλλο 3) | F14: 61.3 kg/m ανά HEB 200 (122.6 kg/m ανά ζεύγος)
A15: Κ.9 | B15: Κατακόρυφο Βήμα Λαμών Σύνδεσης (s_plate) | C15: 1 | D15: m | E15: Σχέδιο ΘΕΜ/6, Λεπτομέρεια | F15: Λάμες 200x200x10mm ανά 1000mm (1.0m) καθ' ύψος (Κανόνας L_beam / s_plate)
A16: Κ.10 | B16: Πλάτος / Μήκος / Πάχος Λάμας Σύνδεσης (200x200x10 mm) | C16: 3.14 | D16: kg/τεμ | E16: Σχέδιο ΘΕΜ/6, Λεπτομέρεια | F16: 0.20m × 0.20m × 0.010m × 7,850 kg/m³ = 3.140 kg ανά λάμα | G16: C16 πρεπει μεσα να εχει τον τυπο όχι το αποτελεσμα και αν αλλαζω οτιδιποτε εγω μεσα στον τυπο να αλλαζει και στην επεξηγηση και στον τιτλο π.χ αλλαξα ξερωγω το μεγεθος τις λαμας εδώ θα αλλαξει και στις σημειωσεις και στο αποτελεσμα και στον τιτλο
A17: Κ.11 | B17: Γωνιές Στήριξης Σχάρας L 70x70x6mm (2 τεμ. ανά πάσσαλο) | C17: 6.38 | D17: kg/m | E17: Σχέδιο ΘΕΜ/6 & Φύλλο 3 | F17: Γωνιές 70x70x6mm (6.38 kg/m × 2 γωνιές καθ' ύψος εκσκαφής H_exc)
A18: Κ.12 | B18: Διάμετρος Ράβδων Σχάρας Οριζόντιων & Κατακόρυφων (#Y8/150) | C18: 8 | D18: mm | E18: Σχέδιο ΘΕΜ/6, Λεπτομέρεια | F18: Αναγράφεται ρητά #Y8/150 (αυστηρή τήρηση Y8 βάσει κανόνα 2.3)
A19: Κ.13 | B19: Βήμα Ράβδων Σχάρας Οριζόντιων & Κατακόρυφων (s_mesh) | C19: 150 | D19: mm | E19: Σχέδιο ΘΕΜ/6, Λεπτομέρεια | F19: Βήμα 150mm × 150mm (2 × 6.67 m/m² × 0.395 kg/m = 5.261 kg/m²)
A20: Κ.14 | B20: Κατηγορία Σκυροδέματος Shotcrete & Πάκτωσης | C20: C30/37 | D20: - | E20: Κανόνας Εταιρείας | F20: [DEFAULT ΕΤΑΙΡΕΙΑΣ]: Δεν αναγράφεται στη μελέτη. Εφαρμόζεται by default C30/37 βάσει κανόνα εταιρείας.
A21: Κ.15 | B21: Ονομαστικό Πάχος Shotcrete Μελέτης (Gunite) | C21: 0.15 | D21: m | E21: Σχέδιο ΘΕΜ/6, Λεπτομέρεια | F21: 150 mm (15 cm) εκτοξευόμενο σκυρόδεμα (gunite)
A22: Κ.16 | B22: Πάγια Απώλεια / Αναπήδηση Shotcrete Εταιρείας | C22: 0.05 | D22: m | E22: Κανόνας Εταιρείας | F22: +5 cm πάγια προσαύξηση εταιρείας (+33.3% επί του ονομαστικού πάχους)
A23: Κ.17 | B23: Διάμετρος Οπής Διάτρησης Αγκυρώσεων (D_anc) | C23: 0.12 | D23: m | E23: Κανόνας Εταιρείας | F23: Ø120 mm τυπική διάμετρος διάτρησης αγκυρίων
A24: Κ.18 | B24: Συντελεστής Απώλειας Grout Αγκυρώσεων | C24: 1.2 | D24: - | E24: Κανόνας Εταιρείας | F24: +20% προσαύξηση όγκου τσιμεντενέματος (0.013572 m³/m)
A25: Κ.19 | B25: Πρόσθετο Μήκος Τένοντα εκτός Μετώπου (για τάνυση/κεφαλή) | C25: 1 | D25: m | E25: Κανόνας Εταιρείας | F25: +1.00 m έξω από το μέτωπο σε κάθε τένοντα
A26: Κ.20 | B26: Τυπικό Βάρος Τένοντα Προέντασης 0.6" (15.2mm) | C26: 1.1 | D26: kg/m | E26: Κανόνας Εταιρείας | F26: 7-wire strand 0.6" (1670/1860 MPa) = 1.10 kg/m
A28: TYPE A | B28: ΚΟΥΤΙ ΣΤΟΙΧΕΙΩΝ ΜΕΛΕΤΗΣ TYPE A — ΤΟΙΧΟΣ ΑΝΤΙΣΤΗΡΙΞΗΣ Α (Εκσκαφή 17.00m, 24No Ζεύγη HEB 220, L=19.00m, 4 Σειρές Αγκυρώσεων)
A29: A.in.1 | B29: Πλήθος Πασσάλων / Ζευγών HEB 220 (Type A) | C29: 27 | D29: No | E29: Σχέδιο ΘΕΜ/1 (Κάτοψη) & OpenCV | F29: 24 πάσσαλοι (Ανατολικό & Νότιο τμήμα Τοίχου Α) | G29: αλλαξα σε 27 εχω στα rules/agent το πως πρεπει να μετρας τις αγκυρωσεις αν δεν σου δινετε ο αριθμο, γιατι δεν το εκανες ετσι? Η το εκανες και βγηκε λαθος διοτι επρεπε ναταν 27
A30: A.in.2 | B30: Αναπτυγμένο Μήκος Μετώπου Type A (24 × 1.50m) | C30: =C29*C10 -> 40.5 | D30: τρ.μ. | E30: Σχέδιο ΘΕΜ/1 (Intervals) | F30: ="=" & C29 & " πάσσαλοι × " & TEXT(C10,"0.00") & "m = " & TEXT(C29*C10,"0.00") & " τρ.μ." -> =27 πάσσαλοι × 1.50m = 40.50 τρ.μ. | G30: δεν αλλαζει στον τιτλο μονο στις σημειωσεις όμως (δλδ το εκανα 27 αποπανω και στον τιτλο λεει 24*1.5
A31: A.in.3 | B31: Ελεύθερο Ύψος Εκσκαφής Type A (H_exc_A) | C31: 17 | D31: m | E31: Σχέδιο ΘΕΜ/6, Τομή Τοίχου Α | F31: Αναγραφόμενο ύψος εκσκαφής 17000 mm (17.00 m)
A32: A.in.4 | B32: Βάθος Πάκτωσης Νέφκας Type A (H_embed_A) | C32: 1.5 | D32: m | E32: Σχέδιο ΘΕΜ/6, Τομή Τοίχου Α | F32: Αναγραφόμενο βάθος πάκτωσης 2000 mm (2.00 m) | G32: 1500 λεει εινι και στα 3 ηδη λαθος εδώ
A33: A.in.5 | B33: Συνολικό Μήκος Νέφκας / Διάτρησης Type A (L_beam_A) | C33: =C31+C32 -> 18.5 | D33: m | E33: Σχέδιο ΘΕΜ/6, Τομή Τοίχου Α | F33: Αναγραφόμενο μήκος 19000 mm (17.00m + 2.00m = 19.00m) | G33: η πακτωση δεν είναι υποχρεωτικα ολο οσο δεν είναι ελευθερο. Η πακτωση είναι 1.5 π.χ το χωμα παει 2 μετρα και ελευθερο 15 μετρα….
A34: A.in.6 | B34: Αγκύρωση Σειρά 1 (στο -1.50m): Μήκος Διάτρησης L1 | C34: 20 | D34: m | E34: Σχέδιο ΘΕΜ/6, Τομή Τοίχου Α | F34: 10.0m ελεύθερο + 10.0m πάκτωση grout = 20.00m (30°, 144 kN)
A35: A.in.7 | B35: Αγκύρωση Σειρά 1 (στο -1.50m): Καλώδια (Strands) | C35: 2 | D35: καλώδια | E35: Σχέδιο ΘΕΜ/6, Τομή Τοίχου Α | F35: Αναγράφεται: 2 ΚΑΛΩΔΙΑ 15.2mm (Type 1670/1860)
A36: A.in.8 | B36: Αγκύρωση Σειρά 2 (στο -5.50m): Μήκος Διάτρησης L2 | C36: 19.5 | D36: m | E36: Σχέδιο ΘΕΜ/6, Τομή Τοίχου Α | F36: 8.5m ελεύθερο + 11.0m πάκτωση grout = 19.50m (30°, 338 kN)
A37: A.in.9 | B37: Αγκύρωση Σειρά 2 (στο -5.50m): Καλώδια (Strands) | C37: 2 | D37: καλώδια | E37: Σχέδιο ΘΕΜ/6, Τομή Τοίχου Α | F37: Αναγράφεται: 2 ΚΑΛΩΔΙΑ 15.2mm (Type 1670/1860)
A38: A.in.10 | B38: Αγκύρωση Σειρά 3 (στο -9.00m): Μήκος Διάτρησης L3 | C38: 20 | D38: m | E38: Σχέδιο ΘΕΜ/6, Τομή Τοίχου Α | F38: 8.0m ελεύθερο + 12.0m πάκτωση grout = 20.00m (30°, 439 kN)
A39: A.in.11 | B39: Αγκύρωση Σειρά 3 (στο -9.00m): Καλώδια (Strands) | C39: 3 | D39: καλώδια | E39: Σχέδιο ΘΕΜ/6, Τομή Τοίχου Α | F39: Αναγράφεται: 3 ΚΑΛΩΔΙΑ 15.2mm (Type 1670/1860)
A40: A.in.12 | B40: Αγκύρωση Σειρά 4 (στο -13.00m): Μήκος Διάτρησης L4 | C40: 18.5 | D40: m | E40: Σχέδιο ΘΕΜ/6, Τομή Τοίχου Α | F40: 3.5m ελεύθερο + 15.0m πάκτωση grout = 18.50m (30°, 584 kN)
A41: A.in.13 | B41: Αγκύρωση Σειρά 4 (στο -13.00m): Καλώδια (Strands) | C41: 3 | D41: καλώδια | E41: Σχέδιο ΘΕΜ/6, Τομή Τοίχου Α | F41: Αναγράφεται: 3 ΚΑΛΩΔΙΑ 15.2mm (Type 1670/1860)
A43: TYPE B | B43: ΚΟΥΤΙ ΣΤΟΙΧΕΙΩΝ ΜΕΛΕΤΗΣ TYPE B — ΤΟΙΧΟΣ ΑΝΤΙΣΤΗΡΙΞΗΣ Β (Εκσκαφή 15.60m, 63No Ζεύγη HEB 200, L=17.00m, 4 Σειρές Αγκυρώσεων)
A44: B.in.1 | B44: Πλήθος Πασσάλων / Ζευγών HEB 200 (Type B) | C44: 74 | D44: No | E44: Σχέδιο ΘΕΜ/1 (Κάτοψη) & OpenCV | F44: 63 πάσσαλοι (Βόρειο, Βορειοανατολικό & Νότιο τμήμα Τοίχου Β)
A45: B.in.2 | B45: Αναπτυγμένο Μήκος Μετώπου Type B (63 × 1.50m) | C45: =C44*C10 -> 111 | D45: τρ.μ. | E45: Σχέδιο ΘΕΜ/1 (Intervals) | F45: ="=" & C44 & " πάσσαλοι × " & TEXT(C10,"0.00") & "m = " & TEXT(C44*C10,"0.00") & " τρ.μ." -> =74 πάσσαλοι × 1.50m = 111.00 τρ.μ.
A46: B.in.3 | B46: Ελεύθερο Ύψος Εκσκαφής Type B (H_exc_B) | C46: 15.6 | D46: m | E46: Σχέδιο ΘΕΜ/6, Τομή Τοίχου Β | F46: Αναγραφόμενο ύψος εκσκαφής 15600 mm (15.60 m)
A47: B.in.4 | B47: Βάθος Πάκτωσης Νέφκας Type B (H_embed_B) | C47: 2 | D47: m | E47: Σχέδιο ΘΕΜ/6, Τομή Τοίχου Β | F47: Αναγραφόμενο βάθος πάκτωσης 2000 mm (2.00 m)
A48: B.in.5 | B48: Συνολικό Μήκος Νέφκας / Διάτρησης Type B (L_beam_B) | C48: 17 | D48: m | E48: Σχέδιο ΘΕΜ/6, Τομή Τοίχου Β | F48: Αναγραφόμενο συνολικό μήκος νέφκας 17000 mm (17.00 m)
A49: B.in.6 | B49: Αγκύρωση Σειρά 1 (στο -1.50m): Μήκος Διάτρησης L1 | C49: 20 | D49: m | E49: Σχέδιο ΘΕΜ/6, Τομή Τοίχου Β | F49: 10.0m ελεύθερο + 10.0m πάκτωση grout = 20.00m (30°, 141 kN)
A50: B.in.7 | B50: Αγκύρωση Σειρά 1 (στο -1.50m): Καλώδια (Strands) | C50: 2 | D50: καλώδια | E50: Σχέδιο ΘΕΜ/6, Τομή Τοίχου Β | F50: Αναγράφεται: 2 ΚΑΛΩΔΙΑ 15.2mm (Type 1670/1860)
A51: B.in.8 | B51: Αγκύρωση Σειρά 2 (στο -5.50m): Μήκος Διάτρησης L2 | C51: 19.5 | D51: m | E51: Σχέδιο ΘΕΜ/6, Τομή Τοίχου Β | F51: 8.5m ελεύθερο + 11.0m πάκτωση grout = 19.50m (30°, 323 kN)
A52: B.in.9 | B52: Αγκύρωση Σειρά 2 (στο -5.50m): Καλώδια (Strands) | C52: 2 | D52: καλώδια | E52: Σχέδιο ΘΕΜ/6, Τομή Τοίχου Β | F52: Αναγράφεται: 2 ΚΑΛΩΔΙΑ 15.2mm (Type 1670/1860)
A53: B.in.10 | B53: Αγκύρωση Σειρά 3 (στο -9.00m): Μήκος Διάτρησης L3 | C53: 19.5 | D53: m | E53: Σχέδιο ΘΕΜ/6, Τομή Τοίχου Β | F53: 8.5m ελεύθερο + 11.0m πάκτωση grout = 19.50m (30°, 412 kN)
A54: B.in.11 | B54: Αγκύρωση Σειρά 3 (στο -9.00m): Καλώδια (Strands) | C54: 3 | D54: καλώδια | E54: Σχέδιο ΘΕΜ/6, Τομή Τοίχου Β | F54: Αναγράφεται: 3 ΚΑΛΩΔΙΑ 15.2mm (Type 1670/1860)
A55: B.in.12 | B55: Αγκύρωση Σειρά 4 (στο -12.00m): Μήκος Διάτρησης L4 | C55: 16 | D55: m | E55: Σχέδιο ΘΕΜ/6, Τομή Τοίχου Β | F55: 4.0m ελεύθερο + 12.0m πάκτωση grout = 16.00m (30°, 438 kN)
A56: B.in.13 | B56: Αγκύρωση Σειρά 4 (στο -12.00m): Καλώδια (Strands) | C56: 3 | D56: καλώδια | E56: Σχέδιο ΘΕΜ/6, Τομή Τοίχου Β | F56: Αναγράφεται: 3 ΚΑΛΩΔΙΑ 15.2mm (Type 1670/1860)
A58: TYPE C | B58: ΚΟΥΤΙ ΣΤΟΙΧΕΙΩΝ ΜΕΛΕΤΗΣ TYPE C — ΤΟΙΧΟΣ ΑΝΤΙΣΤΗΡΙΞΗΣ Γ (Εκσκαφή 11.10m, 11No Ζεύγη HEB 200, L=13.00m, 3 Σειρές Αγκυρώσεων)
A59: C.in.1 | B59: Πλήθος Πασσάλων / Ζευγών HEB 200 (Type C) | C59: 15 | D59: No | E59: Σχέδιο ΘΕΜ/1 (Κάτοψη) & OpenCV | F59: 11 πάσσαλοι (Βορειοδυτικό τμήμα Τοίχου Γ)
A60: C.in.2 | B60: Αναπτυγμένο Μήκος Μετώπου Type C (11 × 1.50m) | C60: =C59*C10 -> 22.5 | D60: τρ.μ. | E60: Σχέδιο ΘΕΜ/1 (Intervals) | F60: ="=" & C59 & " πάσσαλοι × " & TEXT(C10,"0.00") & "m = " & TEXT(C59*C10,"0.00") & " τρ.μ." -> =15 πάσσαλοι × 1.50m = 22.50 τρ.μ.
A61: C.in.3 | B61: Ελεύθερο Ύψος Εκσκαφής Type C (H_exc_C) | C61: 11.1 | D61: m | E61: Σχέδιο ΘΕΜ/6, Τομή Τοίχου Γ | F61: Αναγραφόμενο ύψος εκσκαφής 11100 mm (11.10 m)
A62: C.in.4 | B62: Βάθος Πάκτωσης Νέφκας Type C (H_embed_C) | C62: 2 | D62: m | E62: Σχέδιο ΘΕΜ/6, Τομή Τοίχου Γ | F62: Αναγραφόμενο βάθος πάκτωσης 2000 mm (2.00 m)
A63: C.in.5 | B63: Συνολικό Μήκος Νέφκας / Διάτρησης Type C (L_beam_C) | C63: 13 | D63: m | E63: Σχέδιο ΘΕΜ/6, Τομή Τοίχου Γ | F63: Αναγραφόμενο συνολικό μήκος νέφκας 13000 mm (13.00 m)
A64: C.in.6 | B64: Αγκύρωση Σειρά 1 (στο -1.50m): Μήκος Διάτρησης L1 | C64: 19 | D64: m | E64: Σχέδιο ΘΕΜ/6, Τομή Τοίχου Γ | F64: 9.0m ελεύθερο + 10.0m πάκτωση grout = 19.00m (30°, 176 kN)
A65: C.in.7 | B65: Αγκύρωση Σειρά 1 (στο -1.50m): Καλώδια (Strands) | C65: 3 | D65: καλώδια | E65: Σχέδιο ΘΕΜ/6, Τομή Τοίχου Γ | F65: Αναγράφεται: 3 ΚΑΛΩΔΙΑ 15.2mm (Type 1670/1860)
A66: C.in.8 | B66: Αγκύρωση Σειρά 2 (στο -5.50m): Μήκος Διάτρησης L2 | C66: 17 | D66: m | E66: Σχέδιο ΘΕΜ/6, Τομή Τοίχου Γ | F66: 7.0m ελεύθερο + 10.0m πάκτωση grout = 17.00m (30°, 371 kN)
A67: C.in.9 | B67: Αγκύρωση Σειρά 2 (στο -5.50m): Καλώδια (Strands) | C67: 3 | D67: καλώδια | E67: Σχέδιο ΘΕΜ/6, Τομή Τοίχου Γ | F67: Αναγράφεται: 3 ΚΑΛΩΔΙΑ 15.2mm (Type 1670/1860)
A68: C.in.10 | B68: Αγκύρωση Σειρά 3 (στο -9.00m): Μήκος Διάτρησης L3 | C68: 16 | D68: m | E68: Σχέδιο ΘΕΜ/6, Τομή Τοίχου Γ | F68: 6.0m ελεύθερο + 10.0m πάκτωση grout = 16.00m (30°, 341.6 kN)
A69: C.in.11 | B69: Αγκύρωση Σειρά 3 (στο -9.00m): Καλώδια (Strands) | C69: 3 | D69: καλώδια | E69: Σχέδιο ΘΕΜ/6, Τομή Τοίχου Γ | F69: Αναγράφεται: 3 ΚΑΛΩΔΙΑ 15.2mm (Type 1670/1860)
A71: ⚙️ ΚΕΦΑΛΑΙΟ Β: ΥΠΟΛΟΓΙΣΜΟΙ ΦΥΣΙΚΩΝ ΠΟΣΟΤΗΤΩΝ ΑΝΑ ΤΥΠΟ ΤΟΙΧΟΥ (1-ΠΡΟΣ-1 ΑΝΤΙΣΤΟΙΧΙΑ ΜΕ ΤΑ ΚΟΥΤΙΑ ΤΟΥ ΦΥΛΛΟΥ 2)
A72: α/α | B72: ΠΕΡΙΓΡΑΦΗ ΥΠΟΛΟΓΙΣΜΟΥ ΠΟΣΟΤΗΤΑΣ | C72: ΠΟΣΟΤΗΤΑ | D72: ΜΟΝ. | E72: ΔΥΝΑΜΙΚΟΣ ΤΥΠΟΣ & ΕΠΕΞΗΓΗΣΗ | F72: ΤΕΧΝΙΚΗ ΣΗΜΕΙΩΣΗ / ΕΛΕΓΧΟΣ ΚΑΝΟΝΑ
A73: ΣΤΑΘ. | B73: Β.0 ΒΟΗΘΗΤΙΚΕΣ ΦΥΣΙΚΕΣ ΣΤΑΘΕΡΕΣ ΜΟΝΑΔΑΣ (Διατομή Οπής Ø800mm, Βάρος Σχάρας #Y8/150 ανά m², Όγκος Grout Ø120mm ανά m)
A74: Σ.1 | B74: Διατομή / Όγκος Οπής Μεγάλου Τρυπανιού ανά Μέτρο (Ø800mm) | C74: =PI()*((C11/2)^2) -> 0.50265482 | D74: m³/m | E74: ="π × (" & TEXT(C11,"0.00") & "/2)² = " & TEXT(PI()*((C11/2)^2),"0.0000") & " m³/m" -> π × (0.80/2)² = 0.5027 m³/m | F74: 0.5027 m³/m για διάτρηση Ø800mm
A75: Σ.2 | B75: Υπολογιστικό Βάρος Σχάρας #Y8/150 ανά m² (Οριζ. + Κατακ.) | C75: =ROUND(2*(1000/C19)*((PI()*((C18/1000)^2)/4)*7850), 3) -> 5.261 | D75: kg/m² | E75: ="2 × (1000/" & C19 & ") × 0.395 kg/m = " & TEXT(C75,"0.000") & " kg/m²" -> 2 × (1000/150) × 0.395 kg/m = 5.261 kg/m² | F75: 5.261 kg/m² για #Y8/150 (2 κατευθύνσεις)
A76: Σ.3 | B76: Όγκος Grout Αγκύρωσης ανά Μέτρο Διάτρησης (Ø120mm × 1.20) | C76: =PI()*((C23/2)^2)*C24 -> 0.01357168 | D76: m³/m | E76: ="π × (" & TEXT(C23,"0.00") & "/2)² × " & TEXT(C24,"0.00") & " = " & TEXT(C76,"0.000000") & " m³/m" -> π × (0.12/2)² × 1.20 = 0.013572 m³/m | F76: 0.013572 m³/m (συμπεριλαμβάνει +20% απώλεια)
A77: Σ.4 | B77: Ποσοστό Απώλειας Shotcrete επί του Ονομαστικού Πάχους | C77: =C22/C21 -> 0.33333333 | D77: % | E77: ="Απώλεια " & TEXT(C22,"0.00") & "m / Ονομαστικό " & TEXT(C21,"0.00") & "m = " & TEXT(C22/C21,"0.0%") -> Απώλεια 0.05m / Ονομαστικό 0.15m = 33.3% | F77: +33.3% προσαύξηση λόγω αναπήδησης (+5cm)
A79: TYPE A | B79: ="BERLIN WALL TYPE A: " & C29 & "No Ζεύγη HEB220, L=" & TEXT(C33,"0.00") & "m για βάθος εκσκαφής " & TEXT(C31,"0.00") & "m και " & TEXT(C30,"0.00") & " τρ.μ." -> BERLIN WALL TYPE A: 27No Ζεύγη HEB220, L=18.50m για βάθος εκσκαφής 17.00m και 40.50 τρ.μ. | C79: =C30 -> 40.5 | D79: τρ.μ. | E79: ="Περίμετρος Type A = " & C29 & " × " & TEXT(C10,"0.00") & "m = " & TEXT(C30,"0.00") & " m" -> Περίμετρος Type A = 27 × 1.50m = 40.50 m | F79: Όλες οι ποσότητες A.1–A.15 μεταφέρονται 1-προς-1 στο Κουτί TYPE A του Φύλλου 2
A80: A.1 | B80: ="ΤΡΥΠΗΜΑ Ø800mm = " & C29 & "No X " & TEXT(C33,"0.00") & "m" -> ΤΡΥΠΗΜΑ Ø800mm = 27No X 18.50m | C80: =C29*C33 -> 499.5 | D80: m | E80: ="=" & C29 & " πάσσαλοι × " & TEXT(C33,"0.00") & "m = " & TEXT(C80,"#,##0.00") & " m" -> =27 πάσσαλοι × 18.50m = 499.50 m | F80: Διάτρηση Μεγάλου Τρυπανιού Ø800mm (Type A)
A81: A.2 | B81: ="ΜΠΕΤΟΝ ΠΑΚΤΩΣΗΣ C30/37 = " & C29 & "No X " & TEXT(C32,"0.00") & "m X " & TEXT(C74,"0.000") & "m³/m" -> ΜΠΕΤΟΝ ΠΑΚΤΩΣΗΣ C30/37 = 27No X 1.50m X 0.503m³/m | C81: =ROUND(C29*C32*C74, 2) -> 20.36 | D81: m³ | E81: ="=" & C29 & " × " & TEXT(C32,"0.00") & "m × " & TEXT(C74,"0.0000") & " = " & TEXT(C81,"#,##0.00") & " m³" -> =27 × 1.50m × 0.5027 = 20.36 m³ | F81: Κουγκρί πάκτωσης σε ύψος H_embed = 2.00m
A82: A.3 | B82: ="HEB220 - ΠΡΟΜΗΘΕΙΑ, ΕΠΕΞΕΡΓΑΣΙΑ & ΤΟΠΟΘΕΤΗΣΗ (" & C29 & "No x 2No x " & TEXT(C33,"0.00") & "m x " & TEXT(C13,"0.0") & "kg/m)" -> HEB220 - ΠΡΟΜΗΘΕΙΑ, ΕΠΕΞΕΡΓΑΣΙΑ & ΤΟΠΟΘΕΤΗΣΗ (27No x 2No x 18.50m x 71.5kg/m) | C82: =ROUND(C29*C12*C33*C13, 2) -> 71428.5 | D82: kg | E82: ="=" & C29 & " × 2 × " & TEXT(C33,"0.00") & "m × " & TEXT(C13,"0.0") & " = " & TEXT(C82,"#,##0.00") & " kg" -> =27 × 2 × 18.50m × 71.5 = 71,428.50 kg | F82: Ξεχωριστό κουτάκι HEB 220 (Κανόνας 3.6)
A83: A.4 | B83: ="ΛΑΜΕΣ ΣΥΝΔΕΣΗΣ 200x200x10mm = " & C29 & "No x (" & (C33/C15) & "No x " & TEXT(C16,"0.00") & "kg)" -> ΛΑΜΕΣ ΣΥΝΔΕΣΗΣ 200x200x10mm = 27No x (18.5No x 3.14kg) | C83: =ROUND(C29*(C33/C15)*C16, 2) -> 1568.43 | D83: kg | E83: ="=" & C29 & " × " & (C33/C15) & " λάμες/οπή (456 τεμ.) × " & TEXT(C16,"0.00") & " kg" -> =27 × 18.5 λάμες/οπή (456 τεμ.) × 3.14 kg | F83: Κανόνας 3.2: L_beam / s_plate = 19.0m / 1.0m = 19 λάμες/οπή
A84: A.5 | B84: ="ΓΩΝΙΕΣ ΣΤΗΡΙΞΗΣ L70x70x6mm = " & C29 & "No x " & TEXT(C31,"0.00") & "m x " & TEXT(C17,"0.00") & "kg/m x 2No" -> ΓΩΝΙΕΣ ΣΤΗΡΙΞΗΣ L70x70x6mm = 27No x 17.00m x 6.38kg/m x 2No | C84: =ROUND(C29*2*C31*C17, 2) -> 5856.84 | D84: kg | E84: ="=" & C29 & " × 2 × " & TEXT(C31,"0.00") & "m (816.0m) × " & TEXT(C17,"0.00") & " kg/m" -> =27 × 2 × 17.00m (816.0m) × 6.38 kg/m | F84: 2 γωνιές L 70x70x6 ανά πάσσαλο στο ύψος εκσκαφής
A85: A.6 | B85: ="ΑΓΟΡΑ ΧΑΛΥΒΑ ΣΧΑΡΑΣ #Y8/150 = " & TEXT(C86,"#,##0.00") & "m² x " & TEXT(C75,"0.000") & "kg/m²" -> ΑΓΟΡΑ ΧΑΛΥΒΑ ΣΧΑΡΑΣ #Y8/150 = 688.50m² x 5.261kg/m² | C85: =ROUND(C86*C75, 2) -> 3622.2 | D85: kg | E85: ="=" & TEXT(C86,"#,##0.00") & " m² × " & TEXT(C75,"0.000") & " kg/m² = " & TEXT(C85,"#,##0.00") & " kg" -> =688.50 m² × 5.261 kg/m² = 3,622.20 kg | F85: Χάλυβας σχάρας #Y8/150 μετώπου Type A
A86: A.7 | B86: ="ΤΟΠΟΘΕΤΗΣΗ ΣΧΑΡΑΣ ΜΕΤΩΠΟΥ = " & TEXT(C30,"0.00") & "m X " & TEXT(C31,"0.00") & "m" -> ΤΟΠΟΘΕΤΗΣΗ ΣΧΑΡΑΣ ΜΕΤΩΠΟΥ = 40.50m X 17.00m | C86: =ROUND(C30*C31, 2) -> 688.5 | D86: m² | E86: ="=" & TEXT(C30,"0.00") & "m × " & TEXT(C31,"0.00") & "m = " & TEXT(C86,"#,##0.00") & " m²" -> =40.50m × 17.00m = 688.50 m² | F86: Εμβαδόν μετώπου εκσκαφής Type A
A87: A.8 | B87: ="ΑΓΟΡΑ ΣΚΥΡΟΔΕΜΑΤΟΣ SHOTCRETE C30/37 = " & TEXT(C86,"#,##0.00") & "m² x " & TEXT(C21,"0.00") & "m" -> ΑΓΟΡΑ ΣΚΥΡΟΔΕΜΑΤΟΣ SHOTCRETE C30/37 = 688.50m² x 0.15m | C87: =ROUND(C86*C21, 2) -> 103.28 | D87: m³ | E87: ="=" & TEXT(C86,"#,##0.00") & " m² × " & TEXT(C21,"0.00") & "m = " & TEXT(C87,"#,##0.00") & " m³" -> =688.50 m² × 0.15m = 103.28 m³ | F87: Ονομαστικός όγκος Shotcrete (πάχος 15cm)
A88: A.9 | B88: ="ΤΟΠΟΘΕΤΗΣΗ / ΕΚΤΟΞΕΥΣΗ SHOTCRETE = " & TEXT(C86,"#,##0.00") & "m² x " & TEXT(C21,"0.00") & "m (με απώλεια +33.3%)" -> ΤΟΠΟΘΕΤΗΣΗ / ΕΚΤΟΞΕΥΣΗ SHOTCRETE = 688.50m² x 0.15m (με απώλεια +33.3%) | C88: =C87 -> 103.28 | D88: m³ | E88: ="Ονομαστικός όγκος " & TEXT(C87,"#,##0.00") & " m³ (η απώλεια +5cm ενσωματώνεται στην τιμή μονάδας)" -> Ονομαστικός όγκος 103.28 m³ (η απώλεια +5cm ενσωματώνεται στην τιμή μονάδας) | F88: Εφαρμογή εκτοξευόμενου σκυροδέματος Type A
A89: A.10 | B89: ="ΔΙΑΤΡΗΣΗ ΑΓΚΥΡΩΣΕΩΝ Ø120mm (4 Σειρές: L1=" & C34 & "m, L2=" & C36 & "m, L3=" & C38 & "m, L4=" & C40 & "m)" -> ΔΙΑΤΡΗΣΗ ΑΓΚΥΡΩΣΕΩΝ Ø120mm (4 Σειρές: L1=20m, L2=19.5m, L3=20m, L4=18.5m) | C89: =C29*(C34+C36+C38+C40) -> 2106 | D89: m | E89: ="=" & C29 & "No × (" & C34 & "+" & C36 & "+" & C38 & "+" & C40 & "m) = " & TEXT(C89,"#,##0.00") & " m" -> =27No × (20+19.5+20+18.5m) = 2,106.00 m | F89: Συνολικά μέτρα διάτρησης 96 αγκυρώσεων Type A
A90: A.11 | B90: ="GROUT ΤΣΙΜΕΝΤΕΝΕΜΑ ΑΓΚΥΡΩΣΕΩΝ (με απώλεια 1.20) = " & TEXT(C89,"#,##0.00") & "m x " & TEXT(C76,"0.0000") & "m³/m" -> GROUT ΤΣΙΜΕΝΤΕΝΕΜΑ ΑΓΚΥΡΩΣΕΩΝ (με απώλεια 1.20) = 2,106.00m x 0.0136m³/m | C90: =ROUND(C89*C76, 2) -> 28.58 | D90: m³ | E90: ="=" & TEXT(C89,"#,##0.00") & "m × " & TEXT(C76,"0.000000") & " m³/m = " & TEXT(C90,"#,##0.00") & " m³" -> =2,106.00m × 0.013572 m³/m = 28.58 m³ | F90: Grout πλήρωσης οπών αγκυρώσεων Type A
A91: A.12 | C91: =C29*(((C34+C25)*C35)+((C36+C25)*C37)) -> 2241 | D91: m | E91: ="=" & C29 & "No × ((20+1)×2 + (19.5+1)×2) = " & TEXT(C91,"#,##0.00") & " m τενόντων" -> =27No × ((20+1)×2 + (19.5+1)×2) = 2,241.00 m τενόντων | F91: 48 αγκυρώσεις 2-strands (Σειρές 1 & 2 Τοίχου Α)
A92: A.13 | C92: =C29*(((C38+C25)*C39)+((C40+C25)*C41)) -> 3280.5 | D92: m | E92: ="=" & C29 & "No × ((20+1)×3 + (18.5+1)×3) = " & TEXT(C92,"#,##0.00") & " m τενόντων" -> =27No × ((20+1)×3 + (18.5+1)×3) = 3,280.50 m τενόντων | F92: 48 αγκυρώσεις 3-strands (Σειρές 3 & 4 Τοίχου Α)
A93: A.14 | B93: ="ΠΡΟΕΝΤΑΣΗ ΑΓΚΥΡΩΣΕΩΝ (STRESSING & LOCK-OFF) = 4 Σειρές X " & C29 & "No" -> ΠΡΟΕΝΤΑΣΗ ΑΓΚΥΡΩΣΕΩΝ (STRESSING & LOCK-OFF) = 4 Σειρές X 27No | C93: =C29*4 -> 108 | D93: No | E93: ="= 4 σειρές × " & C29 & " πάσσαλοι = " & C93 & " αγκυρώσεις (48×2-strands + 48×3-strands)" -> = 4 σειρές × 27 πάσσαλοι = 108 αγκυρώσεις (48×2-strands + 48×3-strands) | F93: Τάνυση & Lock-off 96 αγκυρώσεων Type A
A94: A.15 | B94: ="ΚΕΦΑΛΕΣ ΑΓΚΥΡΩΣΗΣ (ANCHOR HEAD, WEDGES, PLATE) = 4 Σειρές X " & C29 & "No" -> ΚΕΦΑΛΕΣ ΑΓΚΥΡΩΣΗΣ (ANCHOR HEAD, WEDGES, PLATE) = 4 Σειρές X 27No | C94: =C93 -> 108 | D94: No | E94: ="=" & C94 & " πλήρη σετ κεφαλών αγκύρωσης (Σειρές 1 έως 4)" -> =108 πλήρη σετ κεφαλών αγκύρωσης (Σειρές 1 έως 4) | F94: Κεφαλές, σφήνες & πλάκες 96 αγκυρώσεων Type A
A96: TYPE B | B96: ="BERLIN WALL TYPE B: " & C44 & "No Ζεύγη HEB200, L=" & TEXT(C48,"0.00") & "m για βάθος εκσκαφής " & TEXT(C46,"0.00") & "m και " & TEXT(C45,"0.00") & " τρ.μ." -> BERLIN WALL TYPE B: 74No Ζεύγη HEB200, L=17.00m για βάθος εκσκαφής 15.60m και 111.00 τρ.μ. | C96: =C45 -> 111 | D96: τρ.μ. | E96: ="Περίμετρος Type B = " & C44 & " × " & TEXT(C10,"0.00") & "m = " & TEXT(C45,"0.00") & " m" -> Περίμετρος Type B = 74 × 1.50m = 111.00 m | F96: Όλες οι ποσότητες B.1–B.15 μεταφέρονται 1-προς-1 στο Κουτί TYPE B του Φύλλου 2
A97: B.1 | B97: ="ΤΡΥΠΗΜΑ Ø800mm = " & C44 & "No X " & TEXT(C48,"0.00") & "m" -> ΤΡΥΠΗΜΑ Ø800mm = 74No X 17.00m | C97: =C44*C48 -> 1258 | D97: m | E97: ="=" & C44 & " πάσσαλοι × " & TEXT(C48,"0.00") & "m = " & TEXT(C97,"#,##0.00") & " m" -> =74 πάσσαλοι × 17.00m = 1,258.00 m | F97: Διάτρηση Μεγάλου Τρυπανιού Ø800mm (Type B)
A98: B.2 | B98: ="ΜΠΕΤΟΝ ΠΑΚΤΩΣΗΣ C30/37 = " & C44 & "No X " & TEXT(C47,"0.00") & "m X " & TEXT(C74,"0.000") & "m³/m" -> ΜΠΕΤΟΝ ΠΑΚΤΩΣΗΣ C30/37 = 74No X 2.00m X 0.503m³/m | C98: =ROUND(C44*C47*C74, 2) -> 74.39 | D98: m³ | E98: ="=" & C44 & " × " & TEXT(C47,"0.00") & "m × " & TEXT(C74,"0.0000") & " = " & TEXT(C98,"#,##0.00") & " m³" -> =74 × 2.00m × 0.5027 = 74.39 m³ | F98: Κουγκρί πάκτωσης σε ύψος H_embed = 2.00m
A99: B.3 | B99: ="HEB200 - ΠΡΟΜΗΘΕΙΑ, ΕΠΕΞΕΡΓΑΣΙΑ & ΤΟΠΟΘΕΤΗΣΗ (" & C44 & "No x 2No x " & TEXT(C48,"0.00") & "m x " & TEXT(C14,"0.0") & "kg/m)" -> HEB200 - ΠΡΟΜΗΘΕΙΑ, ΕΠΕΞΕΡΓΑΣΙΑ & ΤΟΠΟΘΕΤΗΣΗ (74No x 2No x 17.00m x 61.3kg/m) | C99: =ROUND(C44*C12*C48*C14, 2) -> 154230.8 | D99: kg | E99: ="=" & C44 & " × 2 × " & TEXT(C48,"0.00") & "m × " & TEXT(C14,"0.0") & " = " & TEXT(C99,"#,##0.00") & " kg" -> =74 × 2 × 17.00m × 61.3 = 154,230.80 kg | F99: Ξεχωριστό κουτάκι HEB 200 για Type B (Κανόνας 3.6)
A100: B.4 | B100: ="ΛΑΜΕΣ ΣΥΝΔΕΣΗΣ 200x200x10mm = " & C44 & "No x (" & (C48/C15) & "No x " & TEXT(C16,"0.00") & "kg)" -> ΛΑΜΕΣ ΣΥΝΔΕΣΗΣ 200x200x10mm = 74No x (17No x 3.14kg) | C100: =ROUND(C44*(C48/C15)*C16, 2) -> 3950.12 | D100: kg | E100: ="=" & C44 & " × " & (C48/C15) & " λάμες/οπή (1,071 τεμ.) × " & TEXT(C16,"0.00") & " kg" -> =74 × 17 λάμες/οπή (1,071 τεμ.) × 3.14 kg | F100: Κανόνας 3.2: L_beam / s_plate = 17.0m / 1.0m = 17 λάμες/οπή
A101: B.5 | B101: ="ΓΩΝΙΕΣ ΣΤΗΡΙΞΗΣ L70x70x6mm = " & C44 & "No x " & TEXT(C46,"0.00") & "m x " & TEXT(C17,"0.00") & "kg/m x 2No" -> ΓΩΝΙΕΣ ΣΤΗΡΙΞΗΣ L70x70x6mm = 74No x 15.60m x 6.38kg/m x 2No | C101: =ROUND(C44*2*C46*C17, 2) -> 14730.14 | D101: kg | E101: ="=" & C44 & " × 2 × " & TEXT(C46,"0.00") & "m (1,965.6m) × " & TEXT(C17,"0.00") & " kg/m" -> =74 × 2 × 15.60m (1,965.6m) × 6.38 kg/m | F101: 2 γωνιές L 70x70x6 ανά πάσσαλο στο ύψος εκσκαφής
A102: B.6 | B102: ="ΑΓΟΡΑ ΧΑΛΥΒΑ ΣΧΑΡΑΣ #Y8/150 = " & TEXT(C103,"#,##0.00") & "m² x " & TEXT(C75,"0.000") & "kg/m²" -> ΑΓΟΡΑ ΧΑΛΥΒΑ ΣΧΑΡΑΣ #Y8/150 = 1,731.60m² x 5.261kg/m² | C102: =ROUND(C103*C75, 2) -> 9109.95 | D102: kg | E102: ="=" & TEXT(C103,"#,##0.00") & " m² × " & TEXT(C75,"0.000") & " kg/m² = " & TEXT(C102,"#,##0.00") & " kg" -> =1,731.60 m² × 5.261 kg/m² = 9,109.95 kg | F102: Χάλυβας σχάρας #Y8/150 μετώπου Type B
A103: B.7 | B103: ="ΤΟΠΟΘΕΤΗΣΗ ΣΧΑΡΑΣ ΜΕΤΩΠΟΥ = " & TEXT(C45,"0.00") & "m X " & TEXT(C46,"0.00") & "m" -> ΤΟΠΟΘΕΤΗΣΗ ΣΧΑΡΑΣ ΜΕΤΩΠΟΥ = 111.00m X 15.60m | C103: =ROUND(C45*C46, 2) -> 1731.6 | D103: m² | E103: ="=" & TEXT(C45,"0.00") & "m × " & TEXT(C46,"0.00") & "m = " & TEXT(C103,"#,##0.00") & " m²" -> =111.00m × 15.60m = 1,731.60 m² | F103: Εμβαδόν μετώπου εκσκαφής Type B
A104: B.8 | B104: ="ΑΓΟΡΑ ΣΚΥΡΟΔΕΜΑΤΟΣ SHOTCRETE C30/37 = " & TEXT(C103,"#,##0.00") & "m² x " & TEXT(C21,"0.00") & "m" -> ΑΓΟΡΑ ΣΚΥΡΟΔΕΜΑΤΟΣ SHOTCRETE C30/37 = 1,731.60m² x 0.15m | C104: =ROUND(C103*C21, 2) -> 259.74 | D104: m³ | E104: ="=" & TEXT(C103,"#,##0.00") & " m² × " & TEXT(C21,"0.00") & "m = " & TEXT(C104,"#,##0.00") & " m³" -> =1,731.60 m² × 0.15m = 259.74 m³ | F104: Ονομαστικός όγκος Shotcrete (πάχος 15cm)
A105: B.9 | B105: ="ΤΟΠΟΘΕΤΗΣΗ / ΕΚΤΟΞΕΥΣΗ SHOTCRETE = " & TEXT(C103,"#,##0.00") & "m² x " & TEXT(C21,"0.00") & "m (με απώλεια +33.3%)" -> ΤΟΠΟΘΕΤΗΣΗ / ΕΚΤΟΞΕΥΣΗ SHOTCRETE = 1,731.60m² x 0.15m (με απώλεια +33.3%) | C105: =C104 -> 259.74 | D105: m³ | E105: ="Ονομαστικός όγκος " & TEXT(C104,"#,##0.00") & " m³ (η απώλεια +5cm ενσωματώνεται στην τιμή μονάδας)" -> Ονομαστικός όγκος 259.74 m³ (η απώλεια +5cm ενσωματώνεται στην τιμή μονάδας) | F105: Εφαρμογή εκτοξευόμενου σκυροδέματος Type B
A106: B.10 | B106: ="ΔΙΑΤΡΗΣΗ ΑΓΚΥΡΩΣΕΩΝ Ø120mm (4 Σειρές: L1=" & C49 & "m, L2=" & C51 & "m, L3=" & C53 & "m, L4=" & C55 & "m)" -> ΔΙΑΤΡΗΣΗ ΑΓΚΥΡΩΣΕΩΝ Ø120mm (4 Σειρές: L1=20m, L2=19.5m, L3=19.5m, L4=16m) | C106: =C44*(C49+C51+C53+C55) -> 5550 | D106: m | E106: ="=" & C44 & "No × (" & C49 & "+" & C51 & "+" & C53 & "+" & C55 & "m) = " & TEXT(C106,"#,##0.00") & " m" -> =74No × (20+19.5+19.5+16m) = 5,550.00 m | F106: Συνολικά μέτρα διάτρησης 252 αγκυρώσεων Type B
A107: B.11 | B107: ="GROUT ΤΣΙΜΕΝΤΕΝΕΜΑ ΑΓΚΥΡΩΣΕΩΝ (με απώλεια 1.20) = " & TEXT(C106,"#,##0.00") & "m x " & TEXT(C76,"0.0000") & "m³/m" -> GROUT ΤΣΙΜΕΝΤΕΝΕΜΑ ΑΓΚΥΡΩΣΕΩΝ (με απώλεια 1.20) = 5,550.00m x 0.0136m³/m | C107: =ROUND(C106*C76, 2) -> 75.32 | D107: m³ | E107: ="=" & TEXT(C106,"#,##0.00") & "m × " & TEXT(C76,"0.000000") & " m³/m = " & TEXT(C107,"#,##0.00") & " m³" -> =5,550.00m × 0.013572 m³/m = 75.32 m³ | F107: Grout πλήρωσης οπών αγκυρώσεων Type B
...

Sheet 2_Υπολογισμοί_&_Κοστολόγηση
A1: ΕΡΓΟ: BOLTON TOWER (BERLIN WALL & ΑΓΚΥΡΩΣΕΙΣ) — ΟΙΚΟΝΟΜΙΚΗ ΠΡΟΣΦΟΡΑ ΑΝΑ ΤΥΠΟ ΤΟΙΧΟΥ (TYPE A, TYPE B, TYPE C)
A2: ΔΟΜΗ ΠΙΝΑΚΩΝ ΑΝΑ ΤΥΠΟ BERLIN WALL (BOX LAYOUT) | [ΚΙΤΡΙΝΟ #FFF2CC] = Τιμές Μονάδας Εταιρείας | [ΠΟΡΤΟΚΑΛΙ #FFE699] = Κουγκρί Πάκτωσης 120€
A4: α/α | B4: ΠΕΡΙΓΡΑΦΗ ΕΡΓΑΣΙΩΝ | C4: ΠΟΣΟΤΗΤΑ | D4: ΜΟΝ. | E4: ΤΙΜΗ (€) | F4: ΣΥΝΟΛΟ (€) | G4: ΤΕΛΙΚΟ ΠΟΣΟ (€) | H4: ΠΗΓΗ ΠΟΣΟΤΗΤΑΣ / ΤΕΧΝΙΚΟΣ ΚΑΝΟΝΑΣ & ΣΗΜΕΙΩΣΕΙΣ
A5: TYPE A | B5: ="BERLIN WALL TYPE A: " & '1_Στοιχεία_Μελέτης_&_Ποσότητες'!C29 & "No Ζεύγη HEB220, L=" & TEXT('1_Στοιχεία_Μελέτης_&_Ποσότητες'!C33,"0.00") & "m για βάθος εκσκαφής " & TEXT('1_Στοιχεία_Μελέτης_&_Ποσότητες'!C31,"0.00") & "m και " & TEXT('1_Στοιχεία_Μελέτης_&_Ποσότητες'!C30,"0.00") & " τρ.μ." -> BERLIN WALL TYPE A: 27No Ζεύγη HEB220, L=18.50m για βάθος εκσκαφής 17.00m και 40.50 τρ.μ. | C5: ='1_Στοιχεία_Μελέτης_&_Ποσότητες'!C30 -> 40.5 | D5: τρ.μ. | E5: =ROUND(F5/C5, 2) -> 7324.78 | F5: =SUM(F6:F20) -> 296653.73 | G5: ΤΕΛ. ΣΥΝΟΛΑ | H5: Σύνολο Τοίχου Α (Πυλώνες 2, 3 & 4 — HEB 220, 24 πάσσαλοι, 96 αγκυρώσεις)
A6: A.1 | B6: ='1_Στοιχεία_Μελέτης_&_Ποσότητες'!B80 -> ΤΡΥΠΗΜΑ Ø800mm = 27No X 18.50m | C6: ='1_Στοιχεία_Μελέτης_&_Ποσότητες'!C80 -> 499.5 | D6: ='1_Στοιχεία_Μελέτης_&_Ποσότητες'!D80 -> m | E6: 75 | F6: =ROUND(C6*E6, 2) -> 37462.5 | G6: =F5 -> 296653.73 | H6: ="Φύλλο 1 (A.1): " & '1_Στοιχεία_Μελέτης_&_Ποσότητες'!C29 & " πάσσαλοι × " & TEXT('1_Στοιχεία_Μελέτης_&_Ποσότητες'!C33,"0.00") & "m @ 75.00 €/m (Ø800mm Default Εταιρείας)" -> Φύλλο 1 (A.1): 27 πάσσαλοι × 18.50m @ 75.00 €/m (Ø800mm Default Εταιρείας)
A7: A.2 | B7: ='1_Στοιχεία_Μελέτης_&_Ποσότητες'!B81 -> ΜΠΕΤΟΝ ΠΑΚΤΩΣΗΣ C30/37 = 27No X 1.50m X 0.503m³/m | C7: ='1_Στοιχεία_Μελέτης_&_Ποσότητες'!C81 -> 20.36 | D7: ='1_Στοιχεία_Μελέτης_&_Ποσότητες'!D81 -> m³ | E7: 120 | F7: =ROUND(C7*E7, 2) -> 2443.2 | H7: ="Φύλλο 1 (A.2): Πάκτωση H=2.00m σε Ø800mm @ 120.00 €/m³ [Πορτοκαλί #FFE699]" -> Φύλλο 1 (A.2): Πάκτωση H=2.00m σε Ø800mm @ 120.00 €/m³ [Πορτοκαλί #FFE699]
A8: A.3 | B8: ='1_Στοιχεία_Μελέτης_&_Ποσότητες'!B82 -> HEB220 - ΠΡΟΜΗΘΕΙΑ, ΕΠΕΞΕΡΓΑΣΙΑ & ΤΟΠΟΘΕΤΗΣΗ (27No x 2No x 18.50m x 71.5kg/m) | C8: ='1_Στοιχεία_Μελέτης_&_Ποσότητες'!C82 -> 71428.5 | D8: ='1_Στοιχεία_Μελέτης_&_Ποσότητες'!D82 -> kg | E8: 1.4 | F8: =ROUND(C8*E8, 2) -> 99999.9 | H8: ="Φύλλο 1 (A.3): 2 No. HEB 220 (143.0 kg/m) @ 1.40 €/kg (1.00€ αγορά + 0.40€ επεξεργασία)" -> Φύλλο 1 (A.3): 2 No. HEB 220 (143.0 kg/m) @ 1.40 €/kg (1.00€ αγορά + 0.40€ επεξεργασία)
A9: A.4 | B9: ='1_Στοιχεία_Μελέτης_&_Ποσότητες'!B83 -> ΛΑΜΕΣ ΣΥΝΔΕΣΗΣ 200x200x10mm = 27No x (18.5No x 3.14kg) | C9: ='1_Στοιχεία_Μελέτης_&_Ποσότητες'!C83 -> 1568.43 | D9: ='1_Στοιχεία_Μελέτης_&_Ποσότητες'!D83 -> kg | E9: 1.6 | F9: =ROUND(C9*E9, 2) -> 2509.49 | H9: ="Φύλλο 1 (A.4): Κανόνας L_beam/s_plate = 19 λάμες/οπή (456 τεμ.) @ 1.60 €/kg" -> Φύλλο 1 (A.4): Κανόνας L_beam/s_plate = 19 λάμες/οπή (456 τεμ.) @ 1.60 €/kg
A10: A.5 | B10: ='1_Στοιχεία_Μελέτης_&_Ποσότητες'!B84 -> ΓΩΝΙΕΣ ΣΤΗΡΙΞΗΣ L70x70x6mm = 27No x 17.00m x 6.38kg/m x 2No | C10: ='1_Στοιχεία_Μελέτης_&_Ποσότητες'!C84 -> 5856.84 | D10: ='1_Στοιχεία_Μελέτης_&_Ποσότητες'!D84 -> kg | E10: 1.6 | F10: =ROUND(C10*E10, 2) -> 9370.94 | H10: ="Φύλλο 1 (A.5): 2 γωνιές L70x70x6 × 17.00m (816.0m) @ 1.60 €/kg" -> Φύλλο 1 (A.5): 2 γωνιές L70x70x6 × 17.00m (816.0m) @ 1.60 €/kg
A11: A.6 | B11: ='1_Στοιχεία_Μελέτης_&_Ποσότητες'!B85 -> ΑΓΟΡΑ ΧΑΛΥΒΑ ΣΧΑΡΑΣ #Y8/150 = 688.50m² x 5.261kg/m² | C11: ='1_Στοιχεία_Μελέτης_&_Ποσότητες'!C85 -> 3622.2 | D11: ='1_Στοιχεία_Μελέτης_&_Ποσότητες'!D85 -> kg | E11: 2.5 | F11: =ROUND(C11*E11, 2) -> 9055.5 | H11: ="Φύλλο 1 (A.6): Σχάρα #Y8/150 (" & TEXT('1_Στοιχεία_Μελέτης_&_Ποσότητες'!C75,"0.000") & " kg/m²) @ 2.50 €/kg αγορά" -> Φύλλο 1 (A.6): Σχάρα #Y8/150 (5.261 kg/m²) @ 2.50 €/kg αγορά
A12: A.7 | B12: ='1_Στοιχεία_Μελέτης_&_Ποσότητες'!B86 -> ΤΟΠΟΘΕΤΗΣΗ ΣΧΑΡΑΣ ΜΕΤΩΠΟΥ = 40.50m X 17.00m | C12: ='1_Στοιχεία_Μελέτης_&_Ποσότητες'!C86 -> 688.5 | D12: ='1_Στοιχεία_Μελέτης_&_Ποσότητες'!D86 -> m² | E12: 15 | F12: =ROUND(C12*E12, 2) -> 10327.5 | H12: ="Φύλλο 1 (A.7): Εργατικά τοποθέτησης σχάρας μετώπου (36.0m × 17.0m) @ 15.00 €/m²" -> Φύλλο 1 (A.7): Εργατικά τοποθέτησης σχάρας μετώπου (36.0m × 17.0m) @ 15.00 €/m²
A13: A.8 | B13: ='1_Στοιχεία_Μελέτης_&_Ποσότητες'!B87 -> ΑΓΟΡΑ ΣΚΥΡΟΔΕΜΑΤΟΣ SHOTCRETE C30/37 = 688.50m² x 0.15m | C13: ='1_Στοιχεία_Μελέτης_&_Ποσότητες'!C87 -> 103.28 | D13: ='1_Στοιχεία_Μελέτης_&_Ποσότητες'!D87 -> m³ | E13: 90 | F13: =ROUND(C13*E13, 2) -> 9295.2 | H13: ="Φύλλο 1 (A.8): Αγορά C30/37 ονομαστικού πάχους 15cm @ 90.00 €/m³" -> Φύλλο 1 (A.8): Αγορά C30/37 ονομαστικού πάχους 15cm @ 90.00 €/m³
A14: A.9 | B14: ='1_Στοιχεία_Μελέτης_&_Ποσότητες'!B88 -> ΤΟΠΟΘΕΤΗΣΗ / ΕΚΤΟΞΕΥΣΗ SHOTCRETE = 688.50m² x 0.15m (με απώλεια +33.3%) | C14: ='1_Στοιχεία_Μελέτης_&_Ποσότητες'!C88 -> 103.28 | D14: ='1_Στοιχεία_Μελέτης_&_Ποσότητες'!D88 -> m³ | E14: =ROUND((200*(1+'1_Στοιχεία_Μελέτης_&_Ποσότητες'!C77))-90, 2) -> 176.67 | F14: =ROUND(C14*E14, 2) -> 18246.48 | H14: ="Φύλλο 1 (A.9): Εκτόξευση/Αντλία = Βάση 200€ × (1+" & TEXT('1_Στοιχεία_Μελέτης_&_Ποσότητες'!C77,"0.0%") & " απώλεια) - 90€ = 176.67 €/m³" -> Φύλλο 1 (A.9): Εκτόξευση/Αντλία = Βάση 200€ × (1+33.3% απώλεια) - 90€ = 176.67 €/m³
A15: A.10 | B15: ='1_Στοιχεία_Μελέτης_&_Ποσότητες'!B89 -> ΔΙΑΤΡΗΣΗ ΑΓΚΥΡΩΣΕΩΝ Ø120mm (4 Σειρές: L1=20m, L2=19.5m, L3=20m, L4=18.5m) | C15: ='1_Στοιχεία_Μελέτης_&_Ποσότητες'!C89 -> 2106 | D15: ='1_Στοιχεία_Μελέτης_&_Ποσότητες'!D89 -> m | E15: 30 | F15: =ROUND(C15*E15, 2) -> 63180 | H15: ="Φύλλο 1 (A.10): Διάτρηση 96 αγκυρώσεων Ø120mm (Σειρές 1-4: 20m, 19.5m, 20m, 18.5m) @ 30.00 €/m" -> Φύλλο 1 (A.10): Διάτρηση 96 αγκυρώσεων Ø120mm (Σειρές 1-4: 20m, 19.5m, 20m, 18.5m) @ 30.00 €/m
A16: A.11 | B16: ='1_Στοιχεία_Μελέτης_&_Ποσότητες'!B90 -> GROUT ΤΣΙΜΕΝΤΕΝΕΜΑ ΑΓΚΥΡΩΣΕΩΝ (με απώλεια 1.20) = 2,106.00m x 0.0136m³/m | C16: ='1_Στοιχεία_Μελέτης_&_Ποσότητες'!C90 -> 28.58 | D16: ='1_Στοιχεία_Μελέτης_&_Ποσότητες'!D90 -> m³ | E16: 500 | F16: =ROUND(C16*E16, 2) -> 14290 | H16: ="Φύλλο 1 (A.11): Grout Ø120mm με απώλεια 1.20 (0.013572 m³/m) @ 500.00 €/m³" -> Φύλλο 1 (A.11): Grout Ø120mm με απώλεια 1.20 (0.013572 m³/m) @ 500.00 €/m³
A17: A.12 | B17: ='1_Στοιχεία_Μελέτης_&_Ποσότητες'!B91 -> 0 | C17: ='1_Στοιχεία_Μελέτης_&_Ποσότητες'!C91 -> 2241 | D17: ='1_Στοιχεία_Μελέτης_&_Ποσότητες'!D91 -> m | E17: 2.28 | F17: =ROUND(C17*E17, 2) -> 5109.48 | H17: ="Φύλλο 1 (A.12): 48 αγκυρώσεις 2-strands (Σειρά 1 L=20m & Σειρά 2 L=19.5m, +1.0m) @ 2.28 €/m" -> Φύλλο 1 (A.12): 48 αγκυρώσεις 2-strands (Σειρά 1 L=20m & Σειρά 2 L=19.5m, +1.0m) @ 2.28 €/m
A18: A.13 | B18: ='1_Στοιχεία_Μελέτης_&_Ποσότητες'!B92 -> 0 | C18: ='1_Στοιχεία_Μελέτης_&_Ποσότητες'!C92 -> 3280.5 | D18: ='1_Στοιχεία_Μελέτης_&_Ποσότητες'!D92 -> m | E18: 2.28 | F18: =ROUND(C18*E18, 2) -> 7479.54 | H18: ="Φύλλο 1 (A.13): 48 αγκυρώσεις 3-strands (Σειρά 3 L=20m & Σειρά 4 L=18.5m, +1.0m) @ 2.28 €/m" -> Φύλλο 1 (A.13): 48 αγκυρώσεις 3-strands (Σειρά 3 L=20m & Σειρά 4 L=18.5m, +1.0m) @ 2.28 €/m
A19: A.14 | B19: ='1_Στοιχεία_Μελέτης_&_Ποσότητες'!B93 -> ΠΡΟΕΝΤΑΣΗ ΑΓΚΥΡΩΣΕΩΝ (STRESSING & LOCK-OFF) = 4 Σειρές X 27No | C19: ='1_Στοιχεία_Μελέτης_&_Ποσότητες'!C93 -> 108 | D19: ='1_Στοιχεία_Μελέτης_&_Ποσότητες'!D93 -> No | E19: 18 | F19: =ROUND(C19*E19, 2) -> 1944 | H19: ="Φύλλο 1 (A.14): Προένταση (Stressing & Lock-off) 96 αγκυρώσεων Type A @ 18.00 €/No" -> Φύλλο 1 (A.14): Προένταση (Stressing & Lock-off) 96 αγκυρώσεων Type A @ 18.00 €/No
A20: A.15 | B20: ='1_Στοιχεία_Μελέτης_&_Ποσότητες'!B94 -> ΚΕΦΑΛΕΣ ΑΓΚΥΡΩΣΗΣ (ANCHOR HEAD, WEDGES, PLATE) = 4 Σειρές X 27No | C20: ='1_Στοιχεία_Μελέτης_&_Ποσότητες'!C94 -> 108 | D20: ='1_Στοιχεία_Μελέτης_&_Ποσότητες'!D94 -> No | E20: 55 | F20: =ROUND(C20*E20, 2) -> 5940 | H20: ="Φύλλο 1 (A.15): Πλήρες σετ κεφαλής (Head, Wedges, Plate) 96 αγκυρώσεων Type A @ 55.00 €/No" -> Φύλλο 1 (A.15): Πλήρες σετ κεφαλής (Head, Wedges, Plate) 96 αγκυρώσεων Type A @ 55.00 €/No
A22: TYPE B | B22: ="BERLIN WALL TYPE B: " & '1_Στοιχεία_Μελέτης_&_Ποσότητες'!C44 & "No Ζεύγη HEB200, L=" & TEXT('1_Στοιχεία_Μελέτης_&_Ποσότητες'!C48,"0.00") & "m για βάθος εκσκαφής " & TEXT('1_Στοιχεία_Μελέτης_&_Ποσότητες'!C46,"0.00") & "m και " & TEXT('1_Στοιχεία_Μελέτης_&_Ποσότητες'!C45,"0.00") & " τρ.μ." -> BERLIN WALL TYPE B: 74No Ζεύγη HEB200, L=17.00m για βάθος εκσκαφής 15.60m και 111.00 τρ.μ. | C22: ='1_Στοιχεία_Μελέτης_&_Ποσότητες'!C45 -> 111 | D22: τρ.μ. | E22: =ROUND(F22/C22, 2) -> 6539.23 | F22: =SUM(F23:F37) -> 725854.84 | G22: ΤΕΛ. ΣΥΝΟΛΑ | H22: Σύνολο Τοίχου Β (Πυλώνες 2, 3 & 4 — HEB 200, 63 πάσσαλοι, 252 αγκυρώσεις)
A23: B.1 | B23: ='1_Στοιχεία_Μελέτης_&_Ποσότητες'!B97 -> ΤΡΥΠΗΜΑ Ø800mm = 74No X 17.00m | C23: ='1_Στοιχεία_Μελέτης_&_Ποσότητες'!C97 -> 1258 | D23: ='1_Στοιχεία_Μελέτης_&_Ποσότητες'!D97 -> m | E23: 75 | F23: =ROUND(C23*E23, 2) -> 94350 | G23: =F22 -> 725854.84 | H23: ="Φύλλο 1 (B.1): " & '1_Στοιχεία_Μελέτης_&_Ποσότητες'!C44 & " πάσσαλοι × " & TEXT('1_Στοιχεία_Μελέτης_&_Ποσότητες'!C48,"0.00") & "m @ 75.00 €/m (Ø800mm Default Εταιρείας)" -> Φύλλο 1 (B.1): 74 πάσσαλοι × 17.00m @ 75.00 €/m (Ø800mm Default Εταιρείας)
A24: B.2 | B24: ='1_Στοιχεία_Μελέτης_&_Ποσότητες'!B98 -> ΜΠΕΤΟΝ ΠΑΚΤΩΣΗΣ C30/37 = 74No X 2.00m X 0.503m³/m | C24: ='1_Στοιχεία_Μελέτης_&_Ποσότητες'!C98 -> 74.39 | D24: ='1_Στοιχεία_Μελέτης_&_Ποσότητες'!D98 -> m³ | E24: 120 | F24: =ROUND(C24*E24, 2) -> 8926.8 | H24: ="Φύλλο 1 (B.2): Πάκτωση H=2.00m σε Ø800mm @ 120.00 €/m³ [Πορτοκαλί #FFE699]" -> Φύλλο 1 (B.2): Πάκτωση H=2.00m σε Ø800mm @ 120.00 €/m³ [Πορτοκαλί #FFE699]
A25: B.3 | B25: ='1_Στοιχεία_Μελέτης_&_Ποσότητες'!B99 -> HEB200 - ΠΡΟΜΗΘΕΙΑ, ΕΠΕΞΕΡΓΑΣΙΑ & ΤΟΠΟΘΕΤΗΣΗ (74No x 2No x 17.00m x 61.3kg/m) | C25: ='1_Στοιχεία_Μελέτης_&_Ποσότητες'!C99 -> 154230.8 | D25: ='1_Στοιχεία_Μελέτης_&_Ποσότητες'!D99 -> kg | E25: 1.4 | F25: =ROUND(C25*E25, 2) -> 215923.12 | H25: ="Φύλλο 1 (B.3): 2 No. HEB 200 (122.6 kg/m) @ 1.40 €/kg (1.00€ αγορά + 0.40€ επεξεργασία)" -> Φύλλο 1 (B.3): 2 No. HEB 200 (122.6 kg/m) @ 1.40 €/kg (1.00€ αγορά + 0.40€ επεξεργασία)
A26: B.4 | B26: ='1_Στοιχεία_Μελέτης_&_Ποσότητες'!B100 -> ΛΑΜΕΣ ΣΥΝΔΕΣΗΣ 200x200x10mm = 74No x (17No x 3.14kg) | C26: ='1_Στοιχεία_Μελέτης_&_Ποσότητες'!C100 -> 3950.12 | D26: ='1_Στοιχεία_Μελέτης_&_Ποσότητες'!D100 -> kg | E26: 1.6 | F26: =ROUND(C26*E26, 2) -> 6320.19 | H26: ="Φύλλο 1 (B.4): Κανόνας L_beam/s_plate = 17 λάμες/οπή (1,071 τεμ.) @ 1.60 €/kg" -> Φύλλο 1 (B.4): Κανόνας L_beam/s_plate = 17 λάμες/οπή (1,071 τεμ.) @ 1.60 €/kg
A27: B.5 | B27: ='1_Στοιχεία_Μελέτης_&_Ποσότητες'!B101 -> ΓΩΝΙΕΣ ΣΤΗΡΙΞΗΣ L70x70x6mm = 74No x 15.60m x 6.38kg/m x 2No | C27: ='1_Στοιχεία_Μελέτης_&_Ποσότητες'!C101 -> 14730.14 | D27: ='1_Στοιχεία_Μελέτης_&_Ποσότητες'!D101 -> kg | E27: 1.6 | F27: =ROUND(C27*E27, 2) -> 23568.22 | H27: ="Φύλλο 1 (B.5): 2 γωνιές L70x70x6 × 15.60m (1,965.6m) @ 1.60 €/kg" -> Φύλλο 1 (B.5): 2 γωνιές L70x70x6 × 15.60m (1,965.6m) @ 1.60 €/kg
A28: B.6 | B28: ='1_Στοιχεία_Μελέτης_&_Ποσότητες'!B102 -> ΑΓΟΡΑ ΧΑΛΥΒΑ ΣΧΑΡΑΣ #Y8/150 = 1,731.60m² x 5.261kg/m² | C28: ='1_Στοιχεία_Μελέτης_&_Ποσότητες'!C102 -> 9109.95 | D28: ='1_Στοιχεία_Μελέτης_&_Ποσότητες'!D102 -> kg | E28: 2.5 | F28: =ROUND(C28*E28, 2) -> 22774.88 | H28: ="Φύλλο 1 (B.6): Σχάρα #Y8/150 (" & TEXT('1_Στοιχεία_Μελέτης_&_Ποσότητες'!C75,"0.000") & " kg/m²) @ 2.50 €/kg αγορά" -> Φύλλο 1 (B.6): Σχάρα #Y8/150 (5.261 kg/m²) @ 2.50 €/kg αγορά
A29: B.7 | B29: ='1_Στοιχεία_Μελέτης_&_Ποσότητες'!B103 -> ΤΟΠΟΘΕΤΗΣΗ ΣΧΑΡΑΣ ΜΕΤΩΠΟΥ = 111.00m X 15.60m | C29: ='1_Στοιχεία_Μελέτης_&_Ποσότητες'!C103 -> 1731.6 | D29: ='1_Στοιχεία_Μελέτης_&_Ποσότητες'!D103 -> m² | E29: 15 | F29: =ROUND(C29*E29, 2) -> 25974 | H29: ="Φύλλο 1 (B.7): Εργατικά τοποθέτησης σχάρας μετώπου (94.5m × 15.6m) @ 15.00 €/m²" -> Φύλλο 1 (B.7): Εργατικά τοποθέτησης σχάρας μετώπου (94.5m × 15.6m) @ 15.00 €/m²
A30: B.8 | B30: ='1_Στοιχεία_Μελέτης_&_Ποσότητες'!B104 -> ΑΓΟΡΑ ΣΚΥΡΟΔΕΜΑΤΟΣ SHOTCRETE C30/37 = 1,731.60m² x 0.15m | C30: ='1_Στοιχεία_Μελέτης_&_Ποσότητες'!C104 -> 259.74 | D30: ='1_Στοιχεία_Μελέτης_&_Ποσότητες'!D104 -> m³ | E30: 90 | F30: =ROUND(C30*E30, 2) -> 23376.6 | H30: ="Φύλλο 1 (B.8): Αγορά C30/37 ονομαστικού πάχους 15cm @ 90.00 €/m³" -> Φύλλο 1 (B.8): Αγορά C30/37 ονομαστικού πάχους 15cm @ 90.00 €/m³
A31: B.9 | B31: ='1_Στοιχεία_Μελέτης_&_Ποσότητες'!B105 -> ΤΟΠΟΘΕΤΗΣΗ / ΕΚΤΟΞΕΥΣΗ SHOTCRETE = 1,731.60m² x 0.15m (με απώλεια +33.3%) | C31: ='1_Στοιχεία_Μελέτης_&_Ποσότητες'!C105 -> 259.74 | D31: ='1_Στοιχεία_Μελέτης_&_Ποσότητες'!D105 -> m³ | E31: =ROUND((200*(1+'1_Στοιχεία_Μελέτης_&_Ποσότητες'!C77))-90, 2) -> 176.67 | F31: =ROUND(C31*E31, 2) -> 45888.27 | H31: ="Φύλλο 1 (B.9): Εκτόξευση/Αντλία = Βάση 200€ × (1+" & TEXT('1_Στοιχεία_Μελέτης_&_Ποσότητες'!C77,"0.0%") & " απώλεια) - 90€ = 176.67 €/m³" -> Φύλλο 1 (B.9): Εκτόξευση/Αντλία = Βάση 200€ × (1+33.3% απώλεια) - 90€ = 176.67 €/m³
A32: B.10 | B32: ='1_Στοιχεία_Μελέτης_&_Ποσότητες'!B106 -> ΔΙΑΤΡΗΣΗ ΑΓΚΥΡΩΣΕΩΝ Ø120mm (4 Σειρές: L1=20m, L2=19.5m, L3=19.5m, L4=16m) | C32: ='1_Στοιχεία_Μελέτης_&_Ποσότητες'!C106 -> 5550 | D32: ='1_Στοιχεία_Μελέτης_&_Ποσότητες'!D106 -> m | E32: 30 | F32: =ROUND(C32*E32, 2) -> 166500 | H32: ="Φύλλο 1 (B.10): Διάτρηση 252 αγκυρώσεων Ø120mm (Σειρές 1-4: 20m, 19.5m, 19.5m, 16m) @ 30.00 €/m" -> Φύλλο 1 (B.10): Διάτρηση 252 αγκυρώσεων Ø120mm (Σειρές 1-4: 20m, 19.5m, 19.5m, 16m) @ 30.00 €/m
A33: B.11 | B33: ='1_Στοιχεία_Μελέτης_&_Ποσότητες'!B107 -> GROUT ΤΣΙΜΕΝΤΕΝΕΜΑ ΑΓΚΥΡΩΣΕΩΝ (με απώλεια 1.20) = 5,550.00m x 0.0136m³/m | C33: ='1_Στοιχεία_Μελέτης_&_Ποσότητες'!C107 -> 75.32 | D33: ='1_Στοιχεία_Μελέτης_&_Ποσότητες'!D107 -> m³ | E33: 500 | F33: =ROUND(C33*E33, 2) -> 37660 | H33: ="Φύλλο 1 (B.11): Grout Ø120mm με απώλεια 1.20 (0.013572 m³/m) @ 500.00 €/m³" -> Φύλλο 1 (B.11): Grout Ø120mm με απώλεια 1.20 (0.013572 m³/m) @ 500.00 €/m³
A34: B.12 | B34: ='1_Στοιχεία_Μελέτης_&_Ποσότητες'!B108 -> 0 | C34: ='1_Στοιχεία_Μελέτης_&_Ποσότητες'!C108 -> 6142 | D34: ='1_Στοιχεία_Μελέτης_&_Ποσότητες'!D108 -> m | E34: 2.28 | F34: =ROUND(C34*E34, 2) -> 14003.76 | H34: ="Φύλλο 1 (B.12): 126 αγκυρώσεις 2-strands (Σειρά 1 L=20m & Σειρά 2 L=19.5m, +1.0m) @ 2.28 €/m" -> Φύλλο 1 (B.12): 126 αγκυρώσεις 2-strands (Σειρά 1 L=20m & Σειρά 2 L=19.5m, +1.0m) @ 2.28 €/m
A35: B.13 | B35: ='1_Στοιχεία_Μελέτης_&_Ποσότητες'!B109 -> 0 | C35: ='1_Στοιχεία_Μελέτης_&_Ποσότητες'!C109 -> 8325 | D35: ='1_Στοιχεία_Μελέτης_&_Ποσότητες'!D109 -> m | E35: 2.28 | F35: =ROUND(C35*E35, 2) -> 18981 | H35: ="Φύλλο 1 (B.13): 126 αγκυρώσεις 3-strands (Σειρά 3 L=19.5m & Σειρά 4 L=16.0m, +1.0m) @ 2.28 €/m" -> Φύλλο 1 (B.13): 126 αγκυρώσεις 3-strands (Σειρά 3 L=19.5m & Σειρά 4 L=16.0m, +1.0m) @ 2.28 €/m
A36: B.14 | B36: ='1_Στοιχεία_Μελέτης_&_Ποσότητες'!B110 -> ΠΡΟΕΝΤΑΣΗ ΑΓΚΥΡΩΣΕΩΝ (STRESSING & LOCK-OFF) = 4 Σειρές X 74No | C36: ='1_Στοιχεία_Μελέτης_&_Ποσότητες'!C110 -> 296 | D36: ='1_Στοιχεία_Μελέτης_&_Ποσότητες'!D110 -> No | E36: 18 | F36: =ROUND(C36*E36, 2) -> 5328 | H36: ="Φύλλο 1 (B.14): Προένταση (Stressing & Lock-off) 252 αγκυρώσεων Type B @ 18.00 €/No" -> Φύλλο 1 (B.14): Προένταση (Stressing & Lock-off) 252 αγκυρώσεων Type B @ 18.00 €/No
A37: B.15 | B37: ='1_Στοιχεία_Μελέτης_&_Ποσότητες'!B111 -> ΚΕΦΑΛΕΣ ΑΓΚΥΡΩΣΗΣ (ANCHOR HEAD, WEDGES, PLATE) = 4 Σειρές X 74No | C37: ='1_Στοιχεία_Μελέτης_&_Ποσότητες'!C111 -> 296 | D37: ='1_Στοιχεία_Μελέτης_&_Ποσότητες'!D111 -> No | E37: 55 | F37: =ROUND(C37*E37, 2) -> 16280 | H37: ="Φύλλο 1 (B.15): Πλήρες σετ κεφαλής (Head, Wedges, Plate) 252 αγκυρώσεων Type B @ 55.00 €/No" -> Φύλλο 1 (B.15): Πλήρες σετ κεφαλής (Head, Wedges, Plate) 252 αγκυρώσεων Type B @ 55.00 €/No
A39: TYPE C | B39: ="BERLIN WALL TYPE C: " & '1_Στοιχεία_Μελέτης_&_Ποσότητες'!C59 & "No Ζεύγη HEB200, L=" & TEXT('1_Στοιχεία_Μελέτης_&_Ποσότητες'!C63,"0.00") & "m για βάθος εκσκαφής " & TEXT('1_Στοιχεία_Μελέτης_&_Ποσότητες'!C61,"0.00") & "m και " & TEXT('1_Στοιχεία_Μελέτης_&_Ποσότητες'!C60,"0.00") & " τρ.μ." -> BERLIN WALL TYPE C: 15No Ζεύγη HEB200, L=13.00m για βάθος εκσκαφής 11.10m και 22.50 τρ.μ. | C39: ='1_Στοιχεία_Μελέτης_&_Ποσότητες'!C60 -> 22.5 | D39: τρ.μ. | E39: =ROUND(F39/C39, 2) -> 4841.19 | F39: =SUM(F40:F53) -> 108926.88 | G39: ΤΕΛ. ΣΥΝΟΛΑ | H39: Σύνολο Τοίχου Γ (Πυλώνες 2, 3 & 4 — HEB 200, 11 πάσσαλοι, 33 αγκυρώσεις)
A40: C.1 | B40: ='1_Στοιχεία_Μελέτης_&_Ποσότητες'!B114 -> ΤΡΥΠΗΜΑ Ø800mm = 15No X 13.00m | C40: ='1_Στοιχεία_Μελέτης_&_Ποσότητες'!C114 -> 195 | D40: ='1_Στοιχεία_Μελέτης_&_Ποσότητες'!D114 -> m | E40: 75 | F40: =ROUND(C40*E40, 2) -> 14625 | G40: =F39 -> 108926.88 | H40: ="Φύλλο 1 (C.1): " & '1_Στοιχεία_Μελέτης_&_Ποσότητες'!C59 & " πάσσαλοι × " & TEXT('1_Στοιχεία_Μελέτης_&_Ποσότητες'!C63,"0.00") & "m @ 75.00 €/m (Ø800mm Default Εταιρείας)" -> Φύλλο 1 (C.1): 15 πάσσαλοι × 13.00m @ 75.00 €/m (Ø800mm Default Εταιρείας)
A41: C.2 | B41: ='1_Στοιχεία_Μελέτης_&_Ποσότητες'!B115 -> ΜΠΕΤΟΝ ΠΑΚΤΩΣΗΣ C30/37 = 15No X 2.00m X 0.503m³/m | C41: ='1_Στοιχεία_Μελέτης_&_Ποσότητες'!C115 -> 15.08 | D41: ='1_Στοιχεία_Μελέτης_&_Ποσότητες'!D115 -> m³ | E41: 120 | F41: =ROUND(C41*E41, 2) -> 1809.6 | H41: ="Φύλλο 1 (C.2): Πάκτωση H=2.00m σε Ø800mm @ 120.00 €/m³ [Πορτοκαλί #FFE699]" -> Φύλλο 1 (C.2): Πάκτωση H=2.00m σε Ø800mm @ 120.00 €/m³ [Πορτοκαλί #FFE699]
A42: C.3 | B42: ='1_Στοιχεία_Μελέτης_&_Ποσότητες'!B116 -> HEB200 - ΠΡΟΜΗΘΕΙΑ, ΕΠΕΞΕΡΓΑΣΙΑ & ΤΟΠΟΘΕΤΗΣΗ (15No x 2No x 13.00m x 61.3kg/m) | C42: ='1_Στοιχεία_Μελέτης_&_Ποσότητες'!C116 -> 23907 | D42: ='1_Στοιχεία_Μελέτης_&_Ποσότητες'!D116 -> kg | E42: 1.4 | F42: =ROUND(C42*E42, 2) -> 33469.8 | H42: ="Φύλλο 1 (C.3): 2 No. HEB 200 (122.6 kg/m) @ 1.40 €/kg (1.00€ αγορά + 0.40€ επεξεργασία)" -> Φύλλο 1 (C.3): 2 No. HEB 200 (122.6 kg/m) @ 1.40 €/kg (1.00€ αγορά + 0.40€ επεξεργασία)
A43: C.4 | B43: ='1_Στοιχεία_Μελέτης_&_Ποσότητες'!B117 -> ΛΑΜΕΣ ΣΥΝΔΕΣΗΣ 200x200x10mm = 15No x (13No x 3.14kg) | C43: ='1_Στοιχεία_Μελέτης_&_Ποσότητες'!C117 -> 612.3 | D43: ='1_Στοιχεία_Μελέτης_&_Ποσότητες'!D117 -> kg | E43: 1.6 | F43: =ROUND(C43*E43, 2) -> 979.68 | H43: ="Φύλλο 1 (C.4): Κανόνας L_beam/s_plate = 13 λάμες/οπή (143 τεμ.) @ 1.60 €/kg" -> Φύλλο 1 (C.4): Κανόνας L_beam/s_plate = 13 λάμες/οπή (143 τεμ.) @ 1.60 €/kg
A44: C.5 | B44: ='1_Στοιχεία_Μελέτης_&_Ποσότητες'!B118 -> ΓΩΝΙΕΣ ΣΤΗΡΙΞΗΣ L70x70x6mm = 15No x 11.10m x 6.38kg/m x 2No | C44: ='1_Στοιχεία_Μελέτης_&_Ποσότητες'!C118 -> 2124.54 | D44: ='1_Στοιχεία_Μελέτης_&_Ποσότητες'!D118 -> kg | E44: 1.6 | F44: =ROUND(C44*E44, 2) -> 3399.26 | H44: ="Φύλλο 1 (C.5): 2 γωνιές L70x70x6 × 11.10m (244.2m) @ 1.60 €/kg" -> Φύλλο 1 (C.5): 2 γωνιές L70x70x6 × 11.10m (244.2m) @ 1.60 €/kg
A45: C.6 | B45: ='1_Στοιχεία_Μελέτης_&_Ποσότητες'!B119 -> ΑΓΟΡΑ ΧΑΛΥΒΑ ΣΧΑΡΑΣ #Y8/150 = 249.75m² x 5.261kg/m² | C45: ='1_Στοιχεία_Μελέτης_&_Ποσότητες'!C119 -> 1313.93 | D45: ='1_Στοιχεία_Μελέτης_&_Ποσότητες'!D119 -> kg | E45: 2.5 | F45: =ROUND(C45*E45, 2) -> 3284.83 | H45: ="Φύλλο 1 (C.6): Σχάρα #Y8/150 (" & TEXT('1_Στοιχεία_Μελέτης_&_Ποσότητες'!C75,"0.000") & " kg/m²) @ 2.50 €/kg αγορά" -> Φύλλο 1 (C.6): Σχάρα #Y8/150 (5.261 kg/m²) @ 2.50 €/kg αγορά
A46: C.7 | B46: ='1_Στοιχεία_Μελέτης_&_Ποσότητες'!B120 -> ΤΟΠΟΘΕΤΗΣΗ ΣΧΑΡΑΣ ΜΕΤΩΠΟΥ = 22.50m X 11.10m | C46: ='1_Στοιχεία_Μελέτης_&_Ποσότητες'!C120 -> 249.75 | D46: ='1_Στοιχεία_Μελέτης_&_Ποσότητες'!D120 -> m² | E46: 15 | F46: =ROUND(C46*E46, 2) -> 3746.25 | H46: ="Φύλλο 1 (C.7): Εργατικά τοποθέτησης σχάρας μετώπου (16.5m × 11.1m) @ 15.00 €/m²" -> Φύλλο 1 (C.7): Εργατικά τοποθέτησης σχάρας μετώπου (16.5m × 11.1m) @ 15.00 €/m²
A47: C.8 | B47: ='1_Στοιχεία_Μελέτης_&_Ποσότητες'!B121 -> ΑΓΟΡΑ ΣΚΥΡΟΔΕΜΑΤΟΣ SHOTCRETE C30/37 = 249.75m² x 0.15m | C47: ='1_Στοιχεία_Μελέτης_&_Ποσότητες'!C121 -> 37.46 | D47: ='1_Στοιχεία_Μελέτης_&_Ποσότητες'!D121 -> m³ | E47: 90 | F47: =ROUND(C47*E47, 2) -> 3371.4 | H47: ="Φύλλο 1 (C.8): Αγορά C30/37 ονομαστικού πάχους 15cm @ 90.00 €/m³" -> Φύλλο 1 (C.8): Αγορά C30/37 ονομαστικού πάχους 15cm @ 90.00 €/m³
A48: C.9 | B48: ='1_Στοιχεία_Μελέτης_&_Ποσότητες'!B122 -> ΤΟΠΟΘΕΤΗΣΗ / ΕΚΤΟΞΕΥΣΗ SHOTCRETE = 249.75m² x 0.15m (με απώλεια +33.3%) | C48: ='1_Στοιχεία_Μελέτης_&_Ποσότητες'!C122 -> 37.46 | D48: ='1_Στοιχεία_Μελέτης_&_Ποσότητες'!D122 -> m³ | E48: =ROUND((200*(1+'1_Στοιχεία_Μελέτης_&_Ποσότητες'!C77))-90, 2) -> 176.67 | F48: =ROUND(C48*E48, 2) -> 6618.06 | H48: ="Φύλλο 1 (C.9): Εκτόξευση/Αντλία = Βάση 200€ × (1+" & TEXT('1_Στοιχεία_Μελέτης_&_Ποσότητες'!C77,"0.0%") & " απώλεια) - 90€ = 176.67 €/m³" -> Φύλλο 1 (C.9): Εκτόξευση/Αντλία = Βάση 200€ × (1+33.3% απώλεια) - 90€ = 176.67 €/m³
A49: C.10 | B49: ='1_Στοιχεία_Μελέτης_&_Ποσότητες'!B123 -> ΔΙΑΤΡΗΣΗ ΑΓΚΥΡΩΣΕΩΝ Ø120mm (3 Σειρές: L1=19m, L2=17m, L3=16m) | C49: ='1_Στοιχεία_Μελέτης_&_Ποσότητες'!C123 -> 780 | D49: ='1_Στοιχεία_Μελέτης_&_Ποσότητες'!D123 -> m | E49: 30 | F49: =ROUND(C49*E49, 2) -> 23400 | H49: ="Φύλλο 1 (C.10): Διάτρηση 33 αγκυρώσεων Ø120mm (Σειρές 1-3: 19m, 17m, 16m) @ 30.00 €/m" -> Φύλλο 1 (C.10): Διάτρηση 33 αγκυρώσεων Ø120mm (Σειρές 1-3: 19m, 17m, 16m) @ 30.00 €/m
A50: C.11 | B50: ='1_Στοιχεία_Μελέτης_&_Ποσότητες'!B124 -> GROUT ΤΣΙΜΕΝΤΕΝΕΜΑ ΑΓΚΥΡΩΣΕΩΝ (με απώλεια 1.20) = 780.00m x 0.0136m³/m | C50: ='1_Στοιχεία_Μελέτης_&_Ποσότητες'!C124 -> 10.59 | D50: ='1_Στοιχεία_Μελέτης_&_Ποσότητες'!D124 -> m³ | E50: 500 | F50: =ROUND(C50*E50, 2) -> 5295 | H50: ="Φύλλο 1 (C.11): Grout Ø120mm με απώλεια 1.20 (0.013572 m³/m) @ 500.00 €/m³" -> Φύλλο 1 (C.11): Grout Ø120mm με απώλεια 1.20 (0.013572 m³/m) @ 500.00 €/m³
A51: C.12 | B51: ='1_Στοιχεία_Μελέτης_&_Ποσότητες'!B125 -> 0 | C51: ='1_Στοιχεία_Μελέτης_&_Ποσότητες'!C125 -> 2475 | D51: ='1_Στοιχεία_Μελέτης_&_Ποσότητες'!D125 -> m | E51: 2.28 | F51: =ROUND(C51*E51, 2) -> 5643 | H51: ="Φύλλο 1 (C.12): 33 αγκυρώσεις 3-strands (Σειρές 1-3: L=19m, 17m, 16m, +1.0m) @ 2.28 €/m" -> Φύλλο 1 (C.12): 33 αγκυρώσεις 3-strands (Σειρές 1-3: L=19m, 17m, 16m, +1.0m) @ 2.28 €/m
A52: C.13 | B52: ='1_Στοιχεία_Μελέτης_&_Ποσότητες'!B126 -> ΠΡΟΕΝΤΑΣΗ ΑΓΚΥΡΩΣΕΩΝ (STRESSING & LOCK-OFF) = 3 Σειρές X 15No | C52: ='1_Στοιχεία_Μελέτης_&_Ποσότητες'!C126 -> 45 | D52: ='1_Στοιχεία_Μελέτης_&_Ποσότητες'!D126 -> No | E52: 18 | F52: =ROUND(C52*E52, 2) -> 810 | H52: ="Φύλλο 1 (C.13): Προένταση (Stressing & Lock-off) 33 αγκυρώσεων Type C @ 18.00 €/No" -> Φύλλο 1 (C.13): Προένταση (Stressing & Lock-off) 33 αγκυρώσεων Type C @ 18.00 €/No
A53: C.14 | B53: ='1_Στοιχεία_Μελέτης_&_Ποσότητες'!B127 -> ΚΕΦΑΛΕΣ ΑΓΚΥΡΩΣΗΣ (ANCHOR HEAD, WEDGES, PLATE) = 3 Σειρές X 15No | C53: ='1_Στοιχεία_Μελέτης_&_Ποσότητες'!C127 -> 45 | D53: ='1_Στοιχεία_Μελέτης_&_Ποσότητες'!D127 -> No | E53: 55 | F53: =ROUND(C53*E53, 2) -> 2475 | H53: ="Φύλλο 1 (C.14): Πλήρες σετ κεφαλής (Head, Wedges, Plate) 33 αγκυρώσεων Type C @ 55.00 €/No" -> Φύλλο 1 (C.14): Πλήρες σετ κεφαλής (Head, Wedges, Plate) 33 αγκυρώσεων Type C @ 55.00 €/No
A55: ΠΥΛ. 1 | B55: ="ΜΕΤΑΚΙΝΗΣΕΙΣ ΜΗΧΑΝΗΜΑΤΩΝ & ΣΥΝΕΡΓΕΙΩΝ ΕΡΓΟΥ (MOBILIZATION — 3 ΕΙΔΗ)" -> ΜΕΤΑΚΙΝΗΣΕΙΣ ΜΗΧΑΝΗΜΑΤΩΝ & ΣΥΝΕΡΓΕΙΩΝ ΕΡΓΟΥ (MOBILIZATION — 3 ΕΙΔΗ) | C55: ='1_Στοιχεία_Μελέτης_&_Ποσότητες'!C134 -> 174 | D55: τρ.μ. | E55: =ROUND(F55/C55, 2) -> 21.26 | F55: =SUM(F56:F58) -> 3700 | G55: ΤΕΛ. ΣΥΝΟΛΑ | H55: Σύνολο Πυλώνα 1 (Μετακινήσεις Μεγάλου Τρυπανιού, Αγκυρώσεων & Shotcrete)
A56: M.1 | B56: ='1_Στοιχεία_Μελέτης_&_Ποσότητες'!B130 -> Στράτες Μεγάλου Τρυπανιού (Piling Rig) | C56: ='1_Στοιχεία_Μελέτης_&_Ποσότητες'!C130 -> 1 | D56: ='1_Στοιχεία_Μελέτης_&_Ποσότητες'!D130 -> στράτες | E56: 1500 | F56: =ROUND(C56*E56, 2) -> 1500 | G56: =F55 -> 3700 | H56: Βάση Λεμεσός (0-40 km από έδρα Αγίου Συλά: 1,500.00 € βασική τιμή)
A57: M.2 | B57: ='1_Στοιχεία_Μελέτης_&_Ποσότητες'!B131 -> Στράτες Εξοπλισμού Αγκυρώσεων (όσες οι μέγιστες σειρές) | C57: ='1_Στοιχεία_Μελέτης_&_Ποσότητες'!C131 -> 4 | D57: ='1_Στοιχεία_Μελέτης_&_Ποσότητες'!D131 -> στράτες | E57: 300 | F57: =ROUND(C57*E57, 2) -> 1200 | H57: ='1_Στοιχεία_Μελέτης_&_Ποσότητες'!C131 & " στράτες εξοπλισμού αγκυρώσεων (όσες οι σειρές αγκυρώσεων = 4) @ 300.00 €" -> 4 στράτες εξοπλισμού αγκυρώσεων (όσες οι σειρές αγκυρώσεων = 4) @ 300.00 €
A58: M.3 | B58: ='1_Στοιχεία_Μελέτης_&_Ποσότητες'!B132 -> Στράτες Συνεργείου & Αντλίας Shotcrete (σειρές + 1) | C58: ='1_Στοιχεία_Μελέτης_&_Ποσότητες'!C132 -> 5 | D58: ='1_Στοιχεία_Μελέτης_&_Ποσότητες'!D132 -> στράτες | E58: 200 | F58: =ROUND(C58*E58, 2) -> 1000 | H58: ='1_Στοιχεία_Μελέτης_&_Ποσότητες'!C132 & " στράτες συνεργείου & αντλίας shotcrete (σειρές + 1 = 5) @ 200.00 €" -> 5 στράτες συνεργείου & αντλίας shotcrete (σειρές + 1 = 5) @ 200.00 €
A60: ΣΥΓΚΕΝΤΡΩΤΙΚΟΣ ΠΙΝΑΚΑΣ ΕΡΓΟΥ (ΑΝΑ ΤΥΠΟ BERLIN WALL & ΑΝΑ ΠΥΛΩΝΑ) — ΤΕΛΙΚΑ ΣΥΝΟΛΑ & KPIs
A61: TYPE A | B61: ΣΥΝΟΛΟ BERLIN WALL TYPE A (24No HEB 220, L=19.0m, H=17.0m, 36.00 τρ.μ.) | C61: =C5 -> 40.5 | D61: τρ.μ. | E61: =E5 -> 7324.78 | F61: =F5 -> 296653.73 | G61: =F61 -> 296653.73 | H61: Περιλαμβάνει H-Beams, Σχάρα/Shotcrete & 96 Αγκυρώσεις Τοίχου Α
A62: TYPE B | B62: ΣΥΝΟΛΟ BERLIN WALL TYPE B (63No HEB 200, L=17.0m, H=15.6m, 94.50 τρ.μ.) | C62: =C22 -> 111 | D62: τρ.μ. | E62: =E22 -> 6539.23 | F62: =F22 -> 725854.84 | G62: =F62 -> 725854.84 | H62: Περιλαμβάνει H-Beams, Σχάρα/Shotcrete & 252 Αγκυρώσεις Τοίχου Β
A63: TYPE C | B63: ΣΥΝΟΛΟ BERLIN WALL TYPE C (11No HEB 200, L=13.0m, H=11.1m, 16.50 τρ.μ.) | C63: =C39 -> 22.5 | D63: τρ.μ. | E63: =E39 -> 4841.19 | F63: =F39 -> 108926.88 | G63: =F63 -> 108926.88 | H63: Περιλαμβάνει H-Beams, Σχάρα/Shotcrete & 33 Αγκυρώσεις Τοίχου Γ
A64: ΠΥΛ. 1 | B64: ΣΥΝΟΛΟ ΜΕΤΑΚΙΝΗΣΕΩΝ ΕΡΓΟΥ (Μεγάλο Τρυπάνι + Αγκυρώσεις + Shotcrete) | C64: ='1_Στοιχεία_Μελέτης_&_Ποσότητες'!C130+'1_Στοιχεία_Μελέτης_&_Ποσότητες'!C131+'1_Στοιχεία_Μελέτης_&_Ποσότητες'!C132 -> 10 | D64: στράτες | E64: - | F64: =F55 -> 3700 | G64: =F64 -> 3700 | H64: Πάγιες μετακινήσεις εργοταξίου Λεμεσού (1 + 4 + 5 = 10 στράτες)
A65: ΠΥΛ. 2 | B65: Cross-Check Πυλώνα 2: Σύνολο Σχαρών (#Y8/150) & Shotcrete C30/37 (Type A+B+C) | C65: ='1_Στοιχεία_Μελέτης_&_Ποσότητες'!C135 -> 2669.85 | D65: m² | E65: =ROUND(G65/C65, 2) -> 68.15 | F65: =SUM(F11:F14)+SUM(F28:F31)+SUM(F45:F48) -> 181958.97 | G65: =F65 -> 181958.97 | H65: Άθροισμα A.6–A.9 + B.6–B.9 + C.6–C.9
A66: ΠΥΛ. 3 | B66: Cross-Check Πυλώνα 3: Σύνολο H-Beams / Νεφκών HEB 220 & HEB 200 (Type A+B+C) | C66: ='1_Στοιχεία_Μελέτης_&_Ποσότητες'!C133 -> 116 | D66: πάσσαλοι | E66: =ROUND(G66/C66, 2) -> 4785.84 | F66: =SUM(F6:F10)+SUM(F23:F27)+SUM(F40:F44) -> 555157.7 | G66: =F66 -> 555157.7 | H66: Άθροισμα A.1–A.5 + B.1–B.5 + C.1–C.5
A67: ΠΥΛ. 4 | B67: Cross-Check Πυλώνα 4: Σύνολο Αγκυρώσεων Tieback (Type A+B+C — 381 τεμ.) | C67: ='1_Στοιχεία_Μελέτης_&_Ποσότητες'!C144 -> 449 | D67: αγκυρώσεις | E67: =ROUND(G67/C67, 2) -> 878.22 | F67: =SUM(F15:F20)+SUM(F32:F37)+SUM(F49:F53) -> 394318.78 | G67: =F67 -> 394318.78 | H67: Άθροισμα A.10–A.15 + B.10–B.15 + C.10–C.14
A68: ΣΥΝΟΛΟ | B68: ΚΑΘΑΡΟ ΣΥΝΟΛΟ ΠΡΟΣΦΟΡΑΣ BERLIN WALL (TYPE A + TYPE B + TYPE C + ΜΕΤΑΚΙΝΗΣΕΙΣ — ΠΡΟ Φ.Π.Α.) | C68: ='1_Στοιχεία_Μελέτης_&_Ποσότητες'!C134 -> 174 | D68: τρ.μ. | E68: =ROUND(G68/C68, 2) -> 6523.77 | F68: =SUM(F61:F64) -> 1135135.4 | G68: =F68 -> 1135135.4 | H68: ="Ισούται ακριβώς με το άθροισμα των 4 Πυλώνων (" & TEXT(SUM(F64:F67),"#,##0.00") & " €)" -> Ισούται ακριβώς με το άθροισμα των 4 Πυλώνων (1,135,135.45 €)
A69: Φ.Π.Α. | B69: Φ.Π.Α. ΚΥΠΡΟΥ (19%) | F69: =ROUND(F68*0.19, 2) -> 215675.74 | G69: =F69 -> 215675.74 | H69: Νόμιμος Φ.Π.Α. 19% επί του Καθαρού Συνόλου
A70: ΤΕΛΙΚΟ | B70: ΤΕΛΙΚΟ ΠΛΗΡΩΤΕΟ ΠΟΣΟ ΕΡΓΟΥ (ΜΕ Φ.Π.Α. 19%) | F70: =F68+F69 -> 1350811.2 | G70: =F70 -> 1350811.2 | H70: Τελικό πληρωτέο ποσό προσφοράς (συμπεριλαμβανομένου Φ.Π.Α.)
A72: ΒΑΣΙΚΟΙ ΔΕΙΚΤΕΣ ΚΟΣΤΟΥΣ & VALUE ENGINEERING (KPIs)
A73: KPI 1 | B73: Συνολικό Κόστος ανά m² Μετώπου Εκσκαφής | C73: ='1_Στοιχεία_Μελέτης_&_Ποσότητες'!C135 -> 2669.85 | D73: € / m² | G73: =ROUND(G68/'1_Στοιχεία_Μελέτης_&_Ποσότητες'!C135, 2) -> 425.17 | H73: ="Καθαρό Σύνολο / " & TEXT('1_Στοιχεία_Μελέτης_&_Ποσότητες'!C135,"#,##0.00") & " m²" -> Καθαρό Σύνολο / 2,669.85 m²
A74: KPI 2 | B74: Συνολικό Κόστος ανά Τρέχον Μέτρο Περιμέτρου | C74: ='1_Στοιχεία_Μελέτης_&_Ποσότητες'!C134 -> 174 | D74: € / τρ.μ. | G74: =ROUND(G68/'1_Στοιχεία_Μελέτης_&_Ποσότητες'!C134, 2) -> 6523.77 | H74: ="Καθαρό Σύνολο / " & TEXT('1_Στοιχεία_Μελέτης_&_Ποσότητες'!C134,"#,##0.00") & " τρ.μ." -> Καθαρό Σύνολο / 174.00 τρ.μ.
A75: KPI 3 | B75: Συνολικό Κόστος ανά Πάσσαλο / Οπή Berlin Wall | C75: ='1_Στοιχεία_Μελέτης_&_Ποσότητες'!C133 -> 116 | D75: € / πάσσαλο | G75: =ROUND(G68/'1_Στοιχεία_Μελέτης_&_Ποσότητες'!C133, 2) -> 9785.65 | H75: ="Καθαρό Σύνολο / " & '1_Στοιχεία_Μελέτης_&_Ποσότητες'!C133 & " πασσάλους" -> Καθαρό Σύνολο / 116 πασσάλους
A76: KPI 4 | B76: Μέσο Κόστος ανά Πλήρη Αγκύρωση (Πυλώνας 4 / 381 τεμ.) | C76: ='1_Στοιχεία_Μελέτης_&_Ποσότητες'!C144 -> 449 | D76: € / αγκύρωση | G76: =ROUND(G67/'1_Στοιχεία_Μελέτης_&_Ποσότητες'!C144, 2) -> 878.22 | H76: ="Σύνολο Πυλώνα 4 / " & '1_Στοιχεία_Μελέτης_&_Ποσότητες'!C144 & " αγκυρώσεις" -> Σύνολο Πυλώνα 4 / 449 αγκυρώσεις

Sheet 3_Πίνακες_Διατομών_Χάλυβα
A1: ΒΙΒΛΙΟΘΗΚΗ ΔΙΑΤΟΜΩΝ ΧΑΛΥΒΑ (EUROPEAN STRUCTURAL STEEL PROFILES)
A2: Τεχνικά χαρακτηριστικά & βάρη ανά μέτρο για διατομές HEA, HEB, UPN & Γωνιών (L)
A4: 1. ΔΙΑΤΟΜΕΣ HEA (Ευρωπαϊκά Πλατύπελμα Ελαφρού Τύπου)
A5: Ονομασία Διατομής | B5: Ύψος h (mm) | C5: Πλάτος b (mm) | D5: Πάχος tw (mm) | E5: Πάχος tf (mm) | F5: Διατομή A (cm²) | G5: Βάρος (kg / m)
A6: HEA 140 | B6: 133 | C6: 140 | D6: 5.5 | E6: 8.5 | F6: 31.4 | G6: 24.7
A7: HEA 160 | B7: 152 | C7: 160 | D7: 6 | E7: 9 | F7: 38.8 | G7: 30.4
A8: HEA 180 | B8: 171 | C8: 180 | D8: 6 | E8: 9.5 | F8: 45.3 | G8: 35.5
A9: HEA 200 | B9: 190 | C9: 200 | D9: 6.5 | E9: 10 | F9: 53.8 | G9: 42.3
A10: HEA 220 | B10: 210 | C10: 220 | D10: 7 | E10: 11 | F10: 64.3 | G10: 50.5
A11: HEA 240 | B11: 230 | C11: 240 | D11: 7.5 | E11: 12 | F11: 76.8 | G11: 60.3
A12: HEA 260 | B12: 250 | C12: 260 | D12: 7.5 | E12: 12.5 | F12: 86.8 | G12: 68.2
A13: HEA 280 | B13: 270 | C13: 280 | D13: 8 | E13: 13 | F13: 97.3 | G13: 76.4
A14: HEA 300 | B14: 290 | C14: 300 | D14: 8.5 | E14: 14 | F14: 112.5 | G14: 88.3
A16: 2. ΔΙΑΤΟΜΕΣ HEB (Ευρωπαϊκά Πλατύπελμα Κανονικού Τύπου)
A17: Ονομασία Διατομής | B17: Ύψος h (mm) | C17: Πλάτος b (mm) | D17: Πάχος tw (mm) | E17: Πάχος tf (mm) | F17: Διατομή A (cm²) | G17: Βάρος (kg / m)
A18: HEB 140 | B18: 140 | C18: 140 | D18: 7 | E18: 12 | F18: 43 | G18: 33.7
A19: HEB 160 | B19: 160 | C19: 160 | D19: 8 | E19: 13 | F19: 54.3 | G19: 42.6
A20: HEB 180 | B20: 180 | C20: 180 | D20: 8.5 | E20: 14 | F20: 65.3 | G20: 51.2
A21: HEB 200 | B21: 200 | C21: 200 | D21: 9 | E21: 15 | F21: 78.1 | G21: 61.3
A22: HEB 220 | B22: 220 | C22: 220 | D22: 9.5 | E22: 16 | F22: 91 | G22: 71.5
A23: HEB 240 | B23: 240 | C23: 240 | D23: 10 | E23: 17 | F23: 106 | G23: 83.2
A24: HEB 260 | B24: 260 | C24: 260 | D24: 10 | E24: 17.5 | F24: 118.4 | G24: 93
A25: HEB 280 | B25: 280 | C25: 280 | D25: 10.5 | E25: 18 | F25: 131.4 | G25: 103
A26: HEB 300 | B26: 300 | C26: 300 | D26: 11 | E26: 19 | F26: 149.1 | G26: 117
A28: 3. ΔΙΑΤΟΜΕΣ UPN (Ευρωπαϊκά Κοίλα Προφίλ U)
A29: Ονομασία Διατομής | B29: Ύψος h (mm) | C29: Πλάτος b (mm) | D29: Πάχος tw (mm) | E29: Πάχος tf (mm) | F29: Διατομή A (cm²) | G29: Βάρος (kg / m)
A30: UPN 140 | B30: 140 | C30: 60 | D30: 7 | E30: 10 | F30: 20.4 | G30: 16
A31: UPN 160 | B31: 160 | C31: 65 | D31: 7.5 | E31: 10.5 | F31: 24 | G31: 18.8
A32: UPN 180 | B32: 180 | C32: 70 | D32: 8 | E32: 11 | F32: 28 | G32: 22
A33: UPN 200 | B33: 200 | C33: 75 | D33: 8.5 | E33: 11.5 | F33: 32.2 | G33: 25.3
A34: UPN 220 | B34: 220 | C34: 80 | D34: 9 | E34: 12.5 | F34: 37.4 | G34: 29.4
A35: UPN 240 | B35: 240 | C35: 85 | D35: 9.5 | E35: 13 | F35: 42.3 | G35: 33.2
A36: UPN 260 | B36: 260 | C36: 90 | D36: 10 | E36: 14 | F36: 48.3 | G36: 37.9
A37: UPN 280 | B37: 280 | C37: 95 | D37: 10 | E37: 15 | F37: 53.3 | G37: 41.8
A38: UPN 300 | B38: 300 | C38: 100 | D38: 10 | E38: 16 | F38: 58.8 | G38: 46.2
A40: 4. ΙΣΟΣΚΕΛΕΙΣ ΓΩΝΙΕΣ (Equal Angles L)
A41: Ονομασία Διατομής | B41: Ύψος h (mm) | C41: Πλάτος b (mm) | D41: Πάχος tw (mm) | E41: Πάχος tf (mm) | F41: Διατομή A (cm²) | G41: Βάρος (kg / m)
A42: L 50x50x5 | B42: 50 | C42: 50 | D42: 5 | E42: 5 | F42: 4.8 | G42: 3.77
A43: L 60x60x6 | B43: 60 | C43: 60 | D43: 6 | E43: 6 | F43: 6.91 | G43: 5.42
A44: L 70x70x6 | B44: 70 | C44: 70 | D44: 6 | E44: 6 | F44: 8.13 | G44: 6.38
A45: L 70x70x7 | B45: 70 | C45: 70 | D45: 7 | E45: 7 | F45: 9.4 | G45: 7.38
A46: L 80x80x8 | B46: 80 | C46: 80 | D46: 8 | E46: 8 | F46: 12.3 | G46: 9.63
A47: L 90x90x9 | B47: 90 | C47: 90 | D47: 9 | E47: 9 | F47: 15.5 | G47: 12.2
A48: L 100x100x10 | B48: 100 | C48: 100 | D48: 10 | E48: 10 | F48: 19.2 | G48: 15
