Workbook

Sheet 1_Στοιχεία_Μελέτης_&_Ποσότητες
A1: ΕΡΓΟ: BOLTON TOWER (BERLIN WALL & ΑΓΚΥΡΩΣΕΙΣ) — ΣΤΟΙΧΕΙΑ ΜΕΛΕΤΗΣ & ΦΥΣΙΚΕΣ ΠΟΣΟΤΗΤΕΣ ΑΝΑ ΤΥΠΟ ΤΟΙΧΟΥ (ΧΩΡΙΣ ΕΥΡΩ)
A2: 100% ΔΥΝΑΜΙΚΟΙ ΤΙΤΛΟΙ, ΤΥΠΟΙ & ΣΗΜΕΙΩΣΕΙΣ ΣΕ ΚΟΥΤΙΑ (BOXES) ΑΝΑ ΤΥΠΟ ΤΟΙΧΟΥ (TYPE A, TYPE B, TYPE C) | [ΚΕΦΑΛΑΙΟ Α] = INPUTS | [ΚΕΦΑΛΑΙΟ Β] = ΥΠΟΛΟΓΙΣΜΟΙ
A4: ΚΕΦΑΛΑΙΟ Α: ΣΤΟΙΧΕΙΑ ΜΕΛΕΤΗΣ (RAW INPUTS) — ΧΩΡΙΣΜΕΝΑ ΣΕ ΚΟΥΤΙΑ ΑΝΑ ΤΥΠΟ ΤΟΙΧΟΥ (100% ΔΥΝΑΜΙΚΗ ΣΥΝΔΕΣΗ)
A5: α/α | B5: ΠΕΡΙΓΡΑΦΗ ΣΤΟΙΧΕΙΟΥ / ΕΡΓΑΣΙΑΣ | C5: ΤΙΜΗ ΜΕΛΕΤΗΣ | D5: ΜΟΝ. | E5: ΠΗΓΗ ΜΕΛΕΤΗΣ (ΣΧΕΔΙΟ) | F5: ΤΕΧΝΙΚΗ ΣΗΜΕΙΩΣΗ / ΕΛΕΓΧΟΣ ΚΑΝΟΝΑ
A6: ΚΟΙΝΑ | B6: ΚΟΥΤΙ Α.0 — ΓΕΝΙΚΑ ΣΤΟΙΧΕΙΑ ΕΡΓΟΥ & ΚΟΙΝΕΣ ΠΡΟΔΙΑΓΡΑΦΕΣ (Εργοτάξιο, Διάτρηση, Λάμες, Γωνιές, Σχάρα, Shotcrete, Αγκυρώσεις)
A7: Κ.1 | B7: Έδρα Εταιρείας (Αφετηρία) | C7: Άγιος Συλάς, Σπύρου Κυπριανού 32, Λεμεσός | D7: - | E7: Βάση Εταιρείας | F7: Σταθερή βάση εκκίνησης συνεργείων & μηχανημάτων
A8: Κ.2 | B8: Τοποθεσία Εργοταξίου & Χιλιομετρική Απόσταση | C8: 12 | D8: km | E8: Σχέδιο ΘΕΜ/1 & ΘΕΜ/6 | F8: ="Λεμεσός (Bolton Tower, " & C8 & " km) — Ζώνη 0-40 km (βασικές τιμές μετακινήσεων)"
A9: Κ.3 | B9: Μέγιστο Πλήθος Οριζόντιων Σειρών Αγκυρώσεων Έργου | C9: 4 | D9: σειρές | E9: Σχέδιο ΘΕΜ/6, Τομές Α, Β, Γ | F9: ="Type A & B: " & C9 & " σειρές αγκυρώσεων | Type C: 3 σειρές αγκυρώσεων"
A10: Κ.4 | B10: Αξονική Απόσταση Πασσάλων (s_c/c) | C10: 1.5 | D10: m | E10: Σχέδιο ΘΕΜ/1 & ΘΕΜ/6 | F10: ="[!!! ΣΥΓΚΡΟΥΣΗ ΜΕΛΕΤΗΣ !!!]: Αναγράφονται 2 διαφορετικοί αριθμοί: @ 2000mm στο κείμενο λεπτομέρειας vs (1500) στη διάσταση CL και 1.50m στις τομές. Επιλέχθηκε ο πιο ασφαλής στατικά αριθμός s = " & TEXT(C10,"0.00") & " m."
A11: Κ.5 | B11: ="Διάμετρος Οπής Διάτρησης Μεγάλου Τρυπανιού (Ø" & (C11*1000) & "mm)" | C11: 0.8 | D11: m | E11: Κανόνας Εταιρείας | F11: ="[DEFAULT ΕΤΑΙΡΕΙΑΣ]: Δεν αναγράφεται διάμετρος νέφκας στη μελέτη (το D=800 στο ΘΕΜ/1 αφορά υποστυλώματα κτιρίου). Εφαρμόζεται by default Ø" & (C11*1000) & " mm (" & TEXT(C11,"0.00") & " m)."
A12: Κ.6 | B12: Πλήθος Προφίλ Χάλυβα ανά Πάσσαλο / Οπή | C12: 2 | D12: No/οπή | E12: Σχέδιο ΘΕΜ/6, Λεπτομέρεια | F12: ="Δίδυμο προφίλ (Ζεύγος " & C12 & " No. HEB ανά πάσσαλο)"
A13: Κ.7 | B13: Θεωρητικό Βάρος Διατομής HEB 220 (για Type A) | C13: 71.5 | D13: kg/m | E13: Βιβλιοθήκη Διατομών (Φύλλο 3) | F13: ="=" & TEXT(C13,"0.0") & " kg/m ανά HEB 220 (" & TEXT(C13*C12,"0.0") & " kg/m ανά ζεύγος)"
A14: Κ.8 | B14: Θεωρητικό Βάρος Διατομής HEB 200 (για Type B & Type C) | C14: 61.3 | D14: kg/m | E14: Βιβλιοθήκη Διατομών (Φύλλο 3) | F14: ="=" & TEXT(C14,"0.0") & " kg/m ανά HEB 200 (" & TEXT(C14*C12,"0.0") & " kg/m ανά ζεύγος)"
A15: Κ.9 | B15: Κατακόρυφο Βήμα Λαμών Σύνδεσης (s_plate) | C15: 1 | D15: m | E15: Σχέδιο ΘΕΜ/6, Λεπτομέρεια | F15: ="Λάμες " & C16 & "x" & C17 & "x" & C18 & "mm ανά " & (C15*1000) & "mm (" & TEXT(C15,"0.00") & "m) καθ' ύψος (Κανόνας L_beam / s_plate)"
A16: Κ.10α | B16: Πλάτος Λάμας Σύνδεσης (b_plate) | C16: 200 | D16: mm | E16: Σχέδιο ΘΕΜ/6, Λεπτομέρεια | F16: ="Πλάτος λάμας σύνδεσης = " & C16 & " mm (" & TEXT(C16/1000,"0.00") & " m)"
A17: Κ.10β | B17: Μήκος / Ύψος Λάμας Σύνδεσης (h_plate) | C17: 200 | D17: mm | E17: Σχέδιο ΘΕΜ/6, Λεπτομέρεια | F17: ="Μήκος λάμας σύνδεσης = " & C17 & " mm (" & TEXT(C17/1000,"0.00") & " m)"
A18: Κ.10γ | B18: Πάχος Λάμας Σύνδεσης (t_plate) | C18: 10 | D18: mm | E18: Σχέδιο ΘΕΜ/6, Λεπτομέρεια | F18: ="Πάχος λάμας σύνδεσης = " & C18 & " mm (" & TEXT(C18/1000,"0.000") & " m)"
A19: Κ.10 | B19: ="Βάρος 1 Λάμας Σύνδεσης (" & C16 & "x" & C17 & "x" & C18 & " mm)" | C19: =(C16/1000)*(C17/1000)*(C18/1000)*7850 | D19: kg/τεμ | E19: ="Τύπος: (" & C16 & "/1000)×(" & C17 & "/1000)×(" & C18 & "/1000)×7850" | F19: ="=" & TEXT(C16/1000,"0.00") & "m × " & TEXT(C17/1000,"0.00") & "m × " & TEXT(C18/1000,"0.000") & "m × 7,850 kg/m³ = " & TEXT(C19,"0.000") & " kg/τεμ (Αλλάζοντας τα C16:C18 ενημερώνονται αυτόματα τίτλοι & σημειώσεις)"
A20: Κ.11 | B20: Γωνιές Στήριξης Σχάρας L 70x70x6mm (2 τεμ. ανά πάσσαλο) | C20: 6.38 | D20: kg/m | E20: Σχέδιο ΘΕΜ/6 & Φύλλο 3 | F20: ="Γωνιές 70x70x6mm (" & TEXT(C20,"0.00") & " kg/m × 2 γωνιές καθ' ύψος εκσκαφής H_exc)"
A21: Κ.12 | B21: ="Διάμετρος Ράβδων Σχάρας Οριζόντιων & Κατακόρυφων (#Y" & C21 & "/" & C22 & ")" | C21: 8 | D21: mm | E21: Σχέδιο ΘΕΜ/6, Λεπτομέρεια | F21: ="Αναγράφεται ρητά #Y" & C21 & "/" & C22 & " (αυστηρή τήρηση Y" & C21 & " βάσει κανόνα 2.3)"
A22: Κ.13 | B22: ="Βήμα Ράβδων Σχάρας Οριζόντιων & Κατακόρυφων (#Y" & C21 & "/" & C22 & ")" | C22: 150 | D22: mm | E22: Σχέδιο ΘΕΜ/6, Λεπτομέρεια | F22: ="Βήμα " & C22 & "mm × " & C22 & "mm (2 × " & TEXT(1000/C22,"0.00") & " m/m² = " & TEXT(C78,"0.000") & " kg/m²)"
A23: Κ.14 | B23: Κατηγορία Σκυροδέματος Shotcrete & Πάκτωσης | C23: C30/37 | D23: - | E23: Κανόνας Εταιρείας | F23: ="[DEFAULT ΕΤΑΙΡΕΙΑΣ]: Δεν αναγράφεται στη μελέτη. Εφαρμόζεται by default " & C23 & " βάσει κανόνα εταιρείας."
A24: Κ.15 | B24: ="Ονομαστικό Πάχος Shotcrete Μελέτης (" & (C24*100) & " cm)" | C24: 0.15 | D24: m | E24: Σχέδιο ΘΕΜ/6, Λεπτομέρεια | F24: ="=" & (C24*1000) & " mm (" & (C24*100) & " cm) εκτοξευόμενο σκυρόδεμα (gunite)"
A25: Κ.16 | B25: ="Πάγια Απώλεια / Αναπήδηση Shotcrete Εταιρείας (+" & (C25*100) & " cm)" | C25: 0.05 | D25: m | E25: Κανόνας Εταιρείας | F25: ="+" & (C25*100) & " cm πάγια προσαύξηση εταιρείας (+" & TEXT(C25/C24,"0.0%") & " επί του ονομαστικού πάχους)"
A26: Κ.17 | B26: ="Διάμετρος Οπής Διάτρησης Αγκυρώσεων (Ø" & (C26*1000) & "mm)" | C26: 0.12 | D26: m | E26: Κανόνας Εταιρείας | F26: ="Ø" & (C26*1000) & " mm τυπική διάμετρος διάτρησης αγκυρίων"
A27: Κ.18 | B27: Συντελεστής Απώλειας Grout Αγκυρώσεων | C27: 1.2 | D27: - | E27: Κανόνας Εταιρείας | F27: ="+" & TEXT((C27-1),"0%") & " προσαύξηση όγκου τσιμεντενέματος (" & TEXT(C79,"0.000000") & " m³/m)"
A28: Κ.19 | B28: Πρόσθετο Μήκος Τένοντα εκτός Μετώπου (για τάνυση/κεφαλή) | C28: 1 | D28: m | E28: Κανόνας Εταιρείας | F28: ="+" & TEXT(C28,"0.00") & " m έξω από το μέτωπο σε κάθε τένοντα"
A29: Κ.20 | B29: Τυπικό Βάρος Τένοντα Προέντασης 0.6'' (15.2mm) | C29: 1.1 | D29: kg/m | E29: Κανόνας Εταιρείας | F29: ="7-wire strand 0.6'' (1670/1860 MPa) = " & TEXT(C29,"0.00") & " kg/m"
A31: TYPE A | B31: ="ΚΟΥΤΙ ΣΤΟΙΧΕΙΩΝ ΜΕΛΕΤΗΣ TYPE A — ΤΟΙΧΟΣ ΑΝΤΙΣΤΗΡΙΞΗΣ Α (Εκσκαφή " & TEXT(C34,"0.00") & "m, " & C32 & "No Ζεύγη HEB 220, L=" & TEXT(C36,"0.00") & "m, Πάκτωση " & TEXT(C35,"0.00") & "m, 4 Σειρές Αγκυρώσεων)"
A32: A.in.1 | B32: Πλήθος Πασσάλων / Ζευγών HEB 220 (Type A) | C32: 27 | D32: No | E32: Σχέδιο ΘΕΜ/1 (Κάτοψη — Βέλη Αγκυρώσεων) | F32: ="=" & C32 & " πάσσαλοι / θέσεις αγκυρώσεων (22 στο Ανατολικό + 5 στο Νότιο τμήμα Τοίχου Α)"
A33: A.in.2 | B33: ="Αναπτυγμένο Μήκος Μετώπου Type A (" & C32 & " × " & TEXT(C10,"0.00") & "m)" | C33: =C32*C10 | D33: τρ.μ. | E33: Σχέδιο ΘΕΜ/1 (Intervals) | F33: ="=" & C32 & " πάσσαλοι × " & TEXT(C10,"0.00") & "m = " & TEXT(C33,"0.00") & " τρ.μ."
A34: A.in.3 | B34: Ελεύθερο Ύψος Εκσκαφής Type A (H_exc_A) | C34: 17 | D34: m | E34: Σχέδιο ΘΕΜ/6, Τομή Τοίχου Α | F34: ="Αναγραφόμενο ελεύθερο ύψος εκσκαφής " & (C34*1000) & " mm (" & TEXT(C34,"0.00") & " m)"
A35: A.in.4 | B35: Ύψος Πάκτωσης Σκυροδέματος Νέφκας Type A (H_embed_A) | C35: 1.5 | D35: m | E35: Σχέδιο ΘΕΜ/6, Τομή Τοίχου Α | F35: ="Αναγραφόμενο ύψος πάκτωσης σκυροδέματος " & (C35*1000) & " mm (" & TEXT(C35,"0.00") & " m) στη βάση της νέφκας"
A36: A.in.5 | B36: Συνολικό Μήκος Νέφκας / Διάτρησης Type A (L_beam_A) | C36: 19 | D36: m | E36: Σχέδιο ΘΕΜ/6, Τομή Τοίχου Α | F36: ="Αναγραφόμενο συνολικό μήκος νέφκας " & (C36*1000) & " mm (" & TEXT(C36,"0.00") & " m) — ελεύθερο " & TEXT(C34,"0.00") & "m, υπόγειο " & TEXT(C36-C34,"0.00") & "m, πάκτωση μπετόν " & TEXT(C35,"0.00") & "m"
A37: A.in.6 | B37: Αγκύρωση Σειρά 1 (στο -2.00m): Μήκος Διάτρησης L1 | C37: 20 | D37: m | E37: Σχέδιο ΘΕΜ/6, Τομή Τοίχου Α | F37: ="10.0m ελεύθερο + 10.0m πάκτωση grout = " & TEXT(C37,"0.00") & "m (30°, 144 kN)"
A38: A.in.7 | B38: Αγκύρωση Σειρά 1 (στο -2.00m): Καλώδια (Strands) | C38: 2 | D38: καλώδια | E38: Σχέδιο ΘΕΜ/6, Τομή Τοίχου Α | F38: ="Αναγράφεται: " & C38 & " ΚΑΛΩΔΙΑ 15.2mm (Type 1670/1860)"
A39: A.in.8 | B39: Αγκύρωση Σειρά 2 (στο -6.00m): Μήκος Διάτρησης L2 | C39: 19.5 | D39: m | E39: Σχέδιο ΘΕΜ/6, Τομή Τοίχου Α | F39: ="8.5m ελεύθερο + 11.0m πάκτωση grout = " & TEXT(C39,"0.00") & "m (30°, 338 kN)"
A40: A.in.9 | B40: Αγκύρωση Σειρά 2 (στο -6.00m): Καλώδια (Strands) | C40: 2 | D40: καλώδια | E40: Σχέδιο ΘΕΜ/6, Τομή Τοίχου Α | F40: ="Αναγράφεται: " & C40 & " ΚΑΛΩΔΙΑ 15.2mm (Type 1670/1860)"
A41: A.in.10 | B41: Αγκύρωση Σειρά 3 (στο -9.50m): Μήκος Διάτρησης L3 | C41: 20 | D41: m | E41: Σχέδιο ΘΕΜ/6, Τομή Τοίχου Α | F41: ="8.0m ελεύθερο + 12.0m πάκτωση grout = " & TEXT(C41,"0.00") & "m (30°, 439 kN)"
A42: A.in.11 | B42: Αγκύρωση Σειρά 3 (στο -9.50m): Καλώδια (Strands) | C42: 3 | D42: καλώδια | E42: Σχέδιο ΘΕΜ/6, Τομή Τοίχου Α | F42: ="Αναγράφεται: " & C42 & " ΚΑΛΩΔΙΑ 15.2mm (Type 1670/1860)"
A43: A.in.12 | B43: Αγκύρωση Σειρά 4 (στο -13.50m): Μήκος Διάτρησης L4 | C43: 18.5 | D43: m | E43: Σχέδιο ΘΕΜ/6, Τομή Τοίχου Α | F43: ="3.5m ελεύθερο + 15.0m πάκτωση grout = " & TEXT(C43,"0.00") & "m (30°, 584 kN)"
A44: A.in.13 | B44: Αγκύρωση Σειρά 4 (στο -13.50m): Καλώδια (Strands) | C44: 3 | D44: καλώδια | E44: Σχέδιο ΘΕΜ/6, Τομή Τοίχου Α | F44: ="Αναγράφεται: " & C44 & " ΚΑΛΩΔΙΑ 15.2mm (Type 1670/1860)"
A46: TYPE B | B46: ="ΚΟΥΤΙ ΣΤΟΙΧΕΙΩΝ ΜΕΛΕΤΗΣ TYPE B — ΤΟΙΧΟΣ ΑΝΤΙΣΤΗΡΙΞΗΣ Β (Εκσκαφή " & TEXT(C49,"0.00") & "m, " & C47 & "No Ζεύγη HEB 200, L=" & TEXT(C51,"0.00") & "m, Πάκτωση " & TEXT(C50,"0.00") & "m, 4 Σειρές Αγκυρώσεων)"
A47: B.in.1 | B47: Πλήθος Πασσάλων / Ζευγών HEB 200 (Type B) | C47: 74 | D47: No | E47: Σχέδιο ΘΕΜ/1 (Κάτοψη — Βέλη Αγκυρώσεων) | F47: ="=" & C47 & " πάσσαλοι / θέσεις αγκυρώσεων (Βόρειο, Δυτικό-Κάτω, Νότιο & Βορειοανατολικό τμήμα Τοίχου Β)"
A48: B.in.2 | B48: ="Αναπτυγμένο Μήκος Μετώπου Type B (" & C47 & " × " & TEXT(C10,"0.00") & "m)" | C48: =C47*C10 | D48: τρ.μ. | E48: Σχέδιο ΘΕΜ/1 (Intervals) | F48: ="=" & C47 & " πάσσαλοι × " & TEXT(C10,"0.00") & "m = " & TEXT(C48,"0.00") & " τρ.μ."
A49: B.in.3 | B49: Ελεύθερο Ύψος Εκσκαφής Type B (H_exc_B) | C49: 15.6 | D49: m | E49: Σχέδιο ΘΕΜ/6, Τομή Τοίχου Β | F49: ="Αναγραφόμενο ελεύθερο ύψος εκσκαφής " & (C49*1000) & " mm (" & TEXT(C49,"0.00") & " m)"
A50: B.in.4 | B50: Ύψος Πάκτωσης Σκυροδέματος Νέφκας Type B (H_embed_B) | C50: 1.5 | D50: m | E50: Σχέδιο ΘΕΜ/6, Τομή Τοίχου Β | F50: ="Αναγραφόμενο ύψος πάκτωσης σκυροδέματος " & (C50*1000) & " mm (" & TEXT(C50,"0.00") & " m) στη βάση της νέφκας"
A51: B.in.5 | B51: Συνολικό Μήκος Νέφκας / Διάτρησης Type B (L_beam_B) | C51: 17 | D51: m | E51: Σχέδιο ΘΕΜ/6, Τομή Τοίχου Β | F51: ="Αναγραφόμενο συνολικό μήκος νέφκας " & (C51*1000) & " mm (" & TEXT(C51,"0.00") & " m) — ελεύθερο " & TEXT(C49,"0.00") & "m, υπόγειο " & TEXT(C51-C49,"0.00") & "m, πάκτωση μπετόν " & TEXT(C50,"0.00") & "m"
A52: B.in.6 | B52: Αγκύρωση Σειρά 1 (στο -2.00m): Μήκος Διάτρησης L1 | C52: 20 | D52: m | E52: Σχέδιο ΘΕΜ/6, Τομή Τοίχου Β | F52: ="10.0m ελεύθερο + 10.0m πάκτωση grout = " & TEXT(C52,"0.00") & "m (30°, 141 kN)"
A53: B.in.7 | B53: Αγκύρωση Σειρά 1 (στο -2.00m): Καλώδια (Strands) | C53: 2 | D53: καλώδια | E53: Σχέδιο ΘΕΜ/6, Τομή Τοίχου Β | F53: ="Αναγράφεται: " & C53 & " ΚΑΛΩΔΙΑ 15.2mm (Type 1670/1860)"
A54: B.in.8 | B54: Αγκύρωση Σειρά 2 (στο -6.00m): Μήκος Διάτρησης L2 | C54: 19.5 | D54: m | E54: Σχέδιο ΘΕΜ/6, Τομή Τοίχου Β | F54: ="8.5m ελεύθερο + 11.0m πάκτωση grout = " & TEXT(C54,"0.00") & "m (30°, 323 kN)"
A55: B.in.9 | B55: Αγκύρωση Σειρά 2 (στο -6.00m): Καλώδια (Strands) | C55: 2 | D55: καλώδια | E55: Σχέδιο ΘΕΜ/6, Τομή Τοίχου Β | F55: ="Αναγράφεται: " & C55 & " ΚΑΛΩΔΙΑ 15.2mm (Type 1670/1860)"
A56: B.in.10 | B56: Αγκύρωση Σειρά 3 (στο -9.50m): Μήκος Διάτρησης L3 | C56: 19.5 | D56: m | E56: Σχέδιο ΘΕΜ/6, Τομή Τοίχου Β | F56: ="8.5m ελεύθερο + 11.0m πάκτωση grout = " & TEXT(C56,"0.00") & "m (30°, 412 kN)"
A57: B.in.11 | B57: Αγκύρωση Σειρά 3 (στο -9.50m): Καλώδια (Strands) | C57: 3 | D57: καλώδια | E57: Σχέδιο ΘΕΜ/6, Τομή Τοίχου Β | F57: ="Αναγράφεται: " & C57 & " ΚΑΛΩΔΙΑ 15.2mm (Type 1670/1860)"
A58: B.in.12 | B58: Αγκύρωση Σειρά 4 (στο -12.50m): Μήκος Διάτρησης L4 | C58: 16 | D58: m | E58: Σχέδιο ΘΕΜ/6, Τομή Τοίχου Β | F58: ="4.0m ελεύθερο + 12.0m πάκτωση grout = " & TEXT(C58,"0.00") & "m (30°, 438 kN)"
A59: B.in.13 | B59: Αγκύρωση Σειρά 4 (στο -12.50m): Καλώδια (Strands) | C59: 3 | D59: καλώδια | E59: Σχέδιο ΘΕΜ/6, Τομή Τοίχου Β | F59: ="Αναγράφεται: " & C59 & " ΚΑΛΩΔΙΑ 15.2mm (Type 1670/1860)"
A61: TYPE C | B61: ="ΚΟΥΤΙ ΣΤΟΙΧΕΙΩΝ ΜΕΛΕΤΗΣ TYPE C — ΤΟΙΧΟΣ ΑΝΤΙΣΤΗΡΙΞΗΣ Γ (Εκσκαφή " & TEXT(C64,"0.00") & "m, " & C62 & "No Ζεύγη HEB 200, L=" & TEXT(C66,"0.00") & "m, Πάκτωση " & TEXT(C65,"0.00") & "m, 3 Σειρές Αγκυρώσεων)"
A62: C.in.1 | B62: Πλήθος Πασσάλων / Ζευγών HEB 200 (Type C) | C62: 15 | D62: No | E62: Σχέδιο ΘΕΜ/1 (Κάτοψη — Βέλη Αγκυρώσεων) | F62: ="=" & C62 & " πάσσαλοι / θέσεις αγκυρώσεων (Βορειοδυτικό τμήμα Τοίχου Γ)"
A63: C.in.2 | B63: ="Αναπτυγμένο Μήκος Μετώπου Type C (" & C62 & " × " & TEXT(C10,"0.00") & "m)" | C63: =C62*C10 | D63: τρ.μ. | E63: Σχέδιο ΘΕΜ/1 (Intervals) | F63: ="=" & C62 & " πάσσαλοι × " & TEXT(C10,"0.00") & "m = " & TEXT(C63,"0.00") & " τρ.μ."
A64: C.in.3 | B64: Ελεύθερο Ύψος Εκσκαφής Type C (H_exc_C) | C64: 11.1 | D64: m | E64: Σχέδιο ΘΕΜ/6, Τομή Τοίχου Γ | F64: ="Αναγραφόμενο ελεύθερο ύψος εκσκαφής " & (C64*1000) & " mm (" & TEXT(C64,"0.00") & " m)"
A65: C.in.4 | B65: Ύψος Πάκτωσης Σκυροδέματος Νέφκας Type C (H_embed_C) | C65: 1.5 | D65: m | E65: Σχέδιο ΘΕΜ/6, Τομή Τοίχου Γ | F65: ="Αναγραφόμενο ύψος πάκτωσης σκυροδέματος " & (C65*1000) & " mm (" & TEXT(C65,"0.00") & " m) στη βάση της νέφκας"
A66: C.in.5 | B66: Συνολικό Μήκος Νέφκας / Διάτρησης Type C (L_beam_C) | C66: 13 | D66: m | E66: Σχέδιο ΘΕΜ/6, Τομή Τοίχου Γ | F66: ="Αναγραφόμενο συνολικό μήκος νέφκας " & (C66*1000) & " mm (" & TEXT(C66,"0.00") & " m) — ελεύθερο " & TEXT(C64,"0.00") & "m, υπόγειο " & TEXT(C66-C64,"0.00") & "m, πάκτωση μπετόν " & TEXT(C65,"0.00") & "m"
A67: C.in.6 | B67: Αγκύρωση Σειρά 1 (στο -2.00m): Μήκος Διάτρησης L1 | C67: 19 | D67: m | E67: Σχέδιο ΘΕΜ/6, Τομή Τοίχου Γ | F67: ="9.0m ελεύθερο + 10.0m πάκτωση grout = " & TEXT(C67,"0.00") & "m (30°, 176 kN)"
A68: C.in.7 | B68: Αγκύρωση Σειρά 1 (στο -2.00m): Καλώδια (Strands) | C68: 3 | D68: καλώδια | E68: Σχέδιο ΘΕΜ/6, Τομή Τοίχου Γ | F68: ="Αναγράφεται: " & C68 & " ΚΑΛΩΔΙΑ 15.2mm (Type 1670/1860)"
A69: C.in.8 | B69: Αγκύρωση Σειρά 2 (στο -6.00m): Μήκος Διάτρησης L2 | C69: 17 | D69: m | E69: Σχέδιο ΘΕΜ/6, Τομή Τοίχου Γ | F69: ="7.0m ελεύθερο + 10.0m πάκτωση grout = " & TEXT(C69,"0.00") & "m (30°, 371 kN)"
A70: C.in.9 | B70: Αγκύρωση Σειρά 2 (στο -6.00m): Καλώδια (Strands) | C70: 3 | D70: καλώδια | E70: Σχέδιο ΘΕΜ/6, Τομή Τοίχου Γ | F70: ="Αναγράφεται: " & C70 & " ΚΑΛΩΔΙΑ 15.2mm (Type 1670/1860)"
A71: C.in.10 | B71: Αγκύρωση Σειρά 3 (στο -9.50m): Μήκος Διάτρησης L3 | C71: 16 | D71: m | E71: Σχέδιο ΘΕΜ/6, Τομή Τοίχου Γ | F71: ="6.0m ελεύθερο + 10.0m πάκτωση grout = " & TEXT(C71,"0.00") & "m (30°, 341.6 kN)"
A72: C.in.11 | B72: Αγκύρωση Σειρά 3 (στο -9.50m): Καλώδια (Strands) | C72: 3 | D72: καλώδια | E72: Σχέδιο ΘΕΜ/6, Τομή Τοίχου Γ | F72: ="Αναγράφεται: " & C72 & " ΚΑΛΩΔΙΑ 15.2mm (Type 1670/1860)"
A74: ΚΕΦΑΛΑΙΟ Β: ΥΠΟΛΟΓΙΣΜΟΙ ΦΥΣΙΚΩΝ ΠΟΣΟΤΗΤΩΝ ΑΝΑ ΤΥΠΟ ΤΟΙΧΟΥ (1-ΠΡΟΣ-1 ΑΝΤΙΣΤΟΙΧΙΑ ΜΕ ΤΑ ΚΟΥΤΙΑ ΤΟΥ ΦΥΛΛΟΥ 2)
A75: α/α | B75: ΠΕΡΙΓΡΑΦΗ ΥΠΟΛΟΓΙΣΜΟΥ ΠΟΣΟΤΗΤΑΣ | C75: ΠΟΣΟΤΗΤΑ | D75: ΜΟΝ. | E75: ΔΥΝΑΜΙΚΟΣ ΤΥΠΟΣ & ΕΠΕΞΗΓΗΣΗ | F75: ΤΕΧΝΙΚΗ ΣΗΜΕΙΩΣΗ / ΕΛΕΓΧΟΣ ΚΑΝΟΝΑ
A76: ΣΤΑΘ. | B76: Β.0 ΒΟΗΘΗΤΙΚΕΣ ΦΥΣΙΚΕΣ ΣΤΑΘΕΡΕΣ ΜΟΝΑΔΑΣ (Διατομή Οπής, Βάρος Σχάρας ανά m², Όγκος Grout ανά m, % Απώλεια Shotcrete)
A77: Σ.1 | B77: ="Διατομή / Όγκος Οπής Μεγάλου Τρυπανιού ανά Μέτρο (Ø" & (C11*1000) & "mm)" | C77: =PI()*((C11/2)^2) | D77: m³/m | E77: ="π × (" & TEXT(C11,"0.00") & "/2)² = " & TEXT(C77,"0.0000") & " m³/m" | F77: ="=" & TEXT(C77,"0.0000") & " m³/m για διάτρηση Ø" & (C11*1000) & "mm"
A78: Σ.2 | B78: ="Υπολογιστικό Βάρος Σχάρας #Y" & C21 & "/" & C22 & " ανά m² (Οριζ. + Κατακ.)" | C78: =ROUND(2*(1000/C22)*((PI()*((C21/1000)^2)/4)*7850), 3) | D78: kg/m² | E78: ="2 × (1000/" & C22 & ") × " & TEXT((PI()*((C21/1000)^2)/4)*7850,"0.000") & " kg/m = " & TEXT(C78,"0.000") & " kg/m²" | F78: ="=" & TEXT(C78,"0.000") & " kg/m² για #Y" & C21 & "/" & C22 & " (2 κατευθύνσεις)"
A79: Σ.3 | B79: ="Όγκος Grout Αγκύρωσης ανά Μέτρο Διάτρησης (Ø" & (C26*1000) & "mm × " & TEXT(C27,"0.00") & ")" | C79: =PI()*((C26/2)^2)*C27 | D79: m³/m | E79: ="π × (" & TEXT(C26,"0.00") & "/2)² × " & TEXT(C27,"0.00") & " = " & TEXT(C79,"0.000000") & " m³/m" | F79: ="=" & TEXT(C79,"0.000000") & " m³/m (συμπεριλαμβάνει +" & TEXT(C27-1,"0%") & " απώλεια)"
A80: Σ.4 | B80: ="Ποσοστό Απώλειας Shotcrete επί του Ονομαστικού Πάχους (+" & (C25*100) & "cm / " & (C24*100) & "cm)" | C80: =C25/C24 | D80: % | E80: ="Απώλεια " & TEXT(C25,"0.00") & "m / Ονομαστικό " & TEXT(C24,"0.00") & "m = " & TEXT(C80,"0.0%") | F80: ="+" & TEXT(C80,"0.0%") & " προσαύξηση λόγω αναπήδησης (+" & (C25*100) & "cm)"
A82: TYPE A | B82: ="BERLIN WALL TYPE A: " & C32 & "No Ζεύγη HEB220, L=" & TEXT(C36,"0.00") & "m για βάθος εκσκαφής " & TEXT(C34,"0.00") & "m και " & TEXT(C33,"0.00") & " τρ.μ." | C82: =C33 | D82: τρ.μ. | E82: ="Περίμετρος Type A = " & C32 & " × " & TEXT(C10,"0.00") & "m = " & TEXT(C33,"0.00") & " m" | F82: Όλες οι ποσότητες A.1–A.15 μεταφέρονται 1-προς-1 στο Κουτί TYPE A του Φύλλου 2
A83: A.1 | B83: ="ΤΡΥΠΗΜΑ Ø" & (C11*1000) & "mm = " & C32 & "No X " & TEXT(C36,"0.00") & "m" | C83: =C32*C36 | D83: m | E83: ="=" & C32 & " πάσσαλοι × " & TEXT(C36,"0.00") & "m = " & TEXT(C83,"#,##0.00") & " m" | F83: ="Διάτρηση Μεγάλου Τρυπανιού Ø" & (C11*1000) & "mm (Type A)"
A84: A.2 | B84: ="ΜΠΕΤΟΝ ΠΑΚΤΩΣΗΣ " & C23 & " = " & C32 & "No X " & TEXT(C35,"0.00") & "m X " & TEXT(C77,"0.000") & "m³/m" | C84: =ROUND(C32*C35*C77, 2) | D84: m³ | E84: ="=" & C32 & " × " & TEXT(C35,"0.00") & "m × " & TEXT(C77,"0.0000") & " = " & TEXT(C84,"#,##0.00") & " m³" | F84: ="Κουγκρί πάκτωσης σε ύψος H_embed = " & TEXT(C35,"0.00") & "m (" & (C35*1000) & "mm)"
A85: A.3 | B85: ="HEB220 - ΠΡΟΜΗΘΕΙΑ, ΕΠΕΞΕΡΓΑΣΙΑ & ΤΟΠΟΘΕΤΗΣΗ (" & C32 & "No x " & C12 & "No x " & TEXT(C36,"0.00") & "m x " & TEXT(C13,"0.0") & "kg/m)" | C85: =ROUND(C32*C12*C36*C13, 2) | D85: kg | E85: ="=" & C32 & " × " & C12 & " × " & TEXT(C36,"0.00") & "m × " & TEXT(C13,"0.0") & " = " & TEXT(C85,"#,##0.00") & " kg" | F85: Ξεχωριστό κουτάκι HEB 220 (Κανόνας 3.6)
A86: A.4 | B86: ="ΛΑΜΕΣ ΣΥΝΔΕΣΗΣ " & C16 & "x" & C17 & "x" & C18 & "mm = " & C32 & "No x (" & (C36/C15) & "No x " & TEXT(C19,"0.000") & "kg)" | C86: =ROUND(C32*(C36/C15)*C19, 2) | D86: kg | E86: ="=" & C32 & " × " & (C36/C15) & " λάμες/οπή (" & (C32*(C36/C15)) & " τεμ.) × " & TEXT(C19,"0.000") & " kg" | F86: ="Κανόνας 3.2: L_beam / s_plate = " & TEXT(C36,"0.0") & "m / " & TEXT(C15,"0.0") & "m = " & (C36/C15) & " λάμες/οπή (" & C16 & "x" & C17 & "x" & C18 & "mm)"
A87: A.5 | B87: ="ΓΩΝΙΕΣ ΣΤΗΡΙΞΗΣ L70x70x6mm = " & C32 & "No x " & TEXT(C34,"0.00") & "m x " & TEXT(C20,"0.00") & "kg/m x 2No" | C87: =ROUND(C32*2*C34*C20, 2) | D87: kg | E87: ="=" & C32 & " × 2 × " & TEXT(C34,"0.00") & "m (" & TEXT(C32*2*C34,"0.0") & "m) × " & TEXT(C20,"0.00") & " kg/m" | F87: ="2 γωνιές L 70x70x6 ανά πάσσαλο στο ύψος εκσκαφής " & TEXT(C34,"0.00") & "m"
A88: A.6 | B88: ="ΑΓΟΡΑ ΧΑΛΥΒΑ ΣΧΑΡΑΣ #Y" & C21 & "/" & C22 & " = " & TEXT(C89,"#,##0.00") & "m² x " & TEXT(C78,"0.000") & "kg/m²" | C88: =ROUND(C89*C78, 2) | D88: kg | E88: ="=" & TEXT(C89,"#,##0.00") & " m² × " & TEXT(C78,"0.000") & " kg/m² = " & TEXT(C88,"#,##0.00") & " kg" | F88: ="Χάλυβας σχάρας #Y" & C21 & "/" & C22 & " μετώπου Type A"
A89: A.7 | B89: ="ΤΟΠΟΘΕΤΗΣΗ ΣΧΑΡΑΣ ΜΕΤΩΠΟΥ = " & TEXT(C33,"0.00") & "m X " & TEXT(C34,"0.00") & "m" | C89: =ROUND(C33*C34, 2) | D89: m² | E89: ="=" & TEXT(C33,"0.00") & "m × " & TEXT(C34,"0.00") & "m = " & TEXT(C89,"#,##0.00") & " m²" | F89: Εμβαδόν μετώπου εκσκαφής Type A
A90: A.8 | B90: ="ΑΓΟΡΑ ΣΚΥΡΟΔΕΜΑΤΟΣ SHOTCRETE " & C23 & " = " & TEXT(C89,"#,##0.00") & "m² x " & TEXT(C24,"0.00") & "m" | C90: =ROUND(C89*C24, 2) | D90: m³ | E90: ="=" & TEXT(C89,"#,##0.00") & " m² × " & TEXT(C24,"0.00") & "m = " & TEXT(C90,"#,##0.00") & " m³" | F90: ="Ονομαστικός όγκος Shotcrete (πάχος " & (C24*100) & "cm)"
A91: A.9 | B91: ="ΤΟΠΟΘΕΤΗΣΗ / ΕΚΤΟΞΕΥΣΗ SHOTCRETE = " & TEXT(C89,"#,##0.00") & "m² x " & TEXT(C24,"0.00") & "m (με απώλεια +" & TEXT(C80,"0.0%") & ")" | C91: =C90 | D91: m³ | E91: ="Ονομαστικός όγκος " & TEXT(C90,"#,##0.00") & " m³ (η απώλεια +" & (C25*100) & "cm ενσωματώνεται στην τιμή μονάδας)" | F91: Εφαρμογή εκτοξευόμενου σκυροδέματος Type A
A92: A.10 | B92: ="ΔΙΑΤΡΗΣΗ ΑΓΚΥΡΩΣΕΩΝ Ø" & (C26*1000) & "mm (4 Σειρές: L1=" & C37 & "m, L2=" & C39 & "m, L3=" & C41 & "m, L4=" & C43 & "m)" | C92: =C32*(C37+C39+C41+C43) | D92: m | E92: ="=" & C32 & "No × (" & C37 & "+" & C39 & "+" & C41 & "+" & C43 & "m) = " & TEXT(C92,"#,##0.00") & " m" | F92: ="Συνολικά μέτρα διάτρησης " & C96 & " αγκυρώσεων Type A"
A93: A.11 | B93: ="GROUT ΤΣΙΜΕΝΤΕΝΕΜΑ ΑΓΚΥΡΩΣΕΩΝ (με απώλεια " & TEXT(C27,"0.00") & ") = " & TEXT(C92,"#,##0.00") & "m x " & TEXT(C79,"0.0000") & "m³/m" | C93: =ROUND(C92*C79, 2) | D93: m³ | E93: ="=" & TEXT(C92,"#,##0.00") & "m × " & TEXT(C79,"0.000000") & " m³/m = " & TEXT(C93,"#,##0.00") & " m³" | F93: Grout πλήρωσης οπών αγκυρώσεων Type A
A94: A.12 | B94: ="ΤΕΝΟΝΤΕΣ 0.6'' (" & C38 & " ΚΑΛΩΔΙΑ) — Σειρά 1 (L=" & C37 & "m) & Σειρά 2 (L=" & C39 & "m) (+" & TEXT(C28,"0.0") & "m)" | C94: =C32*(((C37+C28)*C38)+((C39+C28)*C40)) | D94: m | E94: ="=" & C32 & "No × ((" & C37 & "+" & C28 & ")×" & C38 & " + (" & C39 & "+" & C28 & ")×" & C40 & ") = " & TEXT(C94,"#,##0.00") & " m" | F94: ="=" & (C32*2) & " αγκυρώσεις 2-strands (Σειρές 1 & 2 Τοίχου Α)"
A95: A.13 | B95: ="ΤΕΝΟΝΤΕΣ 0.6'' (" & C42 & " ΚΑΛΩΔΙΑ) — Σειρά 3 (L=" & C41 & "m) & Σειρά 4 (L=" & C43 & "m) (+" & TEXT(C28,"0.0") & "m)" | C95: =C32*(((C41+C28)*C42)+((C43+C28)*C44)) | D95: m | E95: ="=" & C32 & "No × ((" & C41 & "+" & C28 & ")×" & C42 & " + (" & C43 & "+" & C28 & ")×" & C44 & ") = " & TEXT(C95,"#,##0.00") & " m" | F95: ="=" & (C32*2) & " αγκυρώσεις 3-strands (Σειρές 3 & 4 Τοίχου Α)"
A96: A.14 | B96: ="ΠΡΟΕΝΤΑΣΗ ΑΓΚΥΡΩΣΕΩΝ (STRESSING & LOCK-OFF) = 4 Σειρές X " & C32 & "No" | C96: =C32*4 | D96: No | E96: ="= 4 σειρές × " & C32 & " πάσσαλοι = " & C96 & " αγκυρώσεις (" & (C32*2) & "×2-strands + " & (C32*2) & "×3-strands)" | F96: ="Τάνυση & Lock-off " & C96 & " αγκυρώσεων Type A"
A97: A.15 | B97: ="ΚΕΦΑΛΕΣ ΑΓΚΥΡΩΣΗΣ (ANCHOR HEAD, WEDGES, PLATE) = 4 Σειρές X " & C32 & "No" | C97: =C96 | D97: No | E97: ="=" & C97 & " πλήρη σετ κεφαλών αγκύρωσης (Σειρές 1 έως 4)" | F97: ="Κεφαλές, σφήνες & πλάκες " & C97 & " αγκυρώσεων Type A"
A99: TYPE B | B99: ="BERLIN WALL TYPE B: " & C47 & "No Ζεύγη HEB200, L=" & TEXT(C51,"0.00") & "m για βάθος εκσκαφής " & TEXT(C49,"0.00") & "m και " & TEXT(C48,"0.00") & " τρ.μ." | C99: =C48 | D99: τρ.μ. | E99: ="Περίμετρος Type B = " & C47 & " × " & TEXT(C10,"0.00") & "m = " & TEXT(C48,"0.00") & " m" | F99: Όλες οι ποσότητες B.1–B.15 μεταφέρονται 1-προς-1 στο Κουτί TYPE B του Φύλλου 2
A100: B.1 | B100: ="ΤΡΥΠΗΜΑ Ø" & (C11*1000) & "mm = " & C47 & "No X " & TEXT(C51,"0.00") & "m" | C100: =C47*C51 | D100: m | E100: ="=" & C47 & " πάσσαλοι × " & TEXT(C51,"0.00") & "m = " & TEXT(C100,"#,##0.00") & " m" | F100: ="Διάτρηση Μεγάλου Τρυπανιού Ø" & (C11*1000) & "mm (Type B)"
A101: B.2 | B101: ="ΜΠΕΤΟΝ ΠΑΚΤΩΣΗΣ " & C23 & " = " & C47 & "No X " & TEXT(C50,"0.00") & "m X " & TEXT(C77,"0.000") & "m³/m" | C101: =ROUND(C47*C50*C77, 2) | D101: m³ | E101: ="=" & C47 & " × " & TEXT(C50,"0.00") & "m × " & TEXT(C77,"0.0000") & " = " & TEXT(C101,"#,##0.00") & " m³" | F101: ="Κουγκρί πάκτωσης σε ύψος H_embed = " & TEXT(C50,"0.00") & "m (" & (C50*1000) & "mm)"
A102: B.3 | B102: ="HEB200 - ΠΡΟΜΗΘΕΙΑ, ΕΠΕΞΕΡΓΑΣΙΑ & ΤΟΠΟΘΕΤΗΣΗ (" & C47 & "No x " & C12 & "No x " & TEXT(C51,"0.00") & "m x " & TEXT(C14,"0.0") & "kg/m)" | C102: =ROUND(C47*C12*C51*C14, 2) | D102: kg | E102: ="=" & C47 & " × " & C12 & " × " & TEXT(C51,"0.00") & "m × " & TEXT(C14,"0.0") & " = " & TEXT(C102,"#,##0.00") & " kg" | F102: Ξεχωριστό κουτάκι HEB 200 για Type B (Κανόνας 3.6)
A103: B.4 | B103: ="ΛΑΜΕΣ ΣΥΝΔΕΣΗΣ " & C16 & "x" & C17 & "x" & C18 & "mm = " & C47 & "No x (" & (C51/C15) & "No x " & TEXT(C19,"0.000") & "kg)" | C103: =ROUND(C47*(C51/C15)*C19, 2) | D103: kg | E103: ="=" & C47 & " × " & (C51/C15) & " λάμες/οπή (" & (C47*(C51/C15)) & " τεμ.) × " & TEXT(C19,"0.000") & " kg" | F103: ="Κανόνας 3.2: L_beam / s_plate = " & TEXT(C51,"0.0") & "m / " & TEXT(C15,"0.0") & "m = " & (C51/C15) & " λάμες/οπή (" & C16 & "x" & C17 & "x" & C18 & "mm)"
A104: B.5 | B104: ="ΓΩΝΙΕΣ ΣΤΗΡΙΞΗΣ L70x70x6mm = " & C47 & "No x " & TEXT(C49,"0.00") & "m x " & TEXT(C20,"0.00") & "kg/m x 2No" | C104: =ROUND(C47*2*C49*C20, 2) | D104: kg | E104: ="=" & C47 & " × 2 × " & TEXT(C49,"0.00") & "m (" & TEXT(C47*2*C49,"0.0") & "m) × " & TEXT(C20,"0.00") & " kg/m" | F104: ="2 γωνιές L 70x70x6 ανά πάσσαλο στο ύψος εκσκαφής " & TEXT(C49,"0.00") & "m"
A105: B.6 | B105: ="ΑΓΟΡΑ ΧΑΛΥΒΑ ΣΧΑΡΑΣ #Y" & C21 & "/" & C22 & " = " & TEXT(C106,"#,##0.00") & "m² x " & TEXT(C78,"0.000") & "kg/m²" | C105: =ROUND(C106*C78, 2) | D105: kg | E105: ="=" & TEXT(C106,"#,##0.00") & " m² × " & TEXT(C78,"0.000") & " kg/m² = " & TEXT(C105,"#,##0.00") & " kg" | F105: ="Χάλυβας σχάρας #Y" & C21 & "/" & C22 & " μετώπου Type B"
A106: B.7 | B106: ="ΤΟΠΟΘΕΤΗΣΗ ΣΧΑΡΑΣ ΜΕΤΩΠΟΥ = " & TEXT(C48,"0.00") & "m X " & TEXT(C49,"0.00") & "m" | C106: =ROUND(C48*C49, 2) | D106: m² | E106: ="=" & TEXT(C48,"0.00") & "m × " & TEXT(C49,"0.00") & "m = " & TEXT(C106,"#,##0.00") & " m²" | F106: Εμβαδόν μετώπου εκσκαφής Type B
A107: B.8 | B107: ="ΑΓΟΡΑ ΣΚΥΡΟΔΕΜΑΤΟΣ SHOTCRETE " & C23 & " = " & TEXT(C106,"#,##0.00") & "m² x " & TEXT(C24,"0.00") & "m" | C107: =ROUND(C106*C24, 2) | D107: m³ | E107: ="=" & TEXT(C106,"#,##0.00") & " m² × " & TEXT(C24,"0.00") & "m = " & TEXT(C107,"#,##0.00") & " m³" | F107: ="Ονομαστικός όγκος Shotcrete (πάχος " & (C24*100) & "cm)"
...

Sheet 2_Υπολογισμοί_&_Κοστολόγηση
A1: ΕΡΓΟ: BOLTON TOWER (BERLIN WALL & ΑΓΚΥΡΩΣΕΙΣ) — ΟΙΚΟΝΟΜΙΚΗ ΠΡΟΣΦΟΡΑ ΑΝΑ ΤΥΠΟ ΤΟΙΧΟΥ (TYPE A, TYPE B, TYPE C)
A2: ΔΟΜΗ ΠΙΝΑΚΩΝ ΑΝΑ ΤΥΠΟ BERLIN WALL (BOX LAYOUT) | [ΚΙΤΡΙΝΟ #FFF2CC] = Τιμές Μονάδας Εταιρείας | [ΠΟΡΤΟΚΑΛΙ #FFE699] = Κουγκρί Πάκτωσης 120€
A4: α/α | B4: ΠΕΡΙΓΡΑΦΗ ΕΡΓΑΣΙΩΝ | C4: ΠΟΣΟΤΗΤΑ | D4: ΜΟΝ. | E4: ΤΙΜΗ (€) | F4: ΣΥΝΟΛΟ (€) | G4: ΤΕΛΙΚΟ ΠΟΣΟ (€) | H4: ΠΗΓΗ ΠΟΣΟΤΗΤΑΣ / ΤΕΧΝΙΚΟΣ ΚΑΝΟΝΑΣ & ΣΗΜΕΙΩΣΕΙΣ
A5: TYPE A | B5: ="BERLIN WALL TYPE A: " & '1_Στοιχεία_Μελέτης_&_Ποσότητες'!C32 & "No Ζεύγη HEB220, L=" & TEXT('1_Στοιχεία_Μελέτης_&_Ποσότητες'!C36,"0.00") & "m για βάθος εκσκαφής " & TEXT('1_Στοιχεία_Μελέτης_&_Ποσότητες'!C34,"0.00") & "m και " & TEXT('1_Στοιχεία_Μελέτης_&_Ποσότητες'!C33,"0.00") & " τρ.μ." | C5: ='1_Στοιχεία_Μελέτης_&_Ποσότητες'!C33 | D5: τρ.μ. | E5: =ROUND(F5/C5, 2) | F5: =SUM(F6:F20) | G5: ΤΕΛ. ΣΥΝΟΛΑ | H5: ="Σύνολο Τοίχου Α (Πυλώνες 2, 3 & 4 — HEB 220, " & '1_Στοιχεία_Μελέτης_&_Ποσότητες'!C32 & " πάσσαλοι, " & '1_Στοιχεία_Μελέτης_&_Ποσότητες'!C96 & " αγκυρώσεις)"
A6: A.1 | B6: ='1_Στοιχεία_Μελέτης_&_Ποσότητες'!B83 | C6: ='1_Στοιχεία_Μελέτης_&_Ποσότητες'!C83 | D6: ='1_Στοιχεία_Μελέτης_&_Ποσότητες'!D83 | E6: 75 | F6: =ROUND(C6*E6, 2) | G6: =F5 | H6: ="Φύλλο 1 (A.1): " & '1_Στοιχεία_Μελέτης_&_Ποσότητες'!C32 & " πάσσαλοι × " & TEXT('1_Στοιχεία_Μελέτης_&_Ποσότητες'!C36,"0.00") & "m @ 75.00 €/m (Ø" & ('1_Στοιχεία_Μελέτης_&_Ποσότητες'!C11*1000) & "mm)"
A7: A.2 | B7: ='1_Στοιχεία_Μελέτης_&_Ποσότητες'!B84 | C7: ='1_Στοιχεία_Μελέτης_&_Ποσότητες'!C84 | D7: ='1_Στοιχεία_Μελέτης_&_Ποσότητες'!D84 | E7: 120 | F7: =ROUND(C7*E7, 2) | H7: ="Φύλλο 1 (A.2): Πάκτωση H=" & TEXT('1_Στοιχεία_Μελέτης_&_Ποσότητες'!C35,"0.00") & "m σε Ø" & ('1_Στοιχεία_Μελέτης_&_Ποσότητες'!C11*1000) & "mm @ 120.00 €/m³ [Πορτοκαλί #FFE699]"
A8: A.3 | B8: ='1_Στοιχεία_Μελέτης_&_Ποσότητες'!B85 | C8: ='1_Στοιχεία_Μελέτης_&_Ποσότητες'!C85 | D8: ='1_Στοιχεία_Μελέτης_&_Ποσότητες'!D85 | E8: 1.4 | F8: =ROUND(C8*E8, 2) | H8: ="Φύλλο 1 (A.3): " & '1_Στοιχεία_Μελέτης_&_Ποσότητες'!C12 & " No. HEB 220 (" & TEXT('1_Στοιχεία_Μελέτης_&_Ποσότητες'!C13*'1_Στοιχεία_Μελέτης_&_Ποσότητες'!C12,"0.0") & " kg/m) @ 1.40 €/kg (1.00€ αγορά + 0.40€ επεξεργασία)"
A9: A.4 | B9: ='1_Στοιχεία_Μελέτης_&_Ποσότητες'!B86 | C9: ='1_Στοιχεία_Μελέτης_&_Ποσότητες'!C86 | D9: ='1_Στοιχεία_Μελέτης_&_Ποσότητες'!D86 | E9: 1.6 | F9: =ROUND(C9*E9, 2) | H9: ="Φύλλο 1 (A.4): Λάμες " & '1_Στοιχεία_Μελέτης_&_Ποσότητες'!C16 & "x" & '1_Στοιχεία_Μελέτης_&_Ποσότητες'!C17 & "x" & '1_Στοιχεία_Μελέτης_&_Ποσότητες'!C18 & "mm (" & ('1_Στοιχεία_Μελέτης_&_Ποσότητες'!C36/'1_Στοιχεία_Μελέτης_&_Ποσότητες'!C15) & " λάμες/οπή = " & ('1_Στοιχεία_Μελέτης_&_Ποσότητες'!C32*('1_Στοιχεία_Μελέτης_&_Ποσότητες'!C36/'1_Στοιχεία_Μελέτης_&_Ποσότητες'!C15)) & " τεμ.) @ 1.60 €/kg"
A10: A.5 | B10: ='1_Στοιχεία_Μελέτης_&_Ποσότητες'!B87 | C10: ='1_Στοιχεία_Μελέτης_&_Ποσότητες'!C87 | D10: ='1_Στοιχεία_Μελέτης_&_Ποσότητες'!D87 | E10: 1.6 | F10: =ROUND(C10*E10, 2) | H10: ="Φύλλο 1 (A.5): 2 γωνιές L70x70x6 × " & TEXT('1_Στοιχεία_Μελέτης_&_Ποσότητες'!C34,"0.00") & "m (" & TEXT('1_Στοιχεία_Μελέτης_&_Ποσότητες'!C32*2*'1_Στοιχεία_Μελέτης_&_Ποσότητες'!C34,"0.0") & "m) @ 1.60 €/kg"
A11: A.6 | B11: ='1_Στοιχεία_Μελέτης_&_Ποσότητες'!B88 | C11: ='1_Στοιχεία_Μελέτης_&_Ποσότητες'!C88 | D11: ='1_Στοιχεία_Μελέτης_&_Ποσότητες'!D88 | E11: 2.5 | F11: =ROUND(C11*E11, 2) | H11: ="Φύλλο 1 (A.6): Σχάρα #Y" & '1_Στοιχεία_Μελέτης_&_Ποσότητες'!C21 & "/" & '1_Στοιχεία_Μελέτης_&_Ποσότητες'!C22 & " (" & TEXT('1_Στοιχεία_Μελέτης_&_Ποσότητες'!C78,"0.000") & " kg/m²) @ 2.50 €/kg αγορά"
A12: A.7 | B12: ='1_Στοιχεία_Μελέτης_&_Ποσότητες'!B89 | C12: ='1_Στοιχεία_Μελέτης_&_Ποσότητες'!C89 | D12: ='1_Στοιχεία_Μελέτης_&_Ποσότητες'!D89 | E12: 15 | F12: =ROUND(C12*E12, 2) | H12: ="Φύλλο 1 (A.7): Εργατικά τοποθέτησης σχάρας μετώπου (" & TEXT('1_Στοιχεία_Μελέτης_&_Ποσότητες'!C33,"0.0") & "m × " & TEXT('1_Στοιχεία_Μελέτης_&_Ποσότητες'!C34,"0.0") & "m) @ 15.00 €/m²"
A13: A.8 | B13: ='1_Στοιχεία_Μελέτης_&_Ποσότητες'!B90 | C13: ='1_Στοιχεία_Μελέτης_&_Ποσότητες'!C90 | D13: ='1_Στοιχεία_Μελέτης_&_Ποσότητες'!D90 | E13: 90 | F13: =ROUND(C13*E13, 2) | H13: ="Φύλλο 1 (A.8): Αγορά " & '1_Στοιχεία_Μελέτης_&_Ποσότητες'!C23 & " ονομαστικού πάχους " & ('1_Στοιχεία_Μελέτης_&_Ποσότητες'!C24*100) & "cm @ 90.00 €/m³"
A14: A.9 | B14: ='1_Στοιχεία_Μελέτης_&_Ποσότητες'!B91 | C14: ='1_Στοιχεία_Μελέτης_&_Ποσότητες'!C91 | D14: ='1_Στοιχεία_Μελέτης_&_Ποσότητες'!D91 | E14: =ROUND((200*(1+'1_Στοιχεία_Μελέτης_&_Ποσότητες'!C80))-90, 2) | F14: =ROUND(C14*E14, 2) | H14: ="Φύλλο 1 (A.9): Εκτόξευση/Αντλία = Βάση 200€ × (1+" & TEXT('1_Στοιχεία_Μελέτης_&_Ποσότητες'!C80,"0.0%") & " απώλεια) - 90€"
A15: A.10 | B15: ='1_Στοιχεία_Μελέτης_&_Ποσότητες'!B92 | C15: ='1_Στοιχεία_Μελέτης_&_Ποσότητες'!C92 | D15: ='1_Στοιχεία_Μελέτης_&_Ποσότητες'!D92 | E15: 30 | F15: =ROUND(C15*E15, 2) | H15: ="Φύλλο 1 (A.10): Διάτρηση " & '1_Στοιχεία_Μελέτης_&_Ποσότητες'!C96 & " αγκυρώσεων Ø" & ('1_Στοιχεία_Μελέτης_&_Ποσότητες'!C26*1000) & "mm (Σειρές 1-4: " & '1_Στοιχεία_Μελέτης_&_Ποσότητες'!C37 & "m, " & '1_Στοιχεία_Μελέτης_&_Ποσότητες'!C39 & "m, " & '1_Στοιχεία_Μελέτης_&_Ποσότητες'!C41 & "m, " & '1_Στοιχεία_Μελέτης_&_Ποσότητες'!C43 & "m) @ 30.00 €/m"
A16: A.11 | B16: ='1_Στοιχεία_Μελέτης_&_Ποσότητες'!B93 | C16: ='1_Στοιχεία_Μελέτης_&_Ποσότητες'!C93 | D16: ='1_Στοιχεία_Μελέτης_&_Ποσότητες'!D93 | E16: 500 | F16: =ROUND(C16*E16, 2) | H16: ="Φύλλο 1 (A.11): Grout Ø" & ('1_Στοιχεία_Μελέτης_&_Ποσότητες'!C26*1000) & "mm με απώλεια " & TEXT('1_Στοιχεία_Μελέτης_&_Ποσότητες'!C27,"0.00") & " (" & TEXT('1_Στοιχεία_Μελέτης_&_Ποσότητες'!C79,"0.000000") & " m³/m) @ 500.00 €/m³"
A17: A.12 | B17: ='1_Στοιχεία_Μελέτης_&_Ποσότητες'!B94 | C17: ='1_Στοιχεία_Μελέτης_&_Ποσότητες'!C94 | D17: ='1_Στοιχεία_Μελέτης_&_Ποσότητες'!D94 | E17: 2.28 | F17: =ROUND(C17*E17, 2) | H17: ="Φύλλο 1 (A.12): " & ('1_Στοιχεία_Μελέτης_&_Ποσότητες'!C32*2) & " αγκυρώσεις " & '1_Στοιχεία_Μελέτης_&_Ποσότητες'!C38 & "-strands (Σειρά 1 L=" & '1_Στοιχεία_Μελέτης_&_Ποσότητες'!C37 & "m & Σειρά 2 L=" & '1_Στοιχεία_Μελέτης_&_Ποσότητες'!C39 & "m, +" & TEXT('1_Στοιχεία_Μελέτης_&_Ποσότητες'!C28,"0.0") & "m) @ 2.28 €/m"
A18: A.13 | B18: ='1_Στοιχεία_Μελέτης_&_Ποσότητες'!B95 | C18: ='1_Στοιχεία_Μελέτης_&_Ποσότητες'!C95 | D18: ='1_Στοιχεία_Μελέτης_&_Ποσότητες'!D95 | E18: 2.28 | F18: =ROUND(C18*E18, 2) | H18: ="Φύλλο 1 (A.13): " & ('1_Στοιχεία_Μελέτης_&_Ποσότητες'!C32*2) & " αγκυρώσεις " & '1_Στοιχεία_Μελέτης_&_Ποσότητες'!C42 & "-strands (Σειρά 3 L=" & '1_Στοιχεία_Μελέτης_&_Ποσότητες'!C41 & "m & Σειρά 4 L=" & '1_Στοιχεία_Μελέτης_&_Ποσότητες'!C43 & "m, +" & TEXT('1_Στοιχεία_Μελέτης_&_Ποσότητες'!C28,"0.0") & "m) @ 2.28 €/m"
A19: A.14 | B19: ='1_Στοιχεία_Μελέτης_&_Ποσότητες'!B96 | C19: ='1_Στοιχεία_Μελέτης_&_Ποσότητες'!C96 | D19: ='1_Στοιχεία_Μελέτης_&_Ποσότητες'!D96 | E19: 18 | F19: =ROUND(C19*E19, 2) | H19: ="Φύλλο 1 (A.14): Προένταση (Stressing & Lock-off) " & '1_Στοιχεία_Μελέτης_&_Ποσότητες'!C96 & " αγκυρώσεων Type A @ 18.00 €/No"
A20: A.15 | B20: ='1_Στοιχεία_Μελέτης_&_Ποσότητες'!B97 | C20: ='1_Στοιχεία_Μελέτης_&_Ποσότητες'!C97 | D20: ='1_Στοιχεία_Μελέτης_&_Ποσότητες'!D97 | E20: 55 | F20: =ROUND(C20*E20, 2) | H20: ="Φύλλο 1 (A.15): Πλήρες σετ κεφαλής (Head, Wedges, Plate) " & '1_Στοιχεία_Μελέτης_&_Ποσότητες'!C97 & " αγκυρώσεων Type A @ 55.00 €/No"
A22: TYPE B | B22: ="BERLIN WALL TYPE B: " & '1_Στοιχεία_Μελέτης_&_Ποσότητες'!C47 & "No Ζεύγη HEB200, L=" & TEXT('1_Στοιχεία_Μελέτης_&_Ποσότητες'!C51,"0.00") & "m για βάθος εκσκαφής " & TEXT('1_Στοιχεία_Μελέτης_&_Ποσότητες'!C49,"0.00") & "m και " & TEXT('1_Στοιχεία_Μελέτης_&_Ποσότητες'!C48,"0.00") & " τρ.μ." | C22: ='1_Στοιχεία_Μελέτης_&_Ποσότητες'!C48 | D22: τρ.μ. | E22: =ROUND(F22/C22, 2) | F22: =SUM(F23:F37) | G22: ΤΕΛ. ΣΥΝΟΛΑ | H22: ="Σύνολο Τοίχου Β (Πυλώνες 2, 3 & 4 — HEB 200, " & '1_Στοιχεία_Μελέτης_&_Ποσότητες'!C47 & " πάσσαλοι, " & '1_Στοιχεία_Μελέτης_&_Ποσότητες'!C113 & " αγκυρώσεις)"
A23: B.1 | B23: ='1_Στοιχεία_Μελέτης_&_Ποσότητες'!B100 | C23: ='1_Στοιχεία_Μελέτης_&_Ποσότητες'!C100 | D23: ='1_Στοιχεία_Μελέτης_&_Ποσότητες'!D100 | E23: 75 | F23: =ROUND(C23*E23, 2) | G23: =F22 | H23: ="Φύλλο 1 (B.1): " & '1_Στοιχεία_Μελέτης_&_Ποσότητες'!C47 & " πάσσαλοι × " & TEXT('1_Στοιχεία_Μελέτης_&_Ποσότητες'!C51,"0.00") & "m @ 75.00 €/m (Ø" & ('1_Στοιχεία_Μελέτης_&_Ποσότητες'!C11*1000) & "mm)"
A24: B.2 | B24: ='1_Στοιχεία_Μελέτης_&_Ποσότητες'!B101 | C24: ='1_Στοιχεία_Μελέτης_&_Ποσότητες'!C101 | D24: ='1_Στοιχεία_Μελέτης_&_Ποσότητες'!D101 | E24: 120 | F24: =ROUND(C24*E24, 2) | H24: ="Φύλλο 1 (B.2): Πάκτωση H=" & TEXT('1_Στοιχεία_Μελέτης_&_Ποσότητες'!C50,"0.00") & "m σε Ø" & ('1_Στοιχεία_Μελέτης_&_Ποσότητες'!C11*1000) & "mm @ 120.00 €/m³ [Πορτοκαλί #FFE699]"
A25: B.3 | B25: ='1_Στοιχεία_Μελέτης_&_Ποσότητες'!B102 | C25: ='1_Στοιχεία_Μελέτης_&_Ποσότητες'!C102 | D25: ='1_Στοιχεία_Μελέτης_&_Ποσότητες'!D102 | E25: 1.4 | F25: =ROUND(C25*E25, 2) | H25: ="Φύλλο 1 (B.3): " & '1_Στοιχεία_Μελέτης_&_Ποσότητες'!C12 & " No. HEB 200 (" & TEXT('1_Στοιχεία_Μελέτης_&_Ποσότητες'!C14*'1_Στοιχεία_Μελέτης_&_Ποσότητες'!C12,"0.0") & " kg/m) @ 1.40 €/kg (1.00€ αγορά + 0.40€ επεξεργασία)"
A26: B.4 | B26: ='1_Στοιχεία_Μελέτης_&_Ποσότητες'!B103 | C26: ='1_Στοιχεία_Μελέτης_&_Ποσότητες'!C103 | D26: ='1_Στοιχεία_Μελέτης_&_Ποσότητες'!D103 | E26: 1.6 | F26: =ROUND(C26*E26, 2) | H26: ="Φύλλο 1 (B.4): Λάμες " & '1_Στοιχεία_Μελέτης_&_Ποσότητες'!C16 & "x" & '1_Στοιχεία_Μελέτης_&_Ποσότητες'!C17 & "x" & '1_Στοιχεία_Μελέτης_&_Ποσότητες'!C18 & "mm (" & ('1_Στοιχεία_Μελέτης_&_Ποσότητες'!C51/'1_Στοιχεία_Μελέτης_&_Ποσότητες'!C15) & " λάμες/οπή = " & ('1_Στοιχεία_Μελέτης_&_Ποσότητες'!C47*('1_Στοιχεία_Μελέτης_&_Ποσότητες'!C51/'1_Στοιχεία_Μελέτης_&_Ποσότητες'!C15)) & " τεμ.) @ 1.60 €/kg"
A27: B.5 | B27: ='1_Στοιχεία_Μελέτης_&_Ποσότητες'!B104 | C27: ='1_Στοιχεία_Μελέτης_&_Ποσότητες'!C104 | D27: ='1_Στοιχεία_Μελέτης_&_Ποσότητες'!D104 | E27: 1.6 | F27: =ROUND(C27*E27, 2) | H27: ="Φύλλο 1 (B.5): 2 γωνιές L70x70x6 × " & TEXT('1_Στοιχεία_Μελέτης_&_Ποσότητες'!C49,"0.00") & "m (" & TEXT('1_Στοιχεία_Μελέτης_&_Ποσότητες'!C47*2*'1_Στοιχεία_Μελέτης_&_Ποσότητες'!C49,"0.0") & "m) @ 1.60 €/kg"
A28: B.6 | B28: ='1_Στοιχεία_Μελέτης_&_Ποσότητες'!B105 | C28: ='1_Στοιχεία_Μελέτης_&_Ποσότητες'!C105 | D28: ='1_Στοιχεία_Μελέτης_&_Ποσότητες'!D105 | E28: 2.5 | F28: =ROUND(C28*E28, 2) | H28: ="Φύλλο 1 (B.6): Σχάρα #Y" & '1_Στοιχεία_Μελέτης_&_Ποσότητες'!C21 & "/" & '1_Στοιχεία_Μελέτης_&_Ποσότητες'!C22 & " (" & TEXT('1_Στοιχεία_Μελέτης_&_Ποσότητες'!C78,"0.000") & " kg/m²) @ 2.50 €/kg αγορά"
A29: B.7 | B29: ='1_Στοιχεία_Μελέτης_&_Ποσότητες'!B106 | C29: ='1_Στοιχεία_Μελέτης_&_Ποσότητες'!C106 | D29: ='1_Στοιχεία_Μελέτης_&_Ποσότητες'!D106 | E29: 15 | F29: =ROUND(C29*E29, 2) | H29: ="Φύλλο 1 (B.7): Εργατικά τοποθέτησης σχάρας μετώπου (" & TEXT('1_Στοιχεία_Μελέτης_&_Ποσότητες'!C48,"0.0") & "m × " & TEXT('1_Στοιχεία_Μελέτης_&_Ποσότητες'!C49,"0.0") & "m) @ 15.00 €/m²"
A30: B.8 | B30: ='1_Στοιχεία_Μελέτης_&_Ποσότητες'!B107 | C30: ='1_Στοιχεία_Μελέτης_&_Ποσότητες'!C107 | D30: ='1_Στοιχεία_Μελέτης_&_Ποσότητες'!D107 | E30: 90 | F30: =ROUND(C30*E30, 2) | H30: ="Φύλλο 1 (B.8): Αγορά " & '1_Στοιχεία_Μελέτης_&_Ποσότητες'!C23 & " ονομαστικού πάχους " & ('1_Στοιχεία_Μελέτης_&_Ποσότητες'!C24*100) & "cm @ 90.00 €/m³"
A31: B.9 | B31: ='1_Στοιχεία_Μελέτης_&_Ποσότητες'!B108 | C31: ='1_Στοιχεία_Μελέτης_&_Ποσότητες'!C108 | D31: ='1_Στοιχεία_Μελέτης_&_Ποσότητες'!D108 | E31: =ROUND((200*(1+'1_Στοιχεία_Μελέτης_&_Ποσότητες'!C80))-90, 2) | F31: =ROUND(C31*E31, 2) | H31: ="Φύλλο 1 (B.9): Εκτόξευση/Αντλία = Βάση 200€ × (1+" & TEXT('1_Στοιχεία_Μελέτης_&_Ποσότητες'!C80,"0.0%") & " απώλεια) - 90€"
A32: B.10 | B32: ='1_Στοιχεία_Μελέτης_&_Ποσότητες'!B109 | C32: ='1_Στοιχεία_Μελέτης_&_Ποσότητες'!C109 | D32: ='1_Στοιχεία_Μελέτης_&_Ποσότητες'!D109 | E32: 30 | F32: =ROUND(C32*E32, 2) | H32: ="Φύλλο 1 (B.10): Διάτρηση " & '1_Στοιχεία_Μελέτης_&_Ποσότητες'!C113 & " αγκυρώσεων Ø" & ('1_Στοιχεία_Μελέτης_&_Ποσότητες'!C26*1000) & "mm (Σειρές 1-4: " & '1_Στοιχεία_Μελέτης_&_Ποσότητες'!C52 & "m, " & '1_Στοιχεία_Μελέτης_&_Ποσότητες'!C54 & "m, " & '1_Στοιχεία_Μελέτης_&_Ποσότητες'!C56 & "m, " & '1_Στοιχεία_Μελέτης_&_Ποσότητες'!C58 & "m) @ 30.00 €/m"
A33: B.11 | B33: ='1_Στοιχεία_Μελέτης_&_Ποσότητες'!B110 | C33: ='1_Στοιχεία_Μελέτης_&_Ποσότητες'!C110 | D33: ='1_Στοιχεία_Μελέτης_&_Ποσότητες'!D110 | E33: 500 | F33: =ROUND(C33*E33, 2) | H33: ="Φύλλο 1 (B.11): Grout Ø" & ('1_Στοιχεία_Μελέτης_&_Ποσότητες'!C26*1000) & "mm με απώλεια " & TEXT('1_Στοιχεία_Μελέτης_&_Ποσότητες'!C27,"0.00") & " (" & TEXT('1_Στοιχεία_Μελέτης_&_Ποσότητες'!C79,"0.000000") & " m³/m) @ 500.00 €/m³"
A34: B.12 | B34: ='1_Στοιχεία_Μελέτης_&_Ποσότητες'!B111 | C34: ='1_Στοιχεία_Μελέτης_&_Ποσότητες'!C111 | D34: ='1_Στοιχεία_Μελέτης_&_Ποσότητες'!D111 | E34: 2.28 | F34: =ROUND(C34*E34, 2) | H34: ="Φύλλο 1 (B.12): " & ('1_Στοιχεία_Μελέτης_&_Ποσότητες'!C47*2) & " αγκυρώσεις " & '1_Στοιχεία_Μελέτης_&_Ποσότητες'!C53 & "-strands (Σειρά 1 L=" & '1_Στοιχεία_Μελέτης_&_Ποσότητες'!C52 & "m & Σειρά 2 L=" & '1_Στοιχεία_Μελέτης_&_Ποσότητες'!C54 & "m, +" & TEXT('1_Στοιχεία_Μελέτης_&_Ποσότητες'!C28,"0.0") & "m) @ 2.28 €/m"
A35: B.13 | B35: ='1_Στοιχεία_Μελέτης_&_Ποσότητες'!B112 | C35: ='1_Στοιχεία_Μελέτης_&_Ποσότητες'!C112 | D35: ='1_Στοιχεία_Μελέτης_&_Ποσότητες'!D112 | E35: 2.28 | F35: =ROUND(C35*E35, 2) | H35: ="Φύλλο 1 (B.13): " & ('1_Στοιχεία_Μελέτης_&_Ποσότητες'!C47*2) & " αγκυρώσεις " & '1_Στοιχεία_Μελέτης_&_Ποσότητες'!C57 & "-strands (Σειρά 3 L=" & '1_Στοιχεία_Μελέτης_&_Ποσότητες'!C56 & "m & Σειρά 4 L=" & '1_Στοιχεία_Μελέτης_&_Ποσότητες'!C58 & "m, +" & TEXT('1_Στοιχεία_Μελέτης_&_Ποσότητες'!C28,"0.0") & "m) @ 2.28 €/m"
A36: B.14 | B36: ='1_Στοιχεία_Μελέτης_&_Ποσότητες'!B113 | C36: ='1_Στοιχεία_Μελέτης_&_Ποσότητες'!C113 | D36: ='1_Στοιχεία_Μελέτης_&_Ποσότητες'!D113 | E36: 18 | F36: =ROUND(C36*E36, 2) | H36: ="Φύλλο 1 (B.14): Προένταση (Stressing & Lock-off) " & '1_Στοιχεία_Μελέτης_&_Ποσότητες'!C113 & " αγκυρώσεων Type B @ 18.00 €/No"
A37: B.15 | B37: ='1_Στοιχεία_Μελέτης_&_Ποσότητες'!B114 | C37: ='1_Στοιχεία_Μελέτης_&_Ποσότητες'!C114 | D37: ='1_Στοιχεία_Μελέτης_&_Ποσότητες'!D114 | E37: 55 | F37: =ROUND(C37*E37, 2) | H37: ="Φύλλο 1 (B.15): Πλήρες σετ κεφαλής (Head, Wedges, Plate) " & '1_Στοιχεία_Μελέτης_&_Ποσότητες'!C114 & " αγκυρώσεων Type B @ 55.00 €/No"
A39: TYPE C | B39: ="BERLIN WALL TYPE C: " & '1_Στοιχεία_Μελέτης_&_Ποσότητες'!C62 & "No Ζεύγη HEB200, L=" & TEXT('1_Στοιχεία_Μελέτης_&_Ποσότητες'!C66,"0.00") & "m για βάθος εκσκαφής " & TEXT('1_Στοιχεία_Μελέτης_&_Ποσότητες'!C64,"0.00") & "m και " & TEXT('1_Στοιχεία_Μελέτης_&_Ποσότητες'!C63,"0.00") & " τρ.μ." | C39: ='1_Στοιχεία_Μελέτης_&_Ποσότητες'!C63 | D39: τρ.μ. | E39: =ROUND(F39/C39, 2) | F39: =SUM(F40:F53) | G39: ΤΕΛ. ΣΥΝΟΛΑ | H39: ="Σύνολο Τοίχου Γ (Πυλώνες 2, 3 & 4 — HEB 200, " & '1_Στοιχεία_Μελέτης_&_Ποσότητες'!C62 & " πάσσαλοι, " & '1_Στοιχεία_Μελέτης_&_Ποσότητες'!C129 & " αγκυρώσεις)"
A40: C.1 | B40: ='1_Στοιχεία_Μελέτης_&_Ποσότητες'!B117 | C40: ='1_Στοιχεία_Μελέτης_&_Ποσότητες'!C117 | D40: ='1_Στοιχεία_Μελέτης_&_Ποσότητες'!D117 | E40: 75 | F40: =ROUND(C40*E40, 2) | G40: =F39 | H40: ="Φύλλο 1 (C.1): " & '1_Στοιχεία_Μελέτης_&_Ποσότητες'!C62 & " πάσσαλοι × " & TEXT('1_Στοιχεία_Μελέτης_&_Ποσότητες'!C66,"0.00") & "m @ 75.00 €/m (Ø" & ('1_Στοιχεία_Μελέτης_&_Ποσότητες'!C11*1000) & "mm)"
A41: C.2 | B41: ='1_Στοιχεία_Μελέτης_&_Ποσότητες'!B118 | C41: ='1_Στοιχεία_Μελέτης_&_Ποσότητες'!C118 | D41: ='1_Στοιχεία_Μελέτης_&_Ποσότητες'!D118 | E41: 120 | F41: =ROUND(C41*E41, 2) | H41: ="Φύλλο 1 (C.2): Πάκτωση H=" & TEXT('1_Στοιχεία_Μελέτης_&_Ποσότητες'!C65,"0.00") & "m σε Ø" & ('1_Στοιχεία_Μελέτης_&_Ποσότητες'!C11*1000) & "mm @ 120.00 €/m³ [Πορτοκαλί #FFE699]"
A42: C.3 | B42: ='1_Στοιχεία_Μελέτης_&_Ποσότητες'!B119 | C42: ='1_Στοιχεία_Μελέτης_&_Ποσότητες'!C119 | D42: ='1_Στοιχεία_Μελέτης_&_Ποσότητες'!D119 | E42: 1.4 | F42: =ROUND(C42*E42, 2) | H42: ="Φύλλο 1 (C.3): " & '1_Στοιχεία_Μελέτης_&_Ποσότητες'!C12 & " No. HEB 200 (" & TEXT('1_Στοιχεία_Μελέτης_&_Ποσότητες'!C14*'1_Στοιχεία_Μελέτης_&_Ποσότητες'!C12,"0.0") & " kg/m) @ 1.40 €/kg (1.00€ αγορά + 0.40€ επεξεργασία)"
A43: C.4 | B43: ='1_Στοιχεία_Μελέτης_&_Ποσότητες'!B120 | C43: ='1_Στοιχεία_Μελέτης_&_Ποσότητες'!C120 | D43: ='1_Στοιχεία_Μελέτης_&_Ποσότητες'!D120 | E43: 1.6 | F43: =ROUND(C43*E43, 2) | H43: ="Φύλλο 1 (C.4): Λάμες " & '1_Στοιχεία_Μελέτης_&_Ποσότητες'!C16 & "x" & '1_Στοιχεία_Μελέτης_&_Ποσότητες'!C17 & "x" & '1_Στοιχεία_Μελέτης_&_Ποσότητες'!C18 & "mm (" & ('1_Στοιχεία_Μελέτης_&_Ποσότητες'!C66/'1_Στοιχεία_Μελέτης_&_Ποσότητες'!C15) & " λάμες/οπή = " & ('1_Στοιχεία_Μελέτης_&_Ποσότητες'!C62*('1_Στοιχεία_Μελέτης_&_Ποσότητες'!C66/'1_Στοιχεία_Μελέτης_&_Ποσότητες'!C15)) & " τεμ.) @ 1.60 €/kg"
A44: C.5 | B44: ='1_Στοιχεία_Μελέτης_&_Ποσότητες'!B121 | C44: ='1_Στοιχεία_Μελέτης_&_Ποσότητες'!C121 | D44: ='1_Στοιχεία_Μελέτης_&_Ποσότητες'!D121 | E44: 1.6 | F44: =ROUND(C44*E44, 2) | H44: ="Φύλλο 1 (C.5): 2 γωνιές L70x70x6 × " & TEXT('1_Στοιχεία_Μελέτης_&_Ποσότητες'!C64,"0.00") & "m (" & TEXT('1_Στοιχεία_Μελέτης_&_Ποσότητες'!C62*2*'1_Στοιχεία_Μελέτης_&_Ποσότητες'!C64,"0.0") & "m) @ 1.60 €/kg"
A45: C.6 | B45: ='1_Στοιχεία_Μελέτης_&_Ποσότητες'!B122 | C45: ='1_Στοιχεία_Μελέτης_&_Ποσότητες'!C122 | D45: ='1_Στοιχεία_Μελέτης_&_Ποσότητες'!D122 | E45: 2.5 | F45: =ROUND(C45*E45, 2) | H45: ="Φύλλο 1 (C.6): Σχάρα #Y" & '1_Στοιχεία_Μελέτης_&_Ποσότητες'!C21 & "/" & '1_Στοιχεία_Μελέτης_&_Ποσότητες'!C22 & " (" & TEXT('1_Στοιχεία_Μελέτης_&_Ποσότητες'!C78,"0.000") & " kg/m²) @ 2.50 €/kg αγορά"
A46: C.7 | B46: ='1_Στοιχεία_Μελέτης_&_Ποσότητες'!B123 | C46: ='1_Στοιχεία_Μελέτης_&_Ποσότητες'!C123 | D46: ='1_Στοιχεία_Μελέτης_&_Ποσότητες'!D123 | E46: 15 | F46: =ROUND(C46*E46, 2) | H46: ="Φύλλο 1 (C.7): Εργατικά τοποθέτησης σχάρας μετώπου (" & TEXT('1_Στοιχεία_Μελέτης_&_Ποσότητες'!C63,"0.0") & "m × " & TEXT('1_Στοιχεία_Μελέτης_&_Ποσότητες'!C64,"0.0") & "m) @ 15.00 €/m²"
A47: C.8 | B47: ='1_Στοιχεία_Μελέτης_&_Ποσότητες'!B124 | C47: ='1_Στοιχεία_Μελέτης_&_Ποσότητες'!C124 | D47: ='1_Στοιχεία_Μελέτης_&_Ποσότητες'!D124 | E47: 90 | F47: =ROUND(C47*E47, 2) | H47: ="Φύλλο 1 (C.8): Αγορά " & '1_Στοιχεία_Μελέτης_&_Ποσότητες'!C23 & " ονομαστικού πάχους " & ('1_Στοιχεία_Μελέτης_&_Ποσότητες'!C24*100) & "cm @ 90.00 €/m³"
A48: C.9 | B48: ='1_Στοιχεία_Μελέτης_&_Ποσότητες'!B125 | C48: ='1_Στοιχεία_Μελέτης_&_Ποσότητες'!C125 | D48: ='1_Στοιχεία_Μελέτης_&_Ποσότητες'!D125 | E48: =ROUND((200*(1+'1_Στοιχεία_Μελέτης_&_Ποσότητες'!C80))-90, 2) | F48: =ROUND(C48*E48, 2) | H48: ="Φύλλο 1 (C.9): Εκτόξευση/Αντλία = Βάση 200€ × (1+" & TEXT('1_Στοιχεία_Μελέτης_&_Ποσότητες'!C80,"0.0%") & " απώλεια) - 90€"
A49: C.10 | B49: ='1_Στοιχεία_Μελέτης_&_Ποσότητες'!B126 | C49: ='1_Στοιχεία_Μελέτης_&_Ποσότητες'!C126 | D49: ='1_Στοιχεία_Μελέτης_&_Ποσότητες'!D126 | E49: 30 | F49: =ROUND(C49*E49, 2) | H49: ="Φύλλο 1 (C.10): Διάτρηση " & '1_Στοιχεία_Μελέτης_&_Ποσότητες'!C129 & " αγκυρώσεων Ø" & ('1_Στοιχεία_Μελέτης_&_Ποσότητες'!C26*1000) & "mm (Σειρές 1-3: " & '1_Στοιχεία_Μελέτης_&_Ποσότητες'!C67 & "m, " & '1_Στοιχεία_Μελέτης_&_Ποσότητες'!C69 & "m, " & '1_Στοιχεία_Μελέτης_&_Ποσότητες'!C71 & "m) @ 30.00 €/m"
A50: C.11 | B50: ='1_Στοιχεία_Μελέτης_&_Ποσότητες'!B127 | C50: ='1_Στοιχεία_Μελέτης_&_Ποσότητες'!C127 | D50: ='1_Στοιχεία_Μελέτης_&_Ποσότητες'!D127 | E50: 500 | F50: =ROUND(C50*E50, 2) | H50: ="Φύλλο 1 (C.11): Grout Ø" & ('1_Στοιχεία_Μελέτης_&_Ποσότητες'!C26*1000) & "mm με απώλεια " & TEXT('1_Στοιχεία_Μελέτης_&_Ποσότητες'!C27,"0.00") & " (" & TEXT('1_Στοιχεία_Μελέτης_&_Ποσότητες'!C79,"0.000000") & " m³/m) @ 500.00 €/m³"
A51: C.12 | B51: ='1_Στοιχεία_Μελέτης_&_Ποσότητες'!B128 | C51: ='1_Στοιχεία_Μελέτης_&_Ποσότητες'!C128 | D51: ='1_Στοιχεία_Μελέτης_&_Ποσότητες'!D128 | E51: 2.28 | F51: =ROUND(C51*E51, 2) | H51: ="Φύλλο 1 (C.12): " & '1_Στοιχεία_Μελέτης_&_Ποσότητες'!C129 & " αγκυρώσεις " & '1_Στοιχεία_Μελέτης_&_Ποσότητες'!C68 & "-strands (Σειρές 1-3: L=" & '1_Στοιχεία_Μελέτης_&_Ποσότητες'!C67 & "m, " & '1_Στοιχεία_Μελέτης_&_Ποσότητες'!C69 & "m, " & '1_Στοιχεία_Μελέτης_&_Ποσότητες'!C71 & "m, +" & TEXT('1_Στοιχεία_Μελέτης_&_Ποσότητες'!C28,"0.0") & "m) @ 2.28 €/m"
A52: C.13 | B52: ='1_Στοιχεία_Μελέτης_&_Ποσότητες'!B129 | C52: ='1_Στοιχεία_Μελέτης_&_Ποσότητες'!C129 | D52: ='1_Στοιχεία_Μελέτης_&_Ποσότητες'!D129 | E52: 18 | F52: =ROUND(C52*E52, 2) | H52: ="Φύλλο 1 (C.13): Προένταση (Stressing & Lock-off) " & '1_Στοιχεία_Μελέτης_&_Ποσότητες'!C129 & " αγκυρώσεων Type C @ 18.00 €/No"
A53: C.14 | B53: ='1_Στοιχεία_Μελέτης_&_Ποσότητες'!B130 | C53: ='1_Στοιχεία_Μελέτης_&_Ποσότητες'!C130 | D53: ='1_Στοιχεία_Μελέτης_&_Ποσότητες'!D130 | E53: 55 | F53: =ROUND(C53*E53, 2) | H53: ="Φύλλο 1 (C.14): Πλήρες σετ κεφαλής (Head, Wedges, Plate) " & '1_Στοιχεία_Μελέτης_&_Ποσότητες'!C130 & " αγκυρώσεων Type C @ 55.00 €/No"
A55: ΠΥΛ. 1 | B55: ="ΜΕΤΑΚΙΝΗΣΕΙΣ ΜΗΧΑΝΗΜΑΤΩΝ & ΣΥΝΕΡΓΕΙΩΝ ΕΡΓΟΥ (MOBILIZATION — 3 ΕΙΔΗ)" | C55: ='1_Στοιχεία_Μελέτης_&_Ποσότητες'!C137 | D55: τρ.μ. | E55: =ROUND(F55/C55, 2) | F55: =SUM(F56:F58) | G55: ΤΕΛ. ΣΥΝΟΛΑ | H55: Σύνολο Πυλώνα 1 (Μετακινήσεις Μεγάλου Τρυπανιού, Αγκυρώσεων & Shotcrete)
A56: M.1 | B56: ='1_Στοιχεία_Μελέτης_&_Ποσότητες'!B133 | C56: ='1_Στοιχεία_Μελέτης_&_Ποσότητες'!C133 | D56: ='1_Στοιχεία_Μελέτης_&_Ποσότητες'!D133 | E56: 1500 | F56: =ROUND(C56*E56, 2) | G56: =F55 | H56: ="Βάση Λεμεσός (" & '1_Στοιχεία_Μελέτης_&_Ποσότητες'!C8 & " km από έδρα Αγίου Συλά: 1,500.00 € βασική τιμή)"
A57: M.2 | B57: ='1_Στοιχεία_Μελέτης_&_Ποσότητες'!B134 | C57: ='1_Στοιχεία_Μελέτης_&_Ποσότητες'!C134 | D57: ='1_Στοιχεία_Μελέτης_&_Ποσότητες'!D134 | E57: 300 | F57: =ROUND(C57*E57, 2) | H57: ="=" & '1_Στοιχεία_Μελέτης_&_Ποσότητες'!C134 & " στράτες εξοπλισμού αγκυρώσεων (όσες οι σειρές αγκυρώσεων = " & '1_Στοιχεία_Μελέτης_&_Ποσότητες'!C9 & ") @ 300.00 €"
A58: M.3 | B58: ='1_Στοιχεία_Μελέτης_&_Ποσότητες'!B135 | C58: ='1_Στοιχεία_Μελέτης_&_Ποσότητες'!C135 | D58: ='1_Στοιχεία_Μελέτης_&_Ποσότητες'!D135 | E58: 200 | F58: =ROUND(C58*E58, 2) | H58: ="=" & '1_Στοιχεία_Μελέτης_&_Ποσότητες'!C135 & " στράτες συνεργείου & αντλίας shotcrete (σειρές + 1 = " & ('1_Στοιχεία_Μελέτης_&_Ποσότητες'!C9+1) & ") @ 200.00 €"
A60: ΣΥΓΚΕΝΤΡΩΤΙΚΟΣ ΠΙΝΑΚΑΣ ΕΡΓΟΥ (ΑΝΑ ΤΥΠΟ BERLIN WALL & ΑΝΑ ΠΥΛΩΝΑ) — ΤΕΛΙΚΟ ΣΥΝΟΛΟ & KPIs
A61: TYPE A | B61: ="ΣΥΝΟΛΟ BERLIN WALL TYPE A (" & '1_Στοιχεία_Μελέτης_&_Ποσότητες'!C32 & "No HEB 220, L=" & TEXT('1_Στοιχεία_Μελέτης_&_Ποσότητες'!C36,"0.0") & "m, H=" & TEXT('1_Στοιχεία_Μελέτης_&_Ποσότητες'!C34,"0.0") & "m, " & TEXT('1_Στοιχεία_Μελέτης_&_Ποσότητες'!C33,"0.00") & " τρ.μ.)" | C61: =C5 | D61: τρ.μ. | E61: =E5 | F61: =F5 | G61: =F61 | H61: ="Περιλαμβάνει H-Beams, Σχάρα/Shotcrete & " & '1_Στοιχεία_Μελέτης_&_Ποσότητες'!C96 & " Αγκυρώσεις Τοίχου Α"
A62: TYPE B | B62: ="ΣΥΝΟΛΟ BERLIN WALL TYPE B (" & '1_Στοιχεία_Μελέτης_&_Ποσότητες'!C47 & "No HEB 200, L=" & TEXT('1_Στοιχεία_Μελέτης_&_Ποσότητες'!C51,"0.0") & "m, H=" & TEXT('1_Στοιχεία_Μελέτης_&_Ποσότητες'!C49,"0.0") & "m, " & TEXT('1_Στοιχεία_Μελέτης_&_Ποσότητες'!C48,"0.00") & " τρ.μ.)" | C62: =C22 | D62: τρ.μ. | E62: =E22 | F62: =F22 | G62: =F62 | H62: ="Περιλαμβάνει H-Beams, Σχάρα/Shotcrete & " & '1_Στοιχεία_Μελέτης_&_Ποσότητες'!C113 & " Αγκυρώσεις Τοίχου Β"
A63: TYPE C | B63: ="ΣΥΝΟΛΟ BERLIN WALL TYPE C (" & '1_Στοιχεία_Μελέτης_&_Ποσότητες'!C62 & "No HEB 200, L=" & TEXT('1_Στοιχεία_Μελέτης_&_Ποσότητες'!C66,"0.0") & "m, H=" & TEXT('1_Στοιχεία_Μελέτης_&_Ποσότητες'!C64,"0.0") & "m, " & TEXT('1_Στοιχεία_Μελέτης_&_Ποσότητες'!C63,"0.00") & " τρ.μ.)" | C63: =C39 | D63: τρ.μ. | E63: =E39 | F63: =F39 | G63: =F63 | H63: ="Περιλαμβάνει H-Beams, Σχάρα/Shotcrete & " & '1_Στοιχεία_Μελέτης_&_Ποσότητες'!C129 & " Αγκυρώσεις Τοίχου Γ"
A64: ΠΥΛ. 1 | B64: ΣΥΝΟΛΟ ΜΕΤΑΚΙΝΗΣΕΩΝ ΕΡΓΟΥ (Μεγάλο Τρυπάνι + Αγκυρώσεις + Shotcrete) | C64: ='1_Στοιχεία_Μελέτης_&_Ποσότητες'!C133+'1_Στοιχεία_Μελέτης_&_Ποσότητες'!C134+'1_Στοιχεία_Μελέτης_&_Ποσότητες'!C135 | D64: στράτες | E64: - | F64: =F55 | G64: =F64 | H64: ="Πάγιες μετακινήσεις εργοταξίου Λεμεσού (" & '1_Στοιχεία_Μελέτης_&_Ποσότητες'!C133 & " + " & '1_Στοιχεία_Μελέτης_&_Ποσότητες'!C134 & " + " & '1_Στοιχεία_Μελέτης_&_Ποσότητες'!C135 & " = " & ('1_Στοιχεία_Μελέτης_&_Ποσότητες'!C133+'1_Στοιχεία_Μελέτης_&_Ποσότητες'!C134+'1_Στοιχεία_Μελέτης_&_Ποσότητες'!C135) & " στράτες)"
A65: ΠΥΛ. 2 | B65: ="Cross-Check Πυλώνα 2: Σύνολο Σχαρών (#Y" & '1_Στοιχεία_Μελέτης_&_Ποσότητες'!C21 & "/" & '1_Στοιχεία_Μελέτης_&_Ποσότητες'!C22 & ") & Shotcrete " & '1_Στοιχεία_Μελέτης_&_Ποσότητες'!C23 & " (Type A+B+C)" | C65: ='1_Στοιχεία_Μελέτης_&_Ποσότητες'!C138 | D65: m² | E65: =ROUND(G65/C65, 2) | F65: =SUM(F11:F14)+SUM(F28:F31)+SUM(F45:F48) | G65: =F65 | H65: Άθροισμα A.6–A.9 + B.6–B.9 + C.6–C.9
A66: ΠΥΛ. 3 | B66: Cross-Check Πυλώνα 3: Σύνολο H-Beams / Νεφκών HEB 220 & HEB 200 (Type A+B+C) | C66: ='1_Στοιχεία_Μελέτης_&_Ποσότητες'!C136 | D66: πάσσαλοι | E66: =ROUND(G66/C66, 2) | F66: =SUM(F6:F10)+SUM(F23:F27)+SUM(F40:F44) | G66: =F66 | H66: Άθροισμα A.1–A.5 + B.1–B.5 + C.1–C.5
A67: ΠΥΛ. 4 | B67: ="Cross-Check Πυλώνα 4: Σύνολο Αγκυρώσεων Tieback (Type A+B+C — " & '1_Στοιχεία_Μελέτης_&_Ποσότητες'!C147 & " τεμ.)" | C67: ='1_Στοιχεία_Μελέτης_&_Ποσότητες'!C147 | D67: αγκυρώσεις | E67: =ROUND(G67/C67, 2) | F67: =SUM(F15:F20)+SUM(F32:F37)+SUM(F49:F53) | G67: =F67 | H67: Άθροισμα A.10–A.15 + B.10–B.15 + C.10–C.14
A68: ΤΕΛΙΚΟ | B68: ΤΕΛΙΚΟ ΣΥΝΟΛΟ ΠΡΟΣΦΟΡΑΣ BERLIN WALL (TYPE A + TYPE B + TYPE C + ΜΕΤΑΚΙΝΗΣΕΙΣ) | C68: ='1_Στοιχεία_Μελέτης_&_Ποσότητες'!C137 | D68: τρ.μ. | E68: =ROUND(G68/C68, 2) | F68: =SUM(F61:F64) | G68: =F68 | H68: ="Ισούται ακριβώς με το άθροισμα των 4 Πυλώνων (" & TEXT(SUM(F64:F67),"#,##0.00") & " €)"
A70: ΒΑΣΙΚΟΙ ΔΕΙΚΤΕΣ ΚΟΣΤΟΥΣ & VALUE ENGINEERING (KPIs)
A71: KPI 1 | B71: Συνολικό Κόστος ανά m² Μετώπου Εκσκαφής | C71: ='1_Στοιχεία_Μελέτης_&_Ποσότητες'!C138 | D71: € / m² | G71: =ROUND(G68/'1_Στοιχεία_Μελέτης_&_Ποσότητες'!C138, 2) | H71: ="Τελικό Σύνολο / " & TEXT('1_Στοιχεία_Μελέτης_&_Ποσότητες'!C138,"#,##0.00") & " m²"
A72: KPI 2 | B72: Συνολικό Κόστος ανά Τρέχον Μέτρο Περιμέτρου | C72: ='1_Στοιχεία_Μελέτης_&_Ποσότητες'!C137 | D72: € / τρ.μ. | G72: =ROUND(G68/'1_Στοιχεία_Μελέτης_&_Ποσότητες'!C137, 2) | H72: ="Τελικό Σύνολο / " & TEXT('1_Στοιχεία_Μελέτης_&_Ποσότητες'!C137,"#,##0.00") & " τρ.μ."
A73: KPI 3 | B73: Συνολικό Κόστος ανά Πάσσαλο / Οπή Berlin Wall | C73: ='1_Στοιχεία_Μελέτης_&_Ποσότητες'!C136 | D73: € / πάσσαλο | G73: =ROUND(G68/'1_Στοιχεία_Μελέτης_&_Ποσότητες'!C136, 2) | H73: ="Τελικό Σύνολο / " & '1_Στοιχεία_Μελέτης_&_Ποσότητες'!C136 & " πασσάλους"
A74: KPI 4 | B74: ="Μέσο Κόστος ανά Πλήρη Αγκύρωση (Πυλώνας 4 / " & '1_Στοιχεία_Μελέτης_&_Ποσότητες'!C147 & " τεμ.)" | C74: ='1_Στοιχεία_Μελέτης_&_Ποσότητες'!C147 | D74: € / αγκύρωση | G74: =ROUND(G67/'1_Στοιχεία_Μελέτης_&_Ποσότητες'!C147, 2) | H74: ="Σύνολο Πυλώνα 4 / " & '1_Στοιχεία_Μελέτης_&_Ποσότητες'!C147 & " αγκυρώσεις"

Sheet 3_Πίνακες_Διατομών_Χάλυβα
A1: ΒΙΒΛΙΟΘΗΚΗ ΔΙΑΤΟΜΩΝ ΧΑΛΥΒΑ (EUROPEAN STRUCTURAL STEEL PROFILES)
A2: Τεχνικά χαρακτηριστικά & βάρη ανά μέτρο για διατομές HEA, HEB, UPN & Γωνιών (L)
A4: 1. ΔΙΑΤΟΜΕΣ HEA (Ευρωπαϊκά Πλατύπελμα Ελαφρού Τύπου)
A5: Ονομασία Διατομής | B5: Ύψος h (mm) | C5: Πλάτος b (mm) | D5: Πάχος tw (mm) | E5: Πάχος tf (mm) | F5: Διατομή A (cm²) | G5: Βάρος (kg / m)
A6: HEA 140 | B6: 133 | C6: 140 | D6: 5.5 | E6: 8.5 | F6: 31.4 | G6: 24.7
A7: HEA 160 | B7: 152 | C7: 160 | D7: 6 | E7: 9 | F7: 38.8 | G7: 30.4
A8: HEA 180 | B8: 171 | C8: 180 | D8: 6 | E8: 9.5 | F8: 45.3 | G8: 35.5
A9: HEA 200 | B9: 190 | C9: 200 | D9: 6.5 | E9: 10 | F9: 53.8 | G9: 42.3
A10: HEA 220 | B10: 210 | C10: 220 | D10: 7 | E10: 11 | F10: 64.3 | G10: 50.5
A11: HEA 240 | B11: 230 | C11: 240 | D11: 7.5 | E11: 12 | F11: 76.8 | G11: 60.3
A12: HEA 260 | B12: 250 | C12: 260 | D12: 7.5 | E12: 12.5 | F12: 86.8 | G12: 68.2
A13: HEA 280 | B13: 270 | C13: 280 | D13: 8 | E13: 13 | F13: 97.3 | G13: 76.4
A14: HEA 300 | B14: 290 | C14: 300 | D14: 8.5 | E14: 14 | F14: 112.5 | G14: 88.3
A16: 2. ΔΙΑΤΟΜΕΣ HEB (Ευρωπαϊκά Πλατύπελμα Κανονικού Τύπου)
A17: Ονομασία Διατομής | B17: Ύψος h (mm) | C17: Πλάτος b (mm) | D17: Πάχος tw (mm) | E17: Πάχος tf (mm) | F17: Διατομή A (cm²) | G17: Βάρος (kg / m)
A18: HEB 140 | B18: 140 | C18: 140 | D18: 7 | E18: 12 | F18: 43 | G18: 33.7
A19: HEB 160 | B19: 160 | C19: 160 | D19: 8 | E19: 13 | F19: 54.3 | G19: 42.6
A20: HEB 180 | B20: 180 | C20: 180 | D20: 8.5 | E20: 14 | F20: 65.3 | G20: 51.2
A21: HEB 200 | B21: 200 | C21: 200 | D21: 9 | E21: 15 | F21: 78.1 | G21: 61.3
A22: HEB 220 | B22: 220 | C22: 220 | D22: 9.5 | E22: 16 | F22: 91 | G22: 71.5
A23: HEB 240 | B23: 240 | C23: 240 | D23: 10 | E23: 17 | F23: 106 | G23: 83.2
A24: HEB 260 | B24: 260 | C24: 260 | D24: 10 | E24: 17.5 | F24: 118.4 | G24: 93
A25: HEB 280 | B25: 280 | C25: 280 | D25: 10.5 | E25: 18 | F25: 131.4 | G25: 103
A26: HEB 300 | B26: 300 | C26: 300 | D26: 11 | E26: 19 | F26: 149.1 | G26: 117
A28: 3. ΔΙΑΤΟΜΕΣ UPN (Ευρωπαϊκά Κοίλα Προφίλ U)
A29: Ονομασία Διατομής | B29: Ύψος h (mm) | C29: Πλάτος b (mm) | D29: Πάχος tw (mm) | E29: Πάχος tf (mm) | F29: Διατομή A (cm²) | G29: Βάρος (kg / m)
A30: UPN 140 | B30: 140 | C30: 60 | D30: 7 | E30: 10 | F30: 20.4 | G30: 16
A31: UPN 160 | B31: 160 | C31: 65 | D31: 7.5 | E31: 10.5 | F31: 24 | G31: 18.8
A32: UPN 180 | B32: 180 | C32: 70 | D32: 8 | E32: 11 | F32: 28 | G32: 22
A33: UPN 200 | B33: 200 | C33: 75 | D33: 8.5 | E33: 11.5 | F33: 32.2 | G33: 25.3
A34: UPN 220 | B34: 220 | C34: 80 | D34: 9 | E34: 12.5 | F34: 37.4 | G34: 29.4
A35: UPN 240 | B35: 240 | C35: 85 | D35: 9.5 | E35: 13 | F35: 42.3 | G35: 33.2
A36: UPN 260 | B36: 260 | C36: 90 | D36: 10 | E36: 14 | F36: 48.3 | G36: 37.9
A37: UPN 280 | B37: 280 | C37: 95 | D37: 10 | E37: 15 | F37: 53.3 | G37: 41.8
A38: UPN 300 | B38: 300 | C38: 100 | D38: 10 | E38: 16 | F38: 58.8 | G38: 46.2
A40: 4. ΙΣΟΣΚΕΛΕΙΣ ΓΩΝΙΕΣ (Equal Angles L)
A41: Ονομασία Διατομής | B41: Ύψος h (mm) | C41: Πλάτος b (mm) | D41: Πάχος tw (mm) | E41: Πάχος tf (mm) | F41: Διατομή A (cm²) | G41: Βάρος (kg / m)
A42: L 50x50x5 | B42: 50 | C42: 50 | D42: 5 | E42: 5 | F42: 4.8 | G42: 3.77
A43: L 60x60x6 | B43: 60 | C43: 60 | D43: 6 | E43: 6 | F43: 6.91 | G43: 5.42
A44: L 70x70x6 | B44: 70 | C44: 70 | D44: 6 | E44: 6 | F44: 8.13 | G44: 6.38
A45: L 70x70x7 | B45: 70 | C45: 70 | D45: 7 | E45: 7 | F45: 9.4 | G45: 7.38
A46: L 80x80x8 | B46: 80 | C46: 80 | D46: 8 | E46: 8 | F46: 12.3 | G46: 9.63
A47: L 90x90x9 | B47: 90 | C47: 90 | D47: 9 | E47: 9 | F47: 15.5 | G47: 12.2
A48: L 100x100x10 | B48: 100 | C48: 100 | D48: 10 | E48: 10 | F48: 19.2 | G48: 15
