Workbook

Sheet 1_Τιμές_Εταιρείας
A1: ΚΕΝΤΡΙΚΟΣ ΤΙΜΟΚΑΤΑΛΟΓΟΣ ΕΤΑΙΡΕΙΑΣ — ΕΔΡΑ: ΑΓΙΟΣ ΣΥΛΑΣ, ΛΕΜΕΣΟΣ
A2: ΚΙΤΡΙΝΟ = Τιμές μονάδας που αλλάζουν με την αγορά | ΛΕΥΚΟ = Φυσικές σταθερές & τύποι (δεν αγγίζονται)
A4: Α/Α | B4: Πυλώνας Κόστους | C4: Είδος Υλικού / Εργασίας | D4: Τιμή Μονάδας (€) [ΚΙΤΡΙΝΟ = ΑΛΛΑΖΕΙ] | E4: Μονάδα | F4: Κανόνας & Χρήση στην Κοστολόγηση
A5: 1 | B5: 1. Μετακινήσεις | C5: Στράτα Shotcrete — Βασική τιμή (Ζώνη 1: 0–50 km) | D5: 200 | E5: €/στράτα | F5: Βάση: Άγιος Συλάς. Στράτες shotcrete = σειρές ήλων + 1
A6: 2 | B6: 1. Μετακινήσεις | C6: Στράτα Εδαφοηλώσεων — Βασική τιμή (Ζώνη 1: 0–50 km) | D6: 300 | E6: €/στράτα | F6: Βάση: Άγιος Συλάς. Στράτες εδαφοηλώσεων = σειρές ήλων
A7: 3 | B7: 1. Μετακινήσεις | C7: Επιβάρυνση ανά επιπλέον 50 km (έξω από τα 50 km) | D7: 50 | E7: €/στράτα | F7: Υπολογίζεται αυτόματα: +50 € ανά ζώνη 50km πάνω από τη βασική
A8: 4 | B8: 2. Σχάρες | C8: Σίδηρος σχάρας — Αγορά χάλυβα | D8: 2.5 | E8: €/kg | F8: Υπολογίζεται με kg/m² επί m² μετώπου (ίδια τιμή για όλα τα Y)
A9: 5 | B9: 2. Σχάρες | C9: Σχάρα — Τοποθέτηση / Εργατικά | D9: 15 | E9: €/m² | F9: Ενιαία τιμή τοποθέτησης ανά m² μετώπου εκσκαφής
A10: 6 | B10: 3. Εκτοξευόμενο | C10: Σκυρόδεμα C30/37 — Αγορά κουγκριού | D10: 90 | E10: €/m³ | F10: Όγκος = m² μετώπου × (ονομαστικό πάχος + 0,05 m απώλεια)
A11: 7 | B11: 3. Εκτοξευόμενο | C11: Εκτοξευόμενο — Τοποθέτηση / Εκτόξευση | D11: 160 | E11: €/m³ | F11: Ενιαία τιμή τοποθέτησης & άντλησης ανά m³
A12: 8 | B12: 4. Εδαφοηλώσεις | C12: Τρύπημα (Διάτρηση) — Ήλοι μήκους ≥ 6.0 m | D12: 25 | E12: €/m | F12: Συνολικά μέτρα διάτρησης ήλων ≥ 6m (π.χ. ALDO SQ1: 25 €/m)
A13: 9 | B13: 4. Εδαφοηλώσεις | C13: Τρύπημα (Διάτρηση) — Ήλοι μήκους < 6.0 m | D13: 30 | E13: €/m | F13: Συνολικά μέτρα διάτρησης ήλων < 6m
A14: 10 | B14: 4. Εδαφοηλώσεις | C14: Τρύπημα (Διάτρηση) — Μικρές δουλειές (≤ 5 ήλοι) | D14: 35 | E14: €/m | F14: Εφαρμόζεται σε μικρές επεμβάσεις έως 5 εδαφοηλώσεις
A15: 11 | B15: 4. Εδαφοηλώσεις | C15: Grout (Τσιμεντένεμα) πλήρωσης οπών | D15: 500 | E15: €/m³ | F15: Όγκος = π × R² × μήκος οπής (υπολογίζεται και ανά έναν ήλο)
A16: 12 | B16: 4. Εδαφοηλώσεις | C16: Σίδηρος ήλωσης — Αγορά + Τοποθέτηση + Επεξεργασία | D16: 1.5 | E16: €/kg | F16: Ενιαία τιμή για όλες τις ράβδους B500C (μήκος × kg/m × 1,50 €)
... A19: 15 | B19: 4. Εδαφοηλώσεις | C19: Nut (Περικόχλιο) & Ροδέλα | D19: 5 | E19: €/τεμ. | F19: 1 σετ περικοχλίου & ροδέλας ανά ήλο
A21: Β. ΦΥΣΙΚΕΣ ΣΤΑΘΕΡΕΣ & ΠΑΓΙΟΙ ΚΑΝΟΝΕΣ (ΛΕΥΚΟ — ΔΕΝ ΑΛΛΑΖΟΥΝ ΠΟΤΕ)
A22: — | B22: Σταθερά | C22: Πυκνότητα χάλυβα (ρ) | D22: 7850 | E22: kg/m³ | F22: Φυσική σταθερά για υπολογισμό κιλών ράβδων, σχαρών, πλακών
A23: — | B23: Σταθερά | C23: Πάγια απώλεια πάχους εκτοξευόμενου (+5cm) | D23: 0.05 | E23: m | F23: Προστίθεται υποχρεωτικά στο ονομαστικό πάχος της μελέτης
A24: — | B24: Σταθερά | C24: Βασική ακτίνα απόστασης (Ζώνη 1) | D24: 50 | E24: km | F24: Καλύπτει ακτίνα 50 km από Άγιο Συλά, Σπύρου Κυπριανού 32, Λεμεσό

Sheet 2_Βάρη_Διατομών_Χάλυβα
A1: ΜΗΤΡΩΟ ΔΙΑΤΟΜΩΝ ΧΑΛΥΒΑ (Y6 ΕΩΣ Y40) — ΘΕΩΡΗΤΙΚΟ ΒΑΡΟΣ kg/m
A2: Φυσικός τύπος: kg/m = π × (d/1000)² / 4 × 7.850 kg/m³ | Ίδια τιμή €/kg για όλες τις διατομές
A4: Διατομή (Y) | B4: Διάμετρος d (mm) | C4: Θεωρητικό Βάρος (kg/m) | D4: Τιμή Σιδήρου Ήλωσης (€/kg) | E4: Κόστος ράβδου ανά τρέχον μέτρο (€/m) | F4: Συνήθης Χρήση
A5: Y6 | B5: 6 | C5: =ROUND(PI()*(B5/1000)^2/4*'1_Τιμές_Εταιρείας'!$D$22, 3) -> 0.222 | D5: ='1_Τιμές_Εταιρείας'!$D$16 -> 1.5 | E5: =ROUND(C5*D5, 2) -> 0.33 | F5: Σχάρες μετώπου ελαφρού τύπου
A6: Y8 | B6: 8 | C6: =ROUND(PI()*(B6/1000)^2/4*'1_Τιμές_Εταιρείας'!$D$22, 3) -> 0.395 | D6: ='1_Τιμές_Εταιρείας'!$D$16 -> 1.5 | E6: =ROUND(C6*D6, 2) -> 0.59 | F6: Σχάρες μετώπου τυπικού τύπου
A7: Y10 | B7: 10 | C7: =ROUND(PI()*(B7/1000)^2/4*'1_Τιμές_Εταιρείας'!$D$22, 3) -> 0.617 | D7: ='1_Τιμές_Εταιρείας'!$D$16 -> 1.5 | E7: =ROUND(C7*D7, 2) -> 0.93 | F7: Σχάρες μετώπου (π.χ. ALDO SQ1 Y10/150)
A8: Y12 | B8: 12 | C8: =ROUND(PI()*(B8/1000)^2/4*'1_Τιμές_Εταιρείας'!$D$22, 3) -> 0.888 | D8: ='1_Τιμές_Εταιρείας'!$D$16 -> 1.5 | E8: =ROUND(C8*D8, 2) -> 1.33 | F8: Βαριές σχάρες μετώπου / μικροί ήλοι
A9: Y14 | B9: 14 | C9: =ROUND(PI()*(B9/1000)^2/4*'1_Τιμές_Εταιρείας'!$D$22, 3) -> 1.208 | D9: ='1_Τιμές_Εταιρείας'!$D$16 -> 1.5 | E9: =ROUND(C9*D9, 2) -> 1.81 | F9: Ειδικοί οπλισμοί
A10: Y16 | B10: 16 | C10: =ROUND(PI()*(B10/1000)^2/4*'1_Τιμές_Εταιρείας'!$D$22, 3) -> 1.578 | D10: ='1_Τιμές_Εταιρείας'!$D$16 -> 1.5 | E10: =ROUND(C10*D10, 2) -> 2.37 | F10: Ήλοι μικρού μήκους
A11: Y20 | B11: 20 | C11: =ROUND(PI()*(B11/1000)^2/4*'1_Τιμές_Εταιρείας'!$D$22, 3) -> 2.466 | D11: ='1_Τιμές_Εταιρείας'!$D$16 -> 1.5 | E11: =ROUND(C11*D11, 2) -> 3.7 | F11: Εδαφοηλώσεις μέσου φορτίου / βαριά grids
A12: Y25 | B12: 25 | C12: =ROUND(PI()*(B12/1000)^2/4*'1_Τιμές_Εταιρείας'!$D$22, 3) -> 3.853 | D12: ='1_Τιμές_Εταιρείας'!$D$16 -> 1.5 | E12: =ROUND(C12*D12, 2) -> 5.78 | F12: Κύριος οπλισμός ήλων (π.χ. ALDO SQ1 Y25)
A13: Y28 | B13: 28 | C13: =ROUND(PI()*(B13/1000)^2/4*'1_Τιμές_Εταιρείας'!$D$22, 3) -> 4.834 | D13: ='1_Τιμές_Εταιρείας'!$D$16 -> 1.5 | E13: =ROUND(C13*D13, 2) -> 7.25 | F13: Εδαφοηλώσεις υψηλού φορτίου
A14: Y32 | B14: 32 | C14: =ROUND(PI()*(B14/1000)^2/4*'1_Τιμές_Εταιρείας'!$D$22, 3) -> 6.313 | D14: ='1_Τιμές_Εταιρείας'!$D$16 -> 1.5 | E14: =ROUND(C14*D14, 2) -> 9.47 | F14: Βαριές εδαφοηλώσεις / μόνιμα αγκύρια
A15: Y40 | B15: 40 | C15: =ROUND(PI()*(B15/1000)^2/4*'1_Τιμές_Εταιρείας'!$D$22, 3) -> 9.865 | D15: ='1_Τιμές_Εταιρείας'!$D$16 -> 1.5 | E15: =ROUND(C15*D15, 2) -> 14.8 | F15: Πολύ βαριά αγκύρια / μικροπάσσαλοι

Sheet 3_Υπολογιστές_Έργων_&_Math
A1: ΕΡΓΑΛΕΙΑ ΥΠΟΛΟΓΙΣΜΟΥ ΕΡΓΩΝ & ΕΠΕΞΗΓΗΣΗ ΜΑΘΗΜΑΤΙΚΩΝ (SANDBOX)
A2: ΓΑΛΑΖΙΑ ΚΕΛΙΑ = Εισαγωγή στοιχείων από τη μελέτη μηχανικού | Οι τιμές μονάδας αντλούνται αυτόματα από τον Τιμοκατάλογο (Φύλλο 1)
A4: 1. ΥΠΟΛΟΓΙΣΤΗΣ ΤΙΜΗΣ ΣΤΡΑΤΑΣ ΑΝΑ ΑΠΟΣΤΑΣΗ ΕΡΓΟΤΑΞΙΟΥ
A5: Εισάγετε τη χιλιομετρική απόσταση του έργου από την έδρα (Άγιος Συλάς, Σπύρου Κυπριανού 32):
A6: Παράμετρος Έργου | B6: Τιμή / Εισαγωγή | C6: Μονάδα | D6: Τύπος Υπολογισμού | E6: Αποτέλεσμα | F6: Παρατηρήσεις
A7: Οδική Απόσταση Έργου από Άγιο Συλά | B7: 50 | C7: km | D7: Εισαγωγή από μελέτη / Google Maps | E7: — | F7: Βασική ζώνη έως 50 km
A8: Επιπλέον Ζώνες των 50 km | B8: =MAX(0, ROUNDUP((B7-'1_Τιμές_Εταιρείας'!$D$24)/'1_Τιμές_Εταιρείας'!$D$24, 0)) -> 0 | C8: ζώνες | D8: MAX(0, ROUNDUP((km − 50)/50, 0)) | E8: =B8 -> 0 | F8: 0 = έως 50km, 1 = 51-100km, 2 = 101-150km
A9: Τελική Τιμή Στράτας Shotcrete για το Έργο | B9: ='1_Τιμές_Εταιρείας'!$D$5 + B8*'1_Τιμές_Εταιρείας'!$D$7 -> 200 | C9: € / στράτα | D9: Βασική (350 €) + Ζώνες × 50 € | E9: =B9 -> 200 | F9: Χρησιμοποιείται στην κοστολόγηση shotcrete
A10: Τελική Τιμή Στράτας Εδαφοηλώσεων για το Έργο | B10: ='1_Τιμές_Εταιρείας'!$D$6 + B8*'1_Τιμές_Εταιρείας'!$D$7 -> 300 | C10: € / στράτα | D10: Βασική (450 €) + Ζώνες × 50 € | E10: =B10 -> 300 | F10: Χρησιμοποιείται στην κοστολόγηση ήλων
A12: 2. ΥΠΟΛΟΓΙΣΤΗΣ ΒΑΡΟΥΣ & ΚΟΣΤΟΥΣ ΣΧΑΡΑΣ ΜΕΛΕΤΗΣ (CUSTOM GRID CALCULATOR)
A13: Εισάγετε τη διάμετρο Y και το βήμα (απόσταση σε mm) για τις οριζόντιες και κάθετες ράβδους:
A14: Διεύθυνση Οπλισμού | B14: Διάμετρος Y (mm) | C14: Βήμα s (mm) | D14: Μέτρα Ράβδων ανά m² | E14: Βάρος Ράβδων (kg/m²) | F14: Τρόπος Υπολογισμού
A15: Οριζόντιες Ράβδοι Μετώπου | B15: 10 | C15: 150 | D15: =ROUND(1000/C15, 2) -> 6.67 | E15: =ROUND(D15*VLOOKUP(B15, '2_Βάρη_Διατομών_Χάλυβα'!$B$5:$C$15, 2, FALSE), 3) -> 4.115 | F15: 1000/s × kg/m του Y
A16: Κάθετες Ράβδοι Μετώπου | B16: 10 | C16: 150 | D16: =ROUND(1000/C16, 2) -> 6.67 | E16: =ROUND(D16*VLOOKUP(B16, '2_Βάρη_Διατομών_Χάλυβα'!$B$5:$C$15, 2, FALSE), 3) -> 4.115 | F16: 1000/s × kg/m του Y
A17: ΣΥΝΟΛΙΚΟ ΒΑΡΟΣ ΧΑΛΥΒΑ ΣΧΑΡΑΣ | B17: — | C17: — | D17: =D15+D16 -> 13.34 | E17: =E15+E16 -> 8.23 | F17: kg χάλυβα ανά m² επιφάνειας μετώπου
A18: Κόστος Αγοράς Σιδήρου Σχάρας ανά m² | B18: =ROUND(E17*'1_Τιμές_Εταιρείας'!$D$8, 2) -> 20.58 | C18: € / m² | D18: kg/m² × 2,50 €/kg (από Τιμοκατάλογο) | E18: =B18 -> 20.58 | F18: Κόστος υλικού
A19: Κόστος Τοποθέτησης Σχάρας ανά m² | B19: ='1_Τιμές_Εταιρείας'!$D$9 -> 15 | C19: € / m² | D19: 15,00 €/m² (από Τιμοκατάλογο) | E19: =B19 -> 15 | F19: Εργατικά τοποθέτησης
A20: ΤΕΛΙΚΟ ΚΟΣΤΟΣ ΣΧΑΡΑΣ ΑΝΑ m² (ΑΓΟΡΑ + ΤΟΠΟΘΕΤΗΣΗ) | B20: =B18+B19 -> 35.58 | C20: € / m² | D20: Αγορά + Τοποθέτηση | E20: =B20 -> 35.58 | F20: Συνολικό κόστος ανά m² για την κοστολόγηση
A22: 3. ΥΠΟΛΟΓΙΣΤΗΣ ΒΑΡΟΥΣ & ΚΟΣΤΟΥΣ ΠΛΑΚΑΣ ΕΔΡΑΣΗΣ
A23: Εισάγετε τις διαστάσεις της χαλύβδινης πλάκας έδρασης κεφαλής από το σχέδιο (σε mm):
A24: Ύψος H (mm) | B24: Πλάτος W (mm) | C24: Πάχος T (mm) | D24: Όγκος Πλάκας (m³) | E24: Βάρος Πλάκας (kg/τεμ) | F24: Κόστος Πλάκας (€/τεμ)
A25: 200 | B25: 200 | C25: 12 | D25: =ROUND((A25/1000)*(B25/1000)*(C25/1000), 6) -> 0.00048 | E25: =ROUND(D25*'1_Τιμές_Εταιρείας'!$D$22, 3) -> 3.768 | F25: =ROUND(E25*'1_Τιμές_Εταιρείας'!$D$18, 2) -> 7.54

Sheet 4_Κανόνες_&_Πολιτική
A1: ΚΑΝΟΝΕΣ ΤΙΜΟΚΑΤΑΛΟΓΟΥ & ΠΟΛΙΤΙΚΗ ΑΠΟΥΣΙΑΣ ΥΛΙΚΟΥ (MISSING MATERIAL POLICY)
A3: Θέμα / Πεδίο | B3: Κανόνας Λειτουργίας & Οδηγία για το AI
A4: Κανόνας Χρωματισμού | B4: • ΚΙΤΡΙΝΟ (#FFF2CC): Τιμές μονάδας που αλλάζουν με τους καιρούς / συνθήκες αγοράς. • ΛΕΥΚΟ (Χωρίς γέμισμα): Φυσικές σταθερές (7850 kg/m³, π), γεωμετρία και δυναμικοί τύποι. • ΓΑΛΑΖΙΟ (#DDEBF7): Εισαγωγή στοιχείων ανά έργο στους διαδραστικούς υπολογιστές.
A5: Κανόνας Σιδήρου (Σχάρες & Ήλοι) | B5: Ο σίδηρος τιμολογείται ΑΠΟΚΛΕΙΣΤΙΚΑ με βάση το βάρος σε ευρώ ανά κιλό (€/kg): • Σχάρες: 2,50 €/kg αγορά + 15,00 €/m² τοποθέτηση. • Ήλοι: 1,50 €/kg (αγορά + τοποθέτηση + επεξεργασία όλα μαζί). ΔΕΝ υπάρχουν διαφορετικές τιμές ανά Y ούτε λίστα προκατασκευασμένων πλεγμάτων. Τα κιλά υπολογίζονται από τον ενιαίο πίνακα βαρών (Φύλλο 2).
A6: Κανόνας Εκτοξευόμενου Σκυροδέματος | B6: Προς το παρόν υπάρχει μία κατηγορία: C30/37 με 90,00 €/m³ αγορά και 160,00 €/m³ τοποθέτηση. Το πάχος υπολογισμού είναι πάντα: Ονομαστικό πάχος μελέτης + 0,05 m (+5cm απώλεια).
A7: Κανόνας Grout (Τσιμεντένεμα) | B7: Μία ενιαία τιμή: 500,00 €/m³. Ο όγκος υπολογίζεται ως π × R² × L ανά οπή και συνολικά.
A8: ΚΑΝΟΝΑΣ ΑΠΟΥΣΙΑΣ ΥΛΙΚΟΥ (ΥΠΟΧΡΕΩΤΙΚΟ ΜΗΝΥΜΑ AI) | B8: Εάν ο μελετητής ζητήσει υλικό που ΔΕΝ υπάρχει στον παρόντα τιμοκατάλογο (π.χ. άλλη κατηγορία σκυροδέματος C35/45, διατομή εκτός πίνακα Y6–Y40, κοίλες ράβδους, ειδικές ίνες): -> Το σύστημα AI ΑΠΑΓΟΡΕΥΕΤΑΙ ΑΥΣΤΗΡΑ να μαντέψει ή να εφεύρει τιμή! -> Το σύστημα ΣΤΑΜΑΤΑΕΙ και εμφανίζει στον χρήστη ρητά το μήνυμα: «Δεν υπάρχει αυτό το είδος ([Όνομα Είδους]) στον τιμοκατάλογο. Καθοδήγησέ με με τιμή να ξέρω.» -> Μόνο αφού ο χρήστης δώσει την τιμή, η κοστολόγηση προχωρά.
A9: Κανόνας Απόστασης (Έδρα Άγιος Συλάς) | B9: Αφετηρία: Άγιος Συλάς, Σπύρου Κυπριανού 32, Λεμεσός. • Ζώνη 1 (0 – 50 km): Βασική τιμή στράτας (350 € shotcrete, 450 € ήλοι). • Κάθε επιπλέον 50 km (ή μέρος αυτών): +50,00 € ανά στράτα αυτόματα.
