Workbook

Sheet 1_Στοιχεία_Μελέτης_&_Ποσότητες
A1: ΕΡΓΟ: TOFARCO "ΑΘΗΝΑΙΟΝ" (BERLIN WALL & ΑΓΚΥΡΩΣΕΙΣ) — ΣΤΟΙΧΕΙΑ ΜΕΛΕΤΗΣ & ΦΥΣΙΚΕΣ ΠΟΣΟΤΗΤΕΣ (ΧΩΡΙΣ ΕΥΡΩ)
A2: ΧΩΡΙΣΜΕΝΟ ΣΕ 2 ΜΕΓΑΛΑ ΚΕΦΑΛΑΙΑ: [ΚΕΦΑΛΑΙΟ Α] = ΜΟΝΟ ΣΤΟΙΧΕΙΑ ΜΕΛΕΤΗΣ | [ΚΕΦΑΛΑΙΟ Β] = ΟΛΟΙ ΟΙ ΥΠΟΛΟΓΙΣΜΟΙ
A4: 🏛️ ΚΕΦΑΛΑΙΟ Α: ΜΟΝΟ ΣΤΟΙΧΕΙΑ ΠΟΥ ΔΙΑΒΑΣΤΗΚΑΝ ΑΠΟ ΤΗ ΜΕΛΕΤΗ (RAW INPUTS)
A5: Α.1 Τοποθεσία Εργοταξίου, Έδρα & Σειρές Αγκυρώσεων
A6: Έδρα Εταιρείας (Αφετηρία) | B6: Άγιος Συλάς, Σπύρου Κυπριανού 32, Λεμεσός | C6: - | D6: Βάση Εταιρείας | E6: Σταθερή βάση εκκίνησης συνεργείων & μηχανημάτων
A7: Τοποθεσία Εργοταξίου | B7: Λευκωσία (Ευαγόρου, Ανδρέα Δημητρίου, Μενάνδρου) | C7: - | D7: Σχέδιο Σ01.1 & Σ02.1 | E7: Οικιστική & Γραφειακή Ανάπτυξη TOFARCO Αθήναιον
A8: Χιλιομετρική Απόσταση από Έδρα | B8: 85 | C8: km | D8: Google Maps / Οδικό Δίκτυο | E8: Ζώνη 51-100 km (+50 € ανά στράτα εξοπλισμού/shotcrete)
A9: Πλήθος Οριζόντιων Σειρών Αγκυρώσεων Μελέτης | B9: 4 | C9: σειρές | D9: Σχέδιο Σ02.1, Τομή 1-1 | E9: 4 στάθμες αγκυρώσεων (-2.00m, -5.30m, -8.60m, -11.20m)
A11: Α.2 Γεωμετρία Μετώπου Εκσκαφής (Berlin Wall)
A12: Μήκος Τμήματος 1 Μετώπου (Δυτικό / Μενάνδρου) | B12: 16 | C12: m | D12: Σχέδιο Σ01.1, Κάτοψη | E12: 8 διαστήματα × 2.00m c/c (από CAD Interval Counting)
A13: Μήκος Τμήματος 2 Μετώπου (ΒΔ Γωνία / Slant) | B13: 20 | C13: m | D13: Σχέδιο Σ01.1, Κάτοψη | E13: 10 διαστήματα × 2.00m c/c (από CAD Interval Counting)
A14: Μήκος Τμήματος 3 Μετώπου (Βόρειο / Βουλή & Όμορο) | B14: 76 | C14: m | D14: Σχέδιο Σ01.1, Κάτοψη | E14: 38 διαστήματα × 2.00m c/c (από CAD Interval Counting)
A15: Μήκος Τμήματος 4 Μετώπου (Ανατολικό / Ευαγόρου) | B15: 22 | C15: m | D15: Σχέδιο Σ01.1, Κάτοψη | E15: 11 διαστήματα × 2.00m c/c (από CAD Interval Counting)
A16: Μήκος Τμήματος 5 Μετώπου (Νότιο / Ανδρέα Δημητρίου) | B16: 84 | C16: m | D16: Σχέδιο Σ01.1, Κάτοψη | E16: 42 διαστήματα × 2.00m c/c (από CAD Interval Counting)
A17: Ελεύθερο Ύψος Εκσκαφής Μετώπου (H_exc) | B17: 12.5 | C17: m | D17: Σχέδιο Σ02.1 & Σ01.1 | E17: Ύψος UPN 15.00m - Πάκτωση 2.50m = 12.50m ελεύθερο μέτωπο
A19: Α.3 Σχάρες & Εκτοξευόμενο Σκυρόδεμα (Shotcrete)
A20: Τύπος Χάλυβα Σχάρας | B20: B500C Δομικός Χάλυβας | C20: - | D20: Σχέδιο Σ01.1 & Σ02.1 | E20: Συγκόλληση οπλισμού πάνω στα UPN με ραφή 6mm, L=100mm
A21: Διάμετρος Οριζόντιων Ράβδων Σχάρας (Y_horiz) | B21: 20 | C21: mm | D21: Σχέδιο Σ01.1 & Σ02.1 | E21: Οριζόντιες ράβδοι Υ20 ανά 200mm (2.466 kg/m)
A22: Οριζόντιο Βήμα Ράβδων Σχάρας (s_horiz) | B22: 200 | C22: mm | D22: Σχέδιο Σ01.1 & Σ02.1 | E22: Βήμα οριζόντιων ράβδων ανά 0.20m (5 m/m²)
A23: Διάμετρος Κατακόρυφων Ράβδων Σχάρας (Y_vert) | B23: 14 | C23: mm | D23: Σχέδιο Σ01.1 & Σ02.1 | E23: Κατακόρυφες ράβδοι Υ14 ανά 200mm (1.208 kg/m)
A24: Κατακόρυφο Βήμα Ράβδων Σχάρας (s_vert) | B24: 200 | C24: mm | D24: Σχέδιο Σ01.1 & Σ02.1 | E24: Βήμα κατακόρυφων ράβδων ανά 0.20m (5 m/m²)
A25: Κατηγορία Σκυροδέματος Shotcrete | B25: C30/40, CEM II 42.5 | C25: - | D25: Σχέδιο Σ01.1 & Σ02.1 | E25: Πρόμοικτα RHEOMAC SE 100 56 & Sigunit L 22E
A26: Ονομαστικό Πάχος Shotcrete Μελέτης | B26: 0.15 | C26: m | D26: Σχέδιο Σ01.1 & Σ02.1 | E26: 150 mm (15 cm) ονομαστικό πάχος μελέτης
A27: Πάγια Απώλεια / Αναπήδηση Εταιρείας | B27: 0.05 | C27: m | D27: Κανόνας Εταιρείας | E27: +5 cm πάγια προσαύξηση εταιρείας (χρεώνεται στα €/m³)
A29: Α.4 H-Beams (Νέφκες / Soldier Piles: Οπές, Χάλυβας, Λάμες, Κουγκρί)
A30: Πλήθος Οπών / Νεφκών (N_holes) | B30: =B66/2 | C30: οπές | D30: Σχέδιο Σ01.1, Κάτοψη | E30: 109 πάσσαλοι (επιβεβαιωμένο με OpenCV CAD Counting: 218m / 2.0m)
A31: Διάμετρος Οπής Διάτρησης Μεγάλου Τρυπανιού (D) | B31: 0.8 | C31: m | D31: Σχέδιο Σ01.1 (ζητά Ø600mm) | E31: [OVERRIDE ΚΑΝΟΝΑ v2/v5]: Υποχρεωτικά Ø800 mm βάσει κανόνα min διαμέτρου εταιρείας
A32: Βάθος Πάκτωσης Νέφκας κάτω από Εκσκαφή (H_embed) | B32: 3 | C32: m | D32: Σχέδιο Σ01.1 (3.0m) vs Σ02.1 (2.5m) | E32: [ΣΥΓΚΡΟΥΣΗ ΜΕΛΕΤΗΣ]: Επιλέχθηκε η στατικά ασφαλέστερη πάκτωση H=3.00m με C35/45
A33: Τύπος Χαλύβδινης Διατομής Νέφκας | B33: 2 UPN 350 | C33: - | D33: Σχέδιο Σ01.1 & Σ02.1 | E33: Διπλό προφίλ 2×UPN 350x100 @ 60.6 kg/m
A34: Πλήθος Προφίλ ανά Οπή | B34: 2 | C34: προφίλ/οπή | D34: Σχέδιο Σ01.1 & Σ02.1 | E34: 2 UPN ανά οπή
A35: Θεωρητικό Βάρος Προφίλ Νέφκας ανά Μέτρο | B35: 60.6 | C35: kg / m | D35: Βιβλιοθήκη Διατομών (Φύλλο 3) | E35: 60.6 kg/m ανά UPN (Συνολικά 121.2 kg/m ανά πάσσαλο)
A36: Κατακόρυφο Βήμα Λαμών ανά Νέφκα (s_plate) | B36: 0.6 | C36: m | D36: Σχέδιο Σ01.1 & Σ02.1 | E36: Συνδετικά ελάσματα PLT ανά 0.60m c/c εκατέρωθεν
A37: Πλήθος Πλευρών Τοποθέτησης Λαμών ανά Πάσσαλο | B37: 2 | C37: πλευρές | D37: Σχέδιο Σ01.1 & Σ02.1 | E37: Σε κάθε πλευρά (αμφίπλευρα)
A38: Πλάτος Λάμας Σύνδεσης (W_plate) | B38: 350 | C38: mm | D38: Σχέδιο Σ02.1, Λεπτομέρεια Πασσάλου | E38: Έλασμα 350x100x12 mm
A39: Μήκος Λάμας Σύνδεσης (L_plate) | B39: 100 | C39: mm | D39: Σχέδιο Σ02.1, Λεπτομέρεια Πασσάλου | E39: Μήκος λάμας 100 mm
A40: Πάχος Λάμας Σύνδεσης (t_plate) | B40: 12 | C40: mm | D40: Σχέδιο Σ02.1, Λεπτομέρεια Πασσάλου | E40: Πάχος λάμας 12 mm
A41: Ύπαρξη Γωνιών Στήριξης στο Σχέδιο (L-Angles) | B41: ΟΧΙ | C41: - | D41: Σχέδιο Σ01.1 & Σ02.1 | E41: Δεν ζητούνται γωνιές (συγκόλληση οπλισμού απευθείας στο UPN)
A42: Διατομή Γωνιών Στήριξης | B42: - | C42: - | D42: - | E42: Μη εφαρμόσιμο
A43: Θεωρητικό Βάρος Γωνίας ανά Μέτρο | B43: 0 | C43: kg / m | D43: - | E43: Μη εφαρμόσιμο
A45: Α.5 Αγκυρώσεις (Prestressed Tieback Anchors: Γραμμές, Βάθη, Grout, Τένοντες & Κεφαλές)
A46: Πλήθος Αγκυρώσεων Σειράς 1 (15°, στάθμη -2.00m) | B46: =B30 | C46: τεμ. | D46: Σχέδιο Σ02.1, Τομή 1-1 | E46: 1 αγκύρωση ανά πάσσαλο (δυναμική σύνδεση = B30)
A47: Μήκος / Βάθος Διάτρησης Σειράς 1 | B47: 13 | C47: m | D47: Σχέδιο Σ02.1, 1η στάθμη | E47: 13.00m μήκος διάτρησης 1ης σειράς
A48: Πλήθος Αγκυρώσεων Σειράς 2 (30°, στάθμη -5.30m) | B48: =B30 | C48: τεμ. | D48: Σχέδιο Σ02.1, 2η στάθμη | E48: 1 αγκύρωση ανά πάσσαλο (δυναμική σύνδεση = B30)
A49: Μήκος / Βάθος Διάτρησης Σειράς 2 | B49: 13.3 | C49: m | D49: Σχέδιο Σ02.1, 2η στάθμη | E49: 13.00m + 0.30m επιπλέον βάθος = 13.30m
A50: Πλήθος Αγκυρώσεων Σειράς 3 (30°, στάθμη -8.60m) | B50: =B30 | C50: τεμ. | D50: Σχέδιο Σ02.1, 3η στάθμη | E50: 1 αγκύρωση ανά πάσσαλο (δυναμική σύνδεση = B30)
A51: Μήκος / Βάθος Διάτρησης Σειράς 3 | B51: 13.3 | C51: m | D51: Σχέδιο Σ02.1, 3η στάθμη | E51: 13.00m + 0.30m επιπλέον βάθος = 13.30m
A52: Πλήθος Αγκυρώσεων Σειράς 4 (30°, στάθμη -11.20m) | B52: =B30 | C52: τεμ. | D52: Σχέδιο Σ02.1, 4η στάθμη | E52: 1 αγκύρωση ανά πάσσαλο (δυναμική σύνδεση = B30)
A53: Μήκος / Βάθος Διάτρησης Σειράς 4 | B53: 13.3 | C53: m | D53: Σχέδιο Σ02.1, 4η στάθμη | E53: 13.00m + 0.30m επιπλέον βάθος = 13.30m
A54: Πλήθος Τενόντων (Strands) ανά Οπή Αγκύρωσης | B54: 5 | C54: τεμ. / οπή | D54: Σχέδιο Σ02.1, Λεπτομέρειες | E54: 5×14mm wire strands (0.6") ανά αγκύρωση
A55: Επιπλέον Μήκος Τένοντα για Κεφαλή & Προένταση | B55: 1 | C55: m | D55: Κανόνας Μάστρου | E55: ΠΑΝΤΑ +1.0 m επιπλέον μήκος τένοντα έξω από την οπή
A56: Διάμετρος Οπής Διάτρησης Αγκύρωσης (D_anc) | B56: 0.15 | C56: m | D56: Σχέδιο Σ02.1 (Min Ø150mm) | E56: Minimum Drill Hole Diameter Ø150mm
A57: Συντελεστής Απώλειας Grout στο Έδαφος | B57: 1.2 | C57: - | D57: Κανόνας Εταιρείας | E57: ΠΑΝΤΑ * 1.20 (+20% απώλεια στο έδαφος)
A58: Θεωρητικό Βάρος Τένοντα (Strand 0.6") | B58: 1.1 | C58: kg / m | D58: Τιμοκατάλογος Εταιρείας | E58: Standard βάρος τένοντα 1.10 kg/m
A60: ⚙️ ΚΕΦΑΛΑΙΟ Β: ΟΛΟΙ ΟΙ ΥΠΟΛΟΓΙΣΜΟΙ ΦΥΣΙΚΩΝ ΜΕΓΕΘΩΝ (ΜΕ ΒΑΣΗ ΤΟ ΚΕΦΑΛΑΙΟ Α)
A61: Β.1 Υπολογισμοί Στρατών Μετακίνησης (3 Είδη)
A62: Υπολογισμός Στρατών Μεγάλου Τρυπανιού (Piling Rig) | B62: 1 | C62: στράτες | D62: 1 στράτα μεταφοράς μεγάλου τρυπανιού (Λευκωσία >80km) | E62: Κανόνας Μετακινήσεων Τιμοκαταλόγου
A63: Υπολογισμός Στρατών Εξοπλισμού Αγκυρώσεων | B63: =B9 | C63: στράτες | D63: ="Όσες οριζόντιες σειρές αγκυρώσεων, τόσες στράτες (" & B9 & ")" | E63: 1 στράτα ανά οριζόντια σειρά
A64: Υπολογισμός Στρατών Shotcrete (Αντλία / Συνεργείο) | B64: =B9+1 | C64: στράτες | D64: ="Σειρές αγκυρώσεων + 1 στράτα για πόδι/δάπεδο (" & B9+1 & ")" | E64: Σειρές + 1 στράτα
A65: Β.2 Υπολογισμοί Σχαρών & Shotcrete Μετώπου
A66: Συνολικό Μήκος Μετώπου (L) | B66: =SUM(B12:B16) | C66: m | D66: ="L = " & B12 & " + " & B13 & " + " & B14 & " + " & B15 & " + " & B16 & " = " & TEXT(SUM(B12:B16), "#,##0.00") & " m" | E66: Περίμετρος εκσκαφής
A67: ΣΥΝΟΛΙΚΟ ΕΜΒΑΔΟΝ ΜΕΤΩΠΟΥ (A = L × H_exc) | B67: =ROUND(B66*B17, 2) | C67: m² | D67: ="Εμβαδόν A = " & TEXT(B66, "#,##0.00") & " m × " & TEXT(B17, "0.00") & " m = " & TEXT(ROUND(B66*B17, 2), "#,##0.00") & " m²" | E67: Επιφάνεια shotcrete & σχαρών
A68: Τρέχοντα Μέτρα Οριζόντιων Ράβδων σε 1 m² | B68: =1000/B22 | C68: m / m² | D68: ="1000/" & B22 & " mm = " & TEXT(1000/B22, "0.00") & " m/m²" | E68: Οριζόντιες ράβδοι Υ20
A69: Θεωρητικό Βάρος Οριζόντιας Ράβδου ανά Μέτρο | B69: =(PI()*((B21/1000)^2)/4)*7850 | C69: kg / m | D69: ="π * (" & B21 & "/1000)² / 4 * 7850 = " & TEXT((PI()*((B21/1000)^2)/4)*7850, "0.000") & " kg/m" | E69: Βάρος Y20
A70: Βάρος Οριζόντιων Ράβδων ανά m² | B70: =ROUND(B68*B69, 3) | C70: kg / m² | D70: ="Μέτρα " & TEXT(B68, "0.00") & " × " & TEXT(B69, "0.000") & " = " & TEXT(ROUND(B68*B69, 3), "0.000") & " kg/m²" | E70: 12.330 kg/m²
A71: Τρέχοντα Μέτρα Κατακόρυφων Ράβδων σε 1 m² | B71: =1000/B24 | C71: m / m² | D71: ="1000/" & B24 & " mm = " & TEXT(1000/B24, "0.00") & " m/m²" | E71: Κατακόρυφες ράβδοι Υ14
A72: Θεωρητικό Βάρος Κατακόρυφης Ράβδου ανά Μέτρο | B72: =(PI()*((B23/1000)^2)/4)*7850 | C72: kg / m | D72: ="π * (" & B23 & "/1000)² / 4 * 7850 = " & TEXT((PI()*((B23/1000)^2)/4)*7850, "0.000") & " kg/m" | E72: Βάρος Y14
A73: Βάρος Κατακόρυφων Ράβδων ανά m² | B73: =ROUND(B71*B72, 3) | C73: kg / m² | D73: ="Μέτρα " & TEXT(B71, "0.00") & " × " & TEXT(B72, "0.000") & " = " & TEXT(ROUND(B71*B72, 3), "0.000") & " kg/m²" | E73: 6.040 kg/m²
A74: Υπολογιστικό Βάρος Σχάρας ανά m² (Οριζόντιες + Κατακόρυφες) | B74: =ROUND(B70+B73, 3) | C74: kg / m² | D74: ="Οριζόντιες " & TEXT(B70, "0.000") & " + Κατακόρυφες " & TEXT(B73, "0.000") & " = " & TEXT(ROUND(B70+B73, 3), "0.000") & " kg/m²" | E74: 18.370 kg/m²
A75: ΣΥΝΟΛΙΚΟ ΒΑΡΟΣ ΧΑΛΥΒΑ ΣΧΑΡΩΝ (Y20/Y14) ΕΡΓΟΥ | B75: =ROUND(B67*B74, 2) | C75: kg | D75: ="Εμβαδόν " & TEXT(B67, "#,##0.00") & " m² × " & TEXT(B74, "0.000") & " kg/m²" | E75: Συνολικά κιλά χάλυβα σχάρας
A76: Ονομαστικό Πάχος Shotcrete Μελέτης | B76: =B26 | C76: m | D76: ="Ονομαστικό πάχος " & TEXT(B26*1000, "0") & " mm" | E76: Χωρίς απώλεια
A77: Ποσοστό Απώλειας επί του Ονομαστικού Πάχους | B77: =B27/B26 | C77: % | D77: ="Απώλεια " & B27 & "m / Ονομαστικό " & B26 & "m = " & TEXT(B27/B26, "0.0%") & " (χρεώνεται στα €/m³)" | E77: +33.3% προσαύξηση
A78: ΣΥΝΟΛΙΚΟΣ ΟΓΚΟΣ SHOTCRETE ΕΡΓΟΥ (ΟΝΟΜΑΣΤΙΚΟΣ) | B78: =ROUND(B67*B26, 2) | C78: m³ | D78: ="Εμβαδόν " & TEXT(B67, "#,##0.00") & " m² × " & TEXT(B26, "0.00") & " m ονομαστικό πάχος" | E78: Ονομαστικά κυβικά σκυροδέματος
A79: Β.3 Υπολογισμοί H-Beams (Διάτρηση, Προφίλ, Λάμες, Κουγκρί Πάκτωσης)
A80: Συνολικό Μήκος Νέφκας / Βάθος Οπής (L_beam) | B80: =B17+B32 | C80: m / οπή | D80: ="L_beam = H_exc (" & B17 & "m) + H_embed (" & B32 & "m) = " & TEXT(B17+B32, "0.00") & " m" | E80: 15.50m βάθος διάτρησης
A81: ΣΥΝΟΛΙΚΑ ΜΕΤΡΑ ΔΙΑΤΡΗΣΗΣ ΜΕΓΑΛΟΥ ΤΡΥΠΑΝΙΟΥ | B81: =B30*B80 | C81: m | D81: ="Αρ. οπών " & B30 & " × " & TEXT(B80, "0.00") & " m βάθος" | E81: 109 οπές × 15.50m = 1,689.50 m
A82: Κυβικά Εκσκαφής Οπής ανά Μέτρο (D=0.80m) | B82: =PI()*((B31/2)^2) | C82: m³ / m | D82: ="π * (" & TEXT(B31, "0.00") & "/2)² = " & TEXT(PI()*((B31/2)^2), "0.0000") & " m³/m" | E82: 0.5027 m³/m (D=0.80m)
A83: Συνολικά Κυβικά Εκσκαφής Οπών Μεγάλου Τρυπανιού | B83: =ROUND(B81*B82, 2) | C83: m³ | D83: ="Μέτρα διάτρησης " & TEXT(B81, "#,##0.00") & " × " & TEXT(B82, "0.0000") & " m³/m" | E83: Όγκος εκσκαφής γεώτρησης
A84: ΣΥΝΟΛΙΚΟ ΒΑΡΟΣ ΧΑΛΥΒΑ ΝΕΦΚΩΝ (2 UPN 350) | B84: =ROUND(B30*B34*B80*B35, 2) | C84: kg | D84: ="Οπές " & B30 & " × " & B34 & " UPN × " & TEXT(B80, "0.00") & "m × " & TEXT(B35, "0.0") & " kg/m" | E84: 2 UPN ανά οπή
A85: Αριθμός Επιπέδων Λαμών ανά Νέφκα (L/s) | B85: =ROUNDUP(B80/B36, 0) | C85: επίπεδα/οπή | D85: ="Μήκος " & TEXT(B80, "0.00") & "m / Βήμα " & TEXT(B36, "0.00") & "m = " & ROUNDUP(B80/B36, 0) & " επίπεδα" | E85: 26 επίπεδα κατά ύψος
A86: Συνολικό Πλήθος Λαμών Σύνδεσης (Αμφίπλευρα) | B86: =B30*B85*B37 | C86: τεμ. | D86: ="Οπές " & B30 & " × " & B85 & " επίπεδα × " & B37 & " πλευρές = " & TEXT(B30*B85*B37, "#,##0") & " λάμες" | E86: 2 λάμες ανά επίπεδο (εκατέρωθεν)
A87: Βάρος ανά Λάμα Σύνδεσης | B87: =(B38/1000)*(B39/1000)*(B40/1000)*7850 | C87: kg / τεμ. | D87: ="(W/1000) × (L/1000) × (t/1000) × 7850 = " & TEXT((B38/1000)*(B39/1000)*(B40/1000)*7850, "0.000") & " kg" | E87: 3.297 kg ανά λάμα 350x100x12
A88: ΣΥΝΟΛΙΚΟ ΒΑΡΟΣ ΛΑΜΩΝ ΣΥΝΔΕΣΗΣ | B88: =ROUND(B86*B87, 2) | C88: kg | D88: ="Συνολικές λάμες " & TEXT(B86, "#,##0") & " × " & TEXT(B87, "0.000") & " kg/τεμ." | E88: Κιλά λαμών ενίσχυσης
A89: ΣΥΝΟΛΙΚΟΣ ΟΓΚΟΣ ΚΟΥΓΚΡΙΟΥ ΠΑΚΤΩΣΗΣ (C35/45) | B89: =ROUND(B30*B82*B32, 2) | C89: m³ | D89: ="Οπές " & B30 & " × " & TEXT(B82, "0.000") & " m³/m × Πάκτωση " & TEXT(B32, "0.00") & "m" | E89: Σκυρόδεμα πάκτωσης H=3.0m (D=0.80m)
A90: Συνολικό Μήκος Γωνιών Στήριξης (αν ΝΑΙ) | B90: =IF(B41="ΝΑΙ", B30*2*B17, 0) | C90: m | D90: ="Δεν εφαρμόζεται (B41 = ΟΧΙ)" | E90: 0.00 m
A91: ΣΥΝΟΛΙΚΟ ΒΑΡΟΣ ΓΩΝΙΩΝ ΣΤΗΡΙΞΗΣ | B91: =ROUND(B90*B43, 2) | C91: kg | D91: ="0.00 kg" | E91: 0.00 kg
A92: Β.4 Υπολογισμοί Αγκυρώσεων (Διάτρηση, Grout, Τένοντες, Προένταση, Κεφαλές)
A93: ΣΥΝΟΛΙΚΟ ΠΛΗΘΟΣ ΑΓΚΥΡΩΣΕΩΝ ΕΡΓΟΥ | B93: =SUM(B46,B48,B50,B52) | C93: τεμ. | D93: ="4 σειρές × " & B30 & " αγκυρώσεις/σειρά = " & TEXT(SUM(B46,B48,B50,B52), "#,##0") & " αγκυρώσεις" | E93: 436 αγκυρώσεις (109 ανά σειρά)
A94: Μέτρα Διάτρησης Αγκυρώσεων Σειράς 1 | B94: =B46*B47 | C94: m | D94: ="=" & B46 & " αγκυρώσεις × " & TEXT(B47, "0.00") & " m" | E94: 109 × 13.00m = 1,417.00 m
A95: Μέτρα Διάτρησης Αγκυρώσεων Σειράς 2 | B95: =B48*B49 | C95: m | D95: ="=" & B48 & " αγκυρώσεις × " & TEXT(B49, "0.00") & " m" | E95: 109 × 13.30m = 1,449.70 m
A96: Μέτρα Διάτρησης Αγκυρώσεων Σειράς 3 | B96: =B50*B51 | C96: m | D96: ="=" & B50 & " αγκυρώσεις × " & TEXT(B51, "0.00") & " m" | E96: 109 × 13.30m = 1,449.70 m
A97: Μέτρα Διάτρησης Αγκυρώσεων Σειράς 4 | B97: =B52*B53 | C97: m | D97: ="=" & B52 & " αγκυρώσεις × " & TEXT(B53, "0.00") & " m" | E97: 109 × 13.30m = 1,449.70 m
A98: ΣΥΝΟΛΙΚΑ ΜΕΤΡΑ ΔΙΑΤΡΗΣΗΣ ΑΓΚΥΡΩΣΕΩΝ | B98: =SUM(B94:B97) | C98: m | D98: ="Άθροισμα 4 σειρών = " & TEXT(SUM(B94:B97), "#,##0.00") & " m διάτρησης" | E98: 5,766.10 m διάτρησης
A99: Όγκος Grout ανά Μέτρο Διάτρησης Αγκύρωσης | B99: =PI()*((B56/2)^2)*B57 | C99: m³ / m | D99: ="π * (" & TEXT(B56, "0.00") & "/2)² * " & TEXT(B57, "0.0") & " = " & TEXT(PI()*((B56/2)^2)*B57, "0.000000") & " m³/m" | E99: 0.021206 m³/m (Ø150mm * 1.20)
A100: ΣΥΝΟΛΙΚΟΣ ΟΓΚΟΣ GROUT ΑΓΚΥΡΩΣΕΩΝ | B100: =ROUND(B98*B99, 2) | C100: m³ | D100: ="Μέτρα διάτρησης " & TEXT(B98, "#,##0.00") & "m × " & TEXT(B99, "0.0000") & " m³/m" | E100: Grout πλήρωσης οπών αγκύρωσης
A101: ΣΥΝΟΛΙΚΟ ΜΗΚΟΣ ΤΕΝΟΝΤΩΝ (STRANDS 0.6") | B101: =(B46*(B47+B55)*B54)+(B48*(B49+B55)*B54)+(B50*(B51+B55)*B54)+(B52*(B53+B55)*B54) | C101: m | D101: ="Σειρές 1-4: (L_drill + 1.0m) × 5 strands × 109 αγκυρώσεις" | E101: Συνολικά μέτρα συρματόσχοινων
A102: ΣΥΝΟΛΙΚΟ ΒΑΡΟΣ ΤΕΝΟΝΤΩΝ | B102: =ROUND(B101*B58, 2) | C102: kg | D102: ="Μήκος " & TEXT(B101, "#,##0.00") & " m × " & TEXT(B58, "0.0") & " kg/m" | E102: Βάρος χάλυβα προέντασης

Sheet 2_Υπολογισμοί_&_Κοστολόγηση
A1: ΕΡΓΟ: TOFARCO "ΑΘΗΝΑΙΟΝ" (BERLIN WALL & ΑΓΚΥΡΩΣΕΙΣ) — ΟΙΚΟΝΟΜΙΚΗ ΠΡΟΣΦΟΡΑ & ΚΟΣΤΟΛΟΓΗΣΗ
A2: Οι τιμές μονάδας περιλαμβάνουν ήδη γενικά έξοδα, απρόβλεπτα & εργολαβικό όφελος | [ΚΙΤΡΙΝΟ #FFF2CC] = Τιμές Μονάδας | [ΠΟΡΤΟΚΑΛΙ #FFE699] = Κουγκρί Πάκτωσης
A4: Περιγραφή Εργασίας / Υλικού | B4: Ποσότητα | C4: Μονάδα | D4: Τιμή Μονάδας (€) | E4: Συνολικό Κόστος (€) | F4: Πηγή Ποσότητας / Τεχνικός Κανόνας
A5: ΠΥΛΩΝΑΣ 1: ΜΕΤΑΚΙΝΗΣΕΙΣ & ΣΤΡΑΤΕΣ (3 ΕΙΔΗ)
A6: Μετακίνηση Μεγάλου Τρυπανιού (Piling Rig) | B6: ='1_Στοιχεία_Μελέτης_&_Ποσότητες'!B62 | C6: στράτες | D6: 3000 | E6: =B6*D6 | F6: Βάση Λευκωσία (>80 km από Άγιο Συλά: 1,500€ βασική + 1,500€)
A7: Μετακινήσεις Εξοπλισμού Αγκυρώσεων | B7: ='1_Στοιχεία_Μελέτης_&_Ποσότητες'!B63 | C7: στράτες | D7: 350 | E7: =B7*D7 | F7: Από Φύλλο 1 (1 στράτα ανά οριζόντια σειρά αγκυρώσεων = 4 στράτες στα 350€)
A8: Μετακινήσεις Συνεργείου & Αντλίας Shotcrete | B8: ='1_Στοιχεία_Μελέτης_&_Ποσότητες'!B64 | C8: στράτες | D8: 250 | E8: =B8*D8 | F8: Από Φύλλο 1 (Σειρές αγκυρώσεων + 1 = 5 στράτες στα 250€)
A9: ΣΥΝΟΛΟ ΠΥΛΩΝΑ 1 (ΜΕΤΑΚΙΝΗΣΕΙΣ) | E9: =SUM(E6:E8)
A11: ΠΥΛΩΝΑΣ 2: ΣΧΑΡΕΣ & ΕΚΤΟΞΕΥΟΜΕΝΟ ΣΚΥΡΟΔΕΜΑ (SHOTCRETE)
A12: ="Αγορά Χάλυβα Σχάρας (Y" & '1_Στοιχεία_Μελέτης_&_Ποσότητες'!B21 & "/Y" & '1_Στοιχεία_Μελέτης_&_Ποσότητες'!B23 & ")" | B12: ='1_Στοιχεία_Μελέτης_&_Ποσότητες'!B75 | C12: kg | D12: 2.5 | E12: =B12*D12 | F12: ="Από Φύλλο 1 (" & TEXT(B12, "#,##0.00") & " kg) × 2.50 €/kg"
A13: Τοποθέτηση Σχάρας / Εργατικά Μετώπου | B13: ='1_Στοιχεία_Μελέτης_&_Ποσότητες'!B67 | C13: m² | D13: 15 | E13: =B13*D13 | F13: ="Από Φύλλο 1 (" & TEXT(B13, "#,##0.00") & " m²) × 15.00 €/m²"
A14: ="Αγορά Σκυροδέματος Shotcrete (" & '1_Στοιχεία_Μελέτης_&_Ποσότητες'!B25 & ")" | B14: ='1_Στοιχεία_Μελέτης_&_Ποσότητες'!B78 | C14: m³ | D14: 90 | E14: =B14*D14 | F14: Σταθερή τιμή αγοράς σκυροδέματος (90.00 €/m³)
A15: Τοποθέτηση / Εκτόξευση / Αντλία (με προσαύξηση απώλειας) | B15: ='1_Στοιχεία_Μελέτης_&_Ποσότητες'!B78 | C15: m³ | D15: =ROUND((IF(B14>7, 200, 250)*(1+'1_Στοιχεία_Μελέτης_&_Ποσότητες'!B77))-90, 2) | E15: =B15*D15 | F15: ="Βάση " & IF(B14>7,200,250) & "€ × (1+" & TEXT('1_Στοιχεία_Μελέτης_&_Ποσότητες'!B77, "0.0%") & " απώλεια) - 90€ αγορά"
A16: ΣΥΝΟΛΟ ΠΥΛΩΝΑ 2 (ΣΧΑΡΕΣ & SHOTCRETE) | E16: =SUM(E12:E15)
A18: ΠΥΛΩΝΑΣ 3: H-BEAMS (ΝΕΦΚΕΣ / SOLDIER PILES — 5 ΕΡΓΑΣΙΕΣ/ΥΛΙΚΑ)
A19: ="3.1 Διάτρηση Μεγάλου Τρυπανιού (Ø" & TEXT('1_Στοιχεία_Μελέτης_&_Ποσότητες'!B31*1000, "0") & " mm)" | B19: ='1_Στοιχεία_Μελέτης_&_Ποσότητες'!B81 | C19: m | D19: 75 | E19: =B19*D19 | F19: Εύρος 65 - 90 €/m (προεπιλογή 75.00 €/m για Ø800mm)
A20: ="3.2 Νέφκες Χάλυβα (" & '1_Στοιχεία_Μελέτης_&_Ποσότητες'!B33 & " - Αγορά + Επεξεργασία)" | B20: ='1_Στοιχεία_Μελέτης_&_Ποσότητες'!B84 | C20: kg | D20: 1.4 | E20: =B20*D20 | F20: 1.00 €/kg αγορά + 0.40 €/kg επεξεργασία = 1.40 €/kg
A21: ="3.3 Λάμες Σύνδεσης/Ενίσχυσης (" & '1_Στοιχεία_Μελέτης_&_Ποσότητες'!B38 & "×" & '1_Στοιχεία_Μελέτης_&_Ποσότητες'!B39 & "×" & '1_Στοιχεία_Μελέτης_&_Ποσότητες'!B40 & " mm)" | B21: ='1_Στοιχεία_Μελέτης_&_Ποσότητες'!B88 | C21: kg | D21: 1.6 | E21: =B21*D21 | F21: 1.00 €/kg αγορά + 0.60 €/kg τοποθέτηση = 1.60 €/kg
A22: 3.4 Κουγκρί Πάκτωσης Οπών Νέφκας (C35/45) | B22: ='1_Στοιχεία_Μελέτης_&_Ποσότητες'!B89 | C22: m³ | D22: 120 | E22: =B22*D22 | F22: 120.00 €/m³ (Διακριτό πορτοκαλί χρώμα #FFE699 για άμεση εποπτεία)
A23: ="3.5 Γωνιές Στήριξης (" & '1_Στοιχεία_Μελέτης_&_Ποσότητες'!B42 & " - αν ζητούνται)" | B23: ='1_Στοιχεία_Μελέτης_&_Ποσότητες'!B91 | C23: kg | D23: 1.6 | E23: =B23*D23 | F23: 1.00 €/kg αγορά + 0.60 €/kg επεξεργασία = 1.60 €/kg
A24: ΣΥΝΟΛΟ ΠΥΛΩΝΑ 3 (H-BEAMS / ΝΕΦΚΕΣ) | E24: =SUM(E19:E23)
A26: ΠΥΛΩΝΑΣ 4: ΑΓΚΥΡΩΣΕΙΣ (PRESTRESSED TIEBACK ANCHORS — 5 ΕΡΓΑΣΙΕΣ/ΥΛΙΚΑ)
A27: 4.1 Διάτρηση / Τρύπημα Αγκυρώσεων (Ø150mm) | B27: ='1_Στοιχεία_Μελέτης_&_Ποσότητες'!B98 | C27: m | D27: 30 | E27: =B27*D27 | F27: Εύρος 25 - 35 €/m (προεπιλογή 30.00 €/m)
A28: 4.2 Grout Τσιμεντένεμα Αγκυρώσεων (με απώλεια 1.20) | B28: ='1_Στοιχεία_Μελέτης_&_Ποσότητες'!B100 | C28: m³ | D28: 500 | E28: =B28*D28 | F28: 500.00 €/m³ grout πλήρωσης οπής
A29: 4.3 Τένοντες Προέντασης (Strands 0.6" - 1.10 kg/m) | B29: ='1_Στοιχεία_Μελέτης_&_Ποσότητες'!B101 | C29: m | D29: 2.28 | E29: =B29*D29 | F29: 2.28 €/m τρέχον τένοντα (συμπεριλαμβάνει +1.0m)
A30: 4.4 Προένταση Αγκυρώσεων (Stressing & Lock-off) | B30: ='1_Στοιχεία_Μελέτης_&_Ποσότητες'!B93 | C30: τεμ. | D30: 18 | E30: =B30*D30 | F30: 18.00 € ανά οπή / αγκύρωση
A31: 4.5 Κεφαλή Αγκύρωσης (Anchor Head, Wedges, Plate) | B31: ='1_Στοιχεία_Μελέτης_&_Ποσότητες'!B93 | C31: τεμ. | D31: 55 | E31: =B31*D31 | F31: 55.00 € ανά οπή / αγκύρωση πλήρες σετ
A32: ΣΥΝΟΛΟ ΠΥΛΩΝΑ 4 (ΑΓΚΥΡΩΣΕΙΣ) | E32: =SUM(E27:E31)
A34: ΤΕΛΙΚΑ ΣΥΝΟΛΑ ΠΡΟΣΦΟΡΑΣ (ΓΕΝΙΚΑ ΕΞΟΔΑ & ΚΕΡΔΟΣ ΕΝΣΩΜΑΤΩΜΕΝΑ ΣΤΙΣ ΤΙΜΕΣ)
A35: ΚΑΘΑΡΟ ΣΥΝΟΛΟ ΠΡΟΣΦΟΡΑΣ (ΠΡΟ Φ.Π.Α.) | E35: =E9+E16+E24+E32 | F35: Άθροισμα 4 Πυλώνων (Περιλαμβάνει Γενικά Έξοδα & Όφελος)
A36: Φ.Π.Α. (19%) | E36: =ROUND(E35*0.19, 2) | F36: Νόμιμος Φ.Π.Α. Κύπρου (19%)
A37: ΤΕΛΙΚΟ ΠΛΗΡΩΤΕΟ ΠΟΣΟ (ΜΕ Φ.Π.Α.) | E37: =E35+E36 | F37: Τελικό πληρωτέο ποσό έργου
A39: ΒΑΣΙΚΟΙ ΔΕΙΚΤΕΣ ΚΟΣΤΟΥΣ & VALUE ENGINEERING (KPIs)
A40: KPI 1: Συνολικό Κόστος ανά m² Μετώπου Εκσκαφής | E40: =ROUND(E35/'1_Στοιχεία_Μελέτης_&_Ποσότητες'!B67, 2) | F40: ="Καθαρό σύνολο / " & TEXT('1_Στοιχεία_Μελέτης_&_Ποσότητες'!B67, "#,##0.00") & " m²"
A41: KPI 2: Συνολικό Κόστος ανά Αγκύρωση (Πλήρες Σύστημα) | E41: =ROUND(E32/'1_Στοιχεία_Μελέτης_&_Ποσότητες'!B93, 2) | F41: ="Σύνολο Πυλώνα 4 / " & '1_Στοιχεία_Μελέτης_&_Ποσότητες'!B93 & " αγκυρώσεις"
A42: KPI 3: Συνολικό Κόστος Σχαρών & Shotcrete ανά m² Μετώπου | E42: =ROUND(E16/'1_Στοιχεία_Μελέτης_&_Ποσότητες'!B67, 2) | F42: ="Σύνολο Πυλώνα 2 / " & TEXT('1_Στοιχεία_Μελέτης_&_Ποσότητες'!B67, "#,##0.00") & " m²"
A43: KPI 4: Συνολικό Κόστος H-Beams ανά Πάσσαλο / Οπή | E43: =ROUND(E24/'1_Στοιχεία_Μελέτης_&_Ποσότητες'!B30, 2) | F43: ="Σύνολο Πυλώνα 3 / " & '1_Στοιχεία_Μελέτης_&_Ποσότητες'!B30 & " οπές"

Sheet 3_Πίνακες_Διατομών_Χάλυβα
A1: ΒΙΒΛΙΟΘΗΚΗ ΔΙΑΤΟΜΩΝ ΧΑΛΥΒΑ (EUROPEAN STRUCTURAL STEEL PROFILES)
A2: Τεχνικά χαρακτηριστικά & βάρη ανά μέτρο για διατομές HEA, HEB, UPN & Γωνιών (L)
A4: 1. ΔΙΑΤΟΜΕΣ HEA (Ευρωπαϊκά Πλατύπελμα Ελαφρού Τύπου)
A5: Ονομασία Διατομής | B5: Ύψος h (mm) | C5: Πλάτος b (mm) | D5: Πάχος tw (mm) | E5: Πάχος tf (mm) | F5: Διατομή A (cm²) | G5: Βάρος (kg / m)
A6: HEA 140 | B6: 133 | C6: 140 | D6: 5.5 | E6: 8.5 | F6: 31.4 | G6: 24.7
A7: HEA 160 | B7: 152 | C7: 160 | D7: 6 | E7: 9 | F7: 38.8 | G7: 30.4
A8: HEA 180 | B8: 171 | C8: 180 | D8: 6 | E8: 9.5 | F8: 45.3 | G8: 35.5
A9: HEA 200 | B9: 190 | C9: 200 | D9: 6.5 | E9: 10 | F9: 53.8 | G9: 42.3
A10: HEA 220 | B10: 210 | C10: 220 | D10: 7 | E10: 11 | F10: 64.3 | G10: 50.5
A11: HEA 240 | B11: 230 | C11: 240 | D11: 7.5 | E11: 12 | F11: 76.8 | G11: 60.3
A12: HEA 260 | B12: 250 | C12: 260 | D12: 7.5 | E12: 12.5 | F12: 86.8 | G12: 68.2
A13: HEA 280 | B13: 270 | C13: 280 | D13: 8 | E13: 13 | F13: 97.3 | G13: 76.4
A14: HEA 300 | B14: 290 | C14: 300 | D14: 8.5 | E14: 14 | F14: 112.5 | G14: 88.3
A16: 2. ΔΙΑΤΟΜΕΣ HEB (Ευρωπαϊκά Πλατύπελμα Κανονικού Τύπου)
A17: Ονομασία Διατομής | B17: Ύψος h (mm) | C17: Πλάτος b (mm) | D17: Πάχος tw (mm) | E17: Πάχος tf (mm) | F17: Διατομή A (cm²) | G17: Βάρος (kg / m)
A18: HEB 140 | B18: 140 | C18: 140 | D18: 7 | E18: 12 | F18: 43 | G18: 33.7
A19: HEB 160 | B19: 160 | C19: 160 | D19: 8 | E19: 13 | F19: 54.3 | G19: 42.6
A20: HEB 180 | B20: 180 | C20: 180 | D20: 8.5 | E20: 14 | F20: 65.3 | G20: 51.2
A21: HEB 200 | B21: 200 | C21: 200 | D21: 9 | E21: 15 | F21: 78.1 | G21: 61.3
A22: HEB 220 | B22: 220 | C22: 220 | D22: 9.5 | E22: 16 | F22: 91 | G22: 71.5
A23: HEB 240 | B23: 240 | C23: 240 | D23: 10 | E23: 17 | F23: 106 | G23: 83.2
A24: HEB 260 | B24: 260 | C24: 260 | D24: 10 | E24: 17.5 | F24: 118.4 | G24: 93
A25: HEB 280 | B25: 280 | C25: 280 | D25: 10.5 | E25: 18 | F25: 131.4 | G25: 103
A26: HEB 300 | B26: 300 | C26: 300 | D26: 11 | E26: 19 | F26: 149.1 | G26: 117
A28: 3. ΔΙΑΤΟΜΕΣ UPN (Ευρωπαϊκά Κοίλα Προφίλ U)
A29: Ονομασία Διατομής | B29: Ύψος h (mm) | C29: Πλάτος b (mm) | D29: Πάχος tw (mm) | E29: Πάχος tf (mm) | F29: Διατομή A (cm²) | G29: Βάρος (kg / m)
A30: UPN 140 | B30: 140 | C30: 60 | D30: 7 | E30: 10 | F30: 20.4 | G30: 16
A31: UPN 160 | B31: 160 | C31: 65 | D31: 7.5 | E31: 10.5 | F31: 24 | G31: 18.8
A32: UPN 180 | B32: 180 | C32: 70 | D32: 8 | E32: 11 | F32: 28 | G32: 22
A33: UPN 200 | B33: 200 | C33: 75 | D33: 8.5 | E33: 11.5 | F33: 32.2 | G33: 25.3
A34: UPN 220 | B34: 220 | C34: 80 | D34: 9 | E34: 12.5 | F34: 37.4 | G34: 29.4
A35: UPN 240 | B35: 240 | C35: 85 | D35: 9.5 | E35: 13 | F35: 42.3 | G35: 33.2
A36: UPN 260 | B36: 260 | C36: 90 | D36: 10 | E36: 14 | F36: 48.3 | G36: 37.9
A37: UPN 280 | B37: 280 | C37: 95 | D37: 10 | E37: 15 | F37: 53.3 | G37: 41.8
A38: UPN 300 | B38: 300 | C38: 100 | D38: 10 | E38: 16 | F38: 58.8 | G38: 46.2
A40: 4. ΙΣΟΣΚΕΛΕΙΣ ΓΩΝΙΕΣ (Equal Angles L)
A41: Ονομασία Διατομής | B41: Ύψος h (mm) | C41: Πλάτος b (mm) | D41: Πάχος tw (mm) | E41: Πάχος tf (mm) | F41: Διατομή A (cm²) | G41: Βάρος (kg / m)
A42: L 50x50x5 | B42: 50 | C42: 50 | D42: 5 | E42: 5 | F42: 4.8 | G42: 3.77
A43: L 60x60x6 | B43: 60 | C43: 60 | D43: 6 | E43: 6 | F43: 6.91 | G43: 5.42
A44: L 70x70x6 | B44: 70 | C44: 70 | D44: 6 | E44: 6 | F44: 8.13 | G44: 6.38
A45: L 70x70x7 | B45: 70 | C45: 70 | D45: 7 | E45: 7 | F45: 9.4 | G45: 7.38
A46: L 80x80x8 | B46: 80 | C46: 80 | D46: 8 | E46: 8 | F46: 12.3 | G46: 9.63
A47: L 90x90x9 | B47: 90 | C47: 90 | D47: 9 | E47: 9 | F47: 15.5 | G47: 12.2
A48: L 100x100x10 | B48: 100 | C48: 100 | D48: 10 | E48: 10 | F48: 19.2 | G48: 15
