Workbook
Name N_b2_breaking_note: 'Τεχνικοί Υπολογισμοί'!$G$61
Name N_b2_breaking_price: 'Τεχνικοί Υπολογισμοί'!$E$61
Name N_b2_breaking_qty: 'Τεχνικοί Υπολογισμοί'!$D$61
Name N_b2_breaking_total: 'Τεχνικοί Υπολογισμοί'!$F$61
Name N_b2_conc_note: 'Τεχνικοί Υπολογισμοί'!$G$55
Name N_b2_conc_price: 'Τεχνικοί Υπολογισμοί'!$E$55
Name N_b2_conc_qty: 'Τεχνικοί Υπολογισμοί'!$D$55
Name N_b2_conc_total: 'Τεχνικοί Υπολογισμοί'!$F$55
Name N_b2_drill_800_note: 'Τεχνικοί Υπολογισμοί'!$G$54
Name N_b2_drill_800_price: 'Τεχνικοί Υπολογισμοί'!$E$54
Name N_b2_drill_800_qty: 'Τεχνικοί Υπολογισμοί'!$D$54
Name N_b2_drill_800_total: 'Τεχνικοί Υπολογισμοί'!$F$54
Name N_b2_grand_total: 'Τεχνικοί Υπολογισμοί'!$F$62
Name N_b2_grand_total_note: 'Τεχνικοί Υπολογισμοί'!$G$62
Name N_b2_mob_note: 'Τεχνικοί Υπολογισμοί'!$G$53
Name N_b2_mob_price: 'Τεχνικοί Υπολογισμοί'!$E$53
Name N_b2_mob_qty: 'Τεχνικοί Υπολογισμοί'!$D$53
Name N_b2_mob_total: 'Τεχνικοί Υπολογισμοί'!$F$53
Name N_b2_sleeve_note: 'Τεχνικοί Υπολογισμοί'!$G$60
Name N_b2_sleeve_price: 'Τεχνικοί Υπολογισμοί'!$E$60
Name N_b2_sleeve_qty: 'Τεχνικοί Υπολογισμοί'!$D$60
Name N_b2_sleeve_total: 'Τεχνικοί Υπολογισμοί'!$F$60
Name N_b2_steel_head_note: 'Τεχνικοί Υπολογισμοί'!$G$58
Name N_b2_steel_head_price: 'Τεχνικοί Υπολογισμοί'!$E$58
Name N_b2_steel_head_qty: 'Τεχνικοί Υπολογισμοί'!$D$58
Name N_b2_steel_head_total: 'Τεχνικοί Υπολογισμοί'!$F$58
Name N_b2_steel_note: 'Τεχνικοί Υπολογισμοί'!$G$59
Name N_b2_steel_price: 'Τεχνικοί Υπολογισμοί'!$E$59
Name N_b2_steel_qty: 'Τεχνικοί Υπολογισμοί'!$D$59
Name N_b2_steel_spiral_note: 'Τεχνικοί Υπολογισμοί'!$G$57
Name N_b2_steel_spiral_price: 'Τεχνικοί Υπολογισμοί'!$E$57
Name N_b2_steel_spiral_qty: 'Τεχνικοί Υπολογισμοί'!$D$57
Name N_b2_steel_spiral_total: 'Τεχνικοί Υπολογισμοί'!$F$57
Name N_b2_steel_total: 'Τεχνικοί Υπολογισμοί'!$F$59
Name N_b2_steel_vert_note: 'Τεχνικοί Υπολογισμοί'!$G$56
Name N_b2_steel_vert_price: 'Τεχνικοί Υπολογισμοί'!$E$56
Name N_b2_steel_vert_qty: 'Τεχνικοί Υπολογισμοί'!$D$56
Name N_b2_steel_vert_total: 'Τεχνικοί Υπολογισμοί'!$F$56
Name N_c_barlen: 'Τεχνικοί Υπολογισμοί'!$D$68
Name N_c_density: 'Τεχνικοί Υπολογισμοί'!$D$67
Name N_c_lap: 'Τεχνικοί Υπολογισμοί'!$D$69
Name N_c_loss: 'Τεχνικοί Υπολογισμοί'!$D$66
Name N_c_overc: 'Τεχνικοί Υπολογισμοί'!$D$70
Name N_c_pi: 'Τεχνικοί Υπολογισμοί'!$D$71
Name N_c_starter_off: 'Τεχνικοί Υπολογισμοί'!$D$72
Name N_c_top_bend: 'Τεχνικοί Υπολογισμοί'!$D$73
Name N_conc_class: 'Τεχνικοί Υπολογισμοί'!$D$18
Name N_cover_mm: 'Τεχνικοί Υπολογισμοί'!$D$19
Name N_dist_km: 'Τιμές & Έλεγχος'!$D$6
Name N_extra_zones: 'Τεχνικοί Υπολογισμοί'!$D$9
Name N_g0_bottom_bend: 'Τεχνικοί Υπολογισμοί'!$D$32
Name N_g0_breaking: 'Τεχνικοί Υπολογισμοί'!$D$98
Name N_g0_count: 'Τεχνικοί Υπολογισμοί'!$D$23
Name N_g0_cutoff: 'Τεχνικοί Υπολογισμοί'!$D$26
Name N_g0_D_cage: 'Τεχνικοί Υπολογισμοί'!$D$83
Name N_g0_D_mm: 'Τεχνικοί Υπολογισμοί'!$D$24
Name N_g0_dh: 'Τεχνικοί Υπολογισμοί'!$D$77
Name N_g0_end_zone: 'Τεχνικοί Υπολογισμοί'!$D$36
Name N_g0_extra_len: 'Τεχνικοί Υπολογισμοί'!$D$41
Name N_g0_extra_n: 'Τεχνικοί Υπολογισμοί'!$D$39

Sheet Οικονομική Προσφορά
A1: ΘΕΜΕΛΙΟΤΕΧΝΙΚΗ ΛΤΔ — ΟΙΚΟΝΟΜΙΚΗ ΠΡΟΣΦΟΡΑ ΠΑΣΣΑΛΩΝ
A2: Έργο: ΠΟΛΥΚΑΤΟΙΚΙΑ KHALDOON AND OMAR (APARTMENT BUILDING) | Πελάτης: C+ Studio / LE. IR CY DEVELOPMENTS LTD (Khaldoon & Omar) | Τοποθεσία: Λάρνακα (Μετακίνηση: 1.000€ Λεμεσός + 200€/10km + 8€/km Συνοδεία Αστυνομίας) | Τιμές από Φύλλο 3: «Τιμές & Έλεγχος»
A7: Α/Α | B7: Περιγραφή Εργασίας / Υλικού | C7: Ποσότητα | D7: Μονάδα | E7: Τιμή Μονάδας (€) [Από «Τιμές & Έλεγχος»] | F7: Σύνολο (€) | G7: Μέσο Κόστος ανά Πάσσαλο (€)
A8: 1 | B8: Μετακινήσεις γεωτρύπανου & Συνοδεία Αστυνομίας (επιμερισμός ανά πάσσαλο) | C8: ='Τεχνικοί Υπολογισμοί'!$D$14 -> 18 | D8: πάσσαλο | E8: ='Τεχνικοί Υπολογισμοί'!$D$15 -> 177.77778 | F8: =$C$8*$E$8 -> 3200 | G8: =$F$8/'Τεχνικοί Υπολογισμοί'!$D$14 -> 177.77778
A9: 2 | B9: Τρύπημα / διάτρηση πασσάλων Ø800mm (18 τεμ.) | C9: ='Τεχνικοί Υπολογισμοί'!$D$45 -> 342.9 | D9: m | E9: ='Τιμές & Έλεγχος'!$D$9 -> 90 | F9: =$C$9*$E$9 -> 30861 | G9: =$F$9/'Τεχνικοί Υπολογισμοί'!$D$14 -> 1714.5
A10: 3 | B10: ="Σκυροδέτηση πασσάλων "&'Τεχνικοί Υπολογισμοί'!$D$18&" (με απώλεια +"&ROUND('Τεχνικοί Υπολογισμοί'!$D$66*100,0)&"%)" -> Σκυροδέτηση πασσάλων C40/50 (με απώλεια +10%) | C10: ='Τεχνικοί Υπολογισμοί'!$D$46 -> 174.41871 | D10: m³ | E10: ='Τιμές & Έλεγχος'!$D$21 -> 116 | F10: =$C$10*$E$10 -> 20232.57 | G10: =$F$10/'Τεχνικοί Υπολογισμοί'!$D$14 -> 1124.0317
A11: 4 | B11: ="Χάλυβας οπλισμού B500C (κάθετα σίδερα "&'Τεχνικοί Υπολογισμοί'!$D$28&"Φ"&'Τεχνικοί Υπολογισμοί'!$D$29&", σούστα Φ"&'Τεχνικοί Υπολογισμοί'!$D$34&"/"&ROUND('Τεχνικοί Υπολογισμοί'!$D$37/10,0)&" & στεφάνια αναμονής)" -> Χάλυβας οπλισμού B500C (κάθετα σίδερα 16Φ20, σούστα Φ10/15 & στεφάνια αναμονής) | C11: ='Τεχνικοί Υπολογισμοί'!$D$47 -> 15091.818 | D11: kg | E11: ='Τιμές & Έλεγχος'!$D$10 -> 1.1 | F11: =$C$11*$E$11 -> 16601 | G11: =$F$11/'Τεχνικοί Υπολογισμοί'!$D$14 -> 922.27776
A12: 5 | B12: ="Sleeves προστασίας αναμονών starter (Sleeve Φ32 για κάθετα σίδερα Φ"&'Τεχνικοί Υπολογισμοί'!$D$29&")" -> Sleeves προστασίας αναμονών starter (Sleeve Φ32 για κάθετα σίδερα Φ20) | C12: ='Τεχνικοί Υπολογισμοί'!$D$48 -> 288 | D12: τεμ. | E12: ='Τιμές & Έλεγχος'!$D$35 -> 3 | F12: =$C$12*$E$12 -> 864 | G12: =$F$12/'Τεχνικοί Υπολογισμοί'!$D$14 -> 48
A13: 6 | B13: Κεφαλοκοπή πασσάλων / Pile Breaking | C13: ='Τεχνικοί Υπολογισμοί'!$D$49 -> 18 | D13: τεμ. | E13: ='Τιμές & Έλεγχος'!$D$11 -> 150 | F13: =$C$13*$E$13 -> 2700 | G13: =$F$13/'Τεχνικοί Υπολογισμοί'!$D$14 -> 150
A14: ΓΕΝΙΚΟ ΣΥΝΟΛΟ ΠΡΟΣΦΟΡΑΣ (ΧΩΡΙΣ Φ.Π.Α.) | F14: =$F$8+$F$9+$F$10+$F$11+$F$12+$F$13 -> 74458.57 | G14: =$F$14/'Τεχνικοί Υπολογισμοί'!$D$14 -> 4136.5872
A16: ΟΡΟΙ, ΠΑΡΑΔΟΧΕΣ & ΠΑΡΑΤΗΡΗΣΕΙΣ (100% ΔΥΝΑΜΙΚΕΣ ΣΗΜΕΙΩΣΕΙΣ — ΕΝΗΜΕΡΩΝΟΝΤΑΙ ΑΥΤΟΜΑΤΑ ΑΠΟ ΤΟ ΦΥΛΛΟ «Τιμές & Έλεγχος»):
A17: ="1. Στις τιμές ΔΕΝ περιλαμβάνεται ο Φ.Π.Α. — Γενικό Σύνολο Προσφοράς: "&ROUND($F$14,2)&" € (Μέσο κόστος ανά πάσσαλο: "&ROUND($F$14/'Τεχνικοί Υπολογισμοί'!$D$14,2)&" € για "&'Τεχνικοί Υπολογισμοί'!$D$14&" πασσάλους)." -> 1. Στις τιμές ΔΕΝ περιλαμβάνεται ο Φ.Π.Α. — Γενικό Σύνολο Προσφοράς: 74458.57 € (Μέσο κόστος ανά πάσσαλο: 4136.59 € για 18 πασσάλους).
A18: ="2. Μετακινήσεις γεωτρύπανου: Βασική Λεμεσού ("&ROUND('Τιμές & Έλεγχος'!$D$7,2)&" €) + Εκτός Λεμεσού ανά "&ROUND('Τεχνικοί Υπολογισμοί'!$D$8,0)&"km ("&'Τεχνικοί Υπολογισμοί'!$D$9&" × "&ROUND('Τιμές & Έλεγχος'!$D$8,2)&" € = "&ROUND('Τεχνικοί Υπολογισμοί'!$D$9*'Τιμές & Έλεγχος'!$D$8,2)&" €) + Συνοδεία Αστυνομίας ("&ROUND('Τιμές & Έλεγχος'!$D$38,1)&" km × "&ROUND('Τιμές & Έλεγχος'!$D$39,2)&" €/km = "&ROUND('Τιμές & Έλεγχος'!$D$40,2)&" €) = "&ROUND('Τεχνικοί Υπολογισμοί'!$D$13,2)&" € ("&ROUND($E$8,2)&" €/πάσσαλο)." -> 2. Μετακινήσεις γεωτρύπανου: Βασική Λεμεσού (1000 €) + Εκτός Λεμεσού ανά 10km (8 × 200 € = 1600 €) + Συνοδεία Αστυνομίας (75 km × 8 €/km = 600 €) = 3200 € (177.78 €/πάσσαλο).
A19: ="3. Εκσκαφή / Διάτρηση (από στάθμη πλατφόρμας WPL "&ROUND('Τεχνικοί Υπολογισμοί'!$D$17,2)&"m): Ύψος σκυροδετημένου πασσάλου = "&ROUND('Τεχνικοί Υπολογισμοί'!$D$25,3)&"m, Συνολικά μέτρα διάτρησης = "&ROUND('Τεχνικοί Υπολογισμοί'!$D$45,2)&"m × Τιμή μέτρου ("&ROUND($E$9,2)&" €) = "&ROUND($F$9,2)&" €." -> 3. Εκσκαφή / Διάτρηση (από στάθμη πλατφόρμας WPL 0m): Ύψος σκυροδετημένου πασσάλου = 15.525m, Συνολικά μέτρα διάτρησης = 342.9m × Τιμή μέτρου (90 €) = 30861 €.
A20: ="4. Σκυρόδεμα "&'Τεχνικοί Υπολογισμοί'!$D$18&": ROUND(Αγορά "&ROUND('Τιμές & Έλεγχος'!$D$15,2)&" €/m³ + Τοποθέτηση "&ROUND('Τιμές & Έλεγχος'!$D$16,2)&" €/m³ + Αντλία "&ROUND('Τιμές & Έλεγχος'!$D$20,2)&" €/m³, 0) = "&ROUND($E$10,0)&" €/m³ × "&ROUND('Τεχνικοί Υπολογισμοί'!$D$46,2)&" m³ = "&ROUND($F$10,2)&" €." -> 4. Σκυρόδεμα C40/50: ROUND(Αγορά 94 €/m³ + Τοποθέτηση 15 €/m³ + Αντλία 6.71 €/m³, 0) = 116 €/m³ × 174.42 m³ = 20232.57 €.
A21: ="5. Οπλισμός κλωβού ("&'Τεχνικοί Υπολογισμοί'!$D$28&"Φ"&'Τεχνικοί Υπολογισμοί'!$D$29&" + σούστα Φ"&'Τεχνικοί Υπολογισμοί'!$D$34&"/"&ROUND('Τεχνικοί Υπολογισμοί'!$D$37/10,0)&"): Αναμονή starter = "&ROUND('Τεχνικοί Υπολογισμοί'!$D$30,2)&"m, Γωνία πάνω = "&ROUND('Τεχνικοί Υπολογισμοί'!$D$31,2)&"m, Γωνία κάτω = "&ROUND('Τεχνικοί Υπολογισμοί'!$D$32,2)&"m, Ύψος μάτισης = "&ROUND('Τεχνικοί Υπολογισμοί'!$D$33,2)&"m ("&'Τεχνικοί Υπολογισμοί'!$D$86&" μάτιση), Σπείρες σούστας = "&'Τεχνικοί Υπολογισμοί'!$D$90&" (με +1) + "&'Τεχνικοί Υπολογισμοί'!$D$93&" στεφάνια αναμονής (χωρίς +1) → "&ROUND('Τεχνικοί Υπολογισμοί'!$D$96,2)&" kg/πασσ., Σύνολο = "&ROUND('Τεχνικοί Υπολογισμοί'!$D$47,1)&" kg × Τιμή κιλού ("&ROUND($E$11,2)&" €) = "&ROUND($F$11,2)&" €." -> 5. Οπλισμός κλωβού (16Φ20 + σούστα Φ10/15): Αναμονή starter = 1m, Γωνία πάνω = 0m, Γωνία κάτω = 0m, Ύψος μάτισης = 1.15m (1 μάτιση), Σπείρες σούστας = 105 (με +1) + 7 στεφάνια αναμονής (χωρίς +1) → 838.43 kg/πασσ., Σύνολο = 15091.8 kg × Τιμή κιλού (1.1 €) = 16601 €.
A22: ="6. Sleeves αναμονών (Sleeve Φ32 για Φ"&'Τεχνικοί Υπολογισμοί'!$D$29&"): [Χρεωστέο μήκος "&ROUND('Τιμές & Έλεγχος'!$D$29,2)&"m × "&ROUND('Τιμές & Έλεγχος'!$D$27,4)&" €/m + Εργατικά ("&ROUND('Τιμές & Έλεγχος'!$D$31,4)&" €) + Τέλλα ("&ROUND('Τιμές & Έλεγχος'!$D$32,4)&" €) = "&ROUND('Τιμές & Έλεγχος'!$D$33,4)&" €] × "&ROUND('Τιμές & Έλεγχος'!$D$34,2)&" (Overhead/Profit/Damages) = "&ROUND($E$12,4)&" €/τεμ. × "&'Τεχνικοί Υπολογισμοί'!$D$48&" τεμ. = "&ROUND($F$12,2)&" € | Κεφαλοκοπή: "&'Τεχνικοί Υπολογισμοί'!$D$49&" τεμ. × "&ROUND($E$13,2)&" € = "&ROUND($F$13,2)&" €." -> 6. Sleeves αναμονών (Sleeve Φ32 για Φ20): [Χρεωστέο μήκος 1m × 1.34 €/m + Εργατικά (0.78 €) + Τέλλα (0.0876 €) = 2.2076 €] × 1.3 (Overhead/Profit/Damages) = 3 €/τεμ. × 288 τεμ. = 864 € | Κεφαλοκοπή: 18 τεμ. × 150 € = 2700 €.
A23: 7. Πληρωμή βάσει επιμετρήσεων πραγματικά εκτελεσθέντων μέτρων διάτρησης, κυβικών σκυροδέματος και κιλών οπλισμού. Όλες οι τιμές μονάδας ορίζονται στο Φύλλο 3 («Τιμές & Έλεγχος») και ενημερώνουν αυτόματα όλα τα φύλλα και τις σημειώσεις.

Sheet Τεχνικοί Υπολογισμοί
A1: ΘΕΜΕΛΙΟΤΕΧΝΙΚΗ ΛΤΔ — ΤΕΧΝΙΚΟΙ ΥΠΟΛΟΓΙΣΜΟΙ ΔΙΑΤΡΗΤΩΝ ΠΑΣΣΑΛΩΝ
A2: Έργο: ΠΟΛΥΚΑΤΟΙΚΙΑ KHALDOON AND OMAR (APARTMENT BUILDING) | Πελάτης: C+ Studio / LE. IR CY DEVELOPMENTS LTD (Khaldoon & Omar) | Μελέτη: X.S.N CIVIL ENGINEER L.L.C. (Xanthos Neofytou) — Project No. 2633 (07/2026) | Μηχανή v5.7 (Τιμές από Φύλλο 3: «Τιμές & Έλεγχος»)
A4: 1. ΔΕΔΟΜΕΝΑ ΣΧΕΔΙΟΥ & ΥΨΟΜΕΤΡΑ
A5: Κωδ. | B5: Παράμετρος | C5: Μονάδα | D5: Τιμή | G5: Παρατηρήσεις / Προέλευση
A6: Τομέας 1 — Μετακινήσεις & Συνοδεία Αστυνομίας (Τιμές από το Φύλλο 3: «Τιμές & Έλεγχος»)
A7: 1.1.1 | B7: Χιλιόμετρα εκτός Λεμεσού (0 km αν το έργο είναι μέσα στη Λεμεσό) | C7: km | D7: ='Τιμές & Έλεγχος'!$D$6 -> 75 | G7: Από Φύλλο 3 («Τιμές & Έλεγχος» Τ.1)
A8: 1.1.2 | B8: Βήμα χιλιομετρικής χρέωσης εκτός Λεμεσού (ανά 10 km) | C8: km | D8: 10 | G8: Τιμοκατάλογος (γρ. 28)
A9: 1.1.3 | B9: Δεκάδες χιλιομέτρων εκτός Λεμεσού (ανά 10 km) | C9: ζώνες | D9: =IF('Τιμές & Έλεγχος'!$D$6>0,ROUNDUP(ROUND('Τιμές & Έλεγχος'!$D$6/$D$8,9),0),0) -> 8 | G9: ROUNDUP(km εκτός Λεμεσού / 10, 0)
A10: 1.1.4 | B10: Μετακίνηση — βασική τιμή εντός Λεμεσού | C10: € | D10: ='Τιμές & Έλεγχος'!$D$7 -> 1000 | G10: Από Φύλλο 3 («Τιμές & Έλεγχος» Τ.2 = 1.000,00 €)
A11: 1.1.5 | B11: Μετακίνηση — επιβάρυνση ανά 10 km εκτός Λεμεσού | C11: € | D11: ='Τιμές & Έλεγχος'!$D$8 -> 200 | G11: Από Φύλλο 3 («Τιμές & Έλεγχος» Τ.3 = 200,00 €/10km)
A12: 1.1.6 | B12: Κόστος Συνοδείας Αστυνομίας (Χιλιόμετρα × 8,00 €/km) | C12: € | D12: ='Τιμές & Έλεγχος'!$D$40 -> 600 | G12: Από Φύλλο 3 («Τιμές & Έλεγχος» Τ.Δ.3 = police_km × 8,00 €/km)
A13: 1.1.7 | B13: Συνολικό εφάπαξ ποσό μετακίνησης & συνοδείας Αστυνομίας | C13: € | D13: ='Τιμές & Έλεγχος'!$D$7+$D$9*'Τιμές & Έλεγχος'!$D$8+'Τιμές & Έλεγχος'!$D$40 -> 3200 | G13: Βασική Λεμεσού (1.000€) + Δεκάδες km × 200€ + Συνοδεία Αστυνομίας
A14: 1.1.8 | B14: Συνολικό πλήθος πασσάλων έργου | C14: τεμ. | D14: =$D$23+$E$23 -> 18 | G14: Άθροισμα ομάδων
A15: 1.1.9 | B15: Επιμερισμένη μετακίνηση ανά πάσσαλο | C15: € | D15: =$D$13/$D$14 -> 177.77778 | G15: Συνολική μετακίνηση ÷ Πάσσαλοι
A16: Τομέας 2 — Υψόμετρα & Σκυρόδεμα (WPL κοινό για όλους, Cut-Off ανά πάσσαλο στον Τομέα 3)
A17: 1.2.1 | B17: Στάθμη πλατφόρμας γεωτρύπανου (WPL) — κοινή για όλους τους πασσάλους | C17: m | D17: 0 | G17: WPL = +0.00 m (βάσει email: «Τα Piles θα πρέπει να γίνουν μέχρι το +0.00» & σχεδίου S4.2)
A18: 1.2.2 | B18: Κατηγορία σκυροδέματος | C18: - | D18: C40/50 | G18: Από σχέδιο S4.2 («Concrete Strength : C40/50 MPa» & πίνακας αναμονών C40/50)
A19: 1.2.3 | B19: Επικάλυψη οπλισμού (Cover) | C19: mm | D19: 75 | G19: Από σχέδιο S4.2 («Cover - 75mm»)
A20: Τομέας 3 — Ομάδες πασσάλων & κλωβός οπλισμού (μία στήλη ανά ομάδα)
A21: Κωδ. | B21: Παράμετρος | C21: Μονάδα | D21: Ομάδα 1 | E21: Ομάδα 2 | G21: Παρατηρήσεις
A22: 1.3.0 | B22: Πάσσαλοι | D22: Ø800 (Cut-Off -3.475m) P1–P6, P8–P18 | E22: Ø800 (Cut-Off -4.375m) P7 (Ανελκυστήρας)
A23: 1.3.1 | B23: Πλήθος πασσάλων ομάδας | C23: τεμ. | D23: 17 | E23: 1 | F23: =$D$23+$E$23 -> 18 | G23: Από Κατάλογο Πασσάλων & κάτοψη Χάραξης Πασσάλων (Φύλλο S4.1): P1–P18 = 18 τεμ.
A24: 1.3.2 | B24: Διάμετρος τρύπας πασσάλου | C24: mm | D24: 800 | E24: 800 | G24: Από Κατάλογο Πασσάλων S4.1 (800 mm) & Λεπτομέρεια Πασσάλων S4.2 (PILE 800mm)
A25: 1.3.3 | B25: Ύψος σκυροδετημένου πασσάλου (κάτω από το Cut-Off) | C25: m | D25: 15.525 | E25: 15.525 | G25: Ύψος σκυροδετημένου πασσάλου κάτω από το Cut-Off: 15.525 m (CAST HEIGHT στο S4.2) για όλους τους 18 πασσάλους (διόρθωση λάθους μελέτης στον P7 ώστε να παραμείνει ίδιο μέγεθος σκυροδετημένου πασσάλου)
A26: 1.3.4 | B26: Στάθμη αποκοπής κεφαλής πασσάλου (Cut-Off) | C26: m | D26: -3.475 | E26: -4.375 | G26: Από Κατάλογο Πασσάλων S4.1: -3475 mm (-3.475 m) για P1–P6, P8–P18 και -4375 mm (-4.375 m, 90 cm βαθύτερα) για P7 (ανελκυστήρας)
A27: 1.3.5 | B27: Βάθος / Πάχος πεδιλόπλακας | C27: m | D27: 0.85 | E27: 0.7 | G27: Από λεπτομέρειες θεμελίωσης S7.1: 0.85 m (-3.60 έως -2.75) στο υπόγειο και 0.70 m (-5.00 έως -4.30) στον ανελκυστήρα
A28: 1.3.6 | B28: Κάθετα σίδερα κλωβού — Πλήθος | C28: τεμ. | D28: 16 | E28: 16 | G28: Από σχέδιο S4.2: «Vertical 16Y20» / «16nos Y20»
A29: 1.3.7 | B29: Κάθετα σίδερα κλωβού — Διάμετρος Φ | C29: mm | D29: 20 | E29: 20 | G29: Από σχέδιο S4.2: Y20 (20 mm) — καθορίζει και την τιμή του sleeve ανά μέγεθος σιδήρου Φ
A30: 1.3.8 | B30: Ύψος αναμονής / Starter (κενό σχεδίου → πεδιλόπλακα − 0.10m) | C30: m | D30: 1 | E30: 1 | G30: Από σχέδιο S4.2: 100 cm (1.00 m) από Cut-Off Level έως Top of Steel
A31: 1.3.9 | B31: Γωνία πάνω (κενό σχεδίου → 0.50m) | C31: m | D31: 0 | E31: 0 | G31: 0.00 m — το σχέδιο S4.2 δείχνει ευθύγραμμες αναμονές χωρίς γωνία (επιβεβαίωση χρήστη)
A32: 1.3.10 | B32: Γωνία κάτω (στον πυθμένα) | C32: m | D32: 0 | E32: 0 | G32: 0.00 m — το σχέδιο S4.2 δείχνει ευθύγραμμη απόληξη στον πυθμένα χωρίς γωνία
A33: 1.3.11 | B33: Ύψος μάτισης (κενό σχεδίου → 50×Φ) | C33: m | D33: 1.15 | E33: 1.15 | G33: Από σχέδιο S4.2: αναγράφεται ρητά 115 cm (1.15 m) στην τομή του πασσάλου (ο κανόνας 50Φ μπαίνει μόνο όταν δεν δίνεται στο σχέδιο)
A34: 1.3.12 | B34: Σούστα & στεφάνια — Διάμετρος Φ | C34: mm | D34: 10 | E34: 10 | G34: Από σχέδιο S4.2: «Horizontal Y10/150» / «Y10 @ 150mm c/c»
A35: 1.3.13 | B35: Βήμα σούστας στα άκρα (πρώτα & τελευταία μέτρα) | C35: mm | D35: 150 | E35: 150 | G35: 150 mm (ενιαίο βήμα σούστας σε όλο το μήκος)
... A37: 1.3.15 | B37: Βήμα σούστας (απόσταση μεταξύ σπειρών) | C37: mm | D37: 150 | E37: 150 | G37: Από σχέδιο S4.2: 150 mm («Y10 @ 150mm c/c»)
A38: 1.3.16 | B38: Στεφάνια αναμονής starter — ρητά από σχέδιο (κενό → υπολογισμός) | C38: τεμ. | D38: — | E38: — | G38: Κανόνας εταιρείας RULES_v5 §11.3: ROUNDUP(Starter / βήμα) = ROUNDUP(1000 / 150) = 7 τεμ. (χωρίς +1)
A39: 1.3.17 | B39: Πρόσθετος οπλισμός (U-bars κ.λπ.) — Πλήθος | C39: τεμ. | D39: 0 | E39: 0 | G39: Δεν προβλέπεται πρόσθετος οπλισμός (U-bars κ.λπ.) στο S4.2
A40: 1.3.18 | B40: Πρόσθετος οπλισμός — Διάμετρος Φ | C40: mm | D40: 0 | E40: 0 | G40: —
A41: 1.3.19 | B41: Πρόσθετος οπλισμός — Μήκος ανά βέργα | C41: m | D41: 0 | E41: 0 | G41: —
A43: 2. ΤΕΛΙΚΕΣ ΠΟΣΟΤΗΤΕΣ ΓΙΑ ΤΗΝ ΟΙΚΟΝΟΜΙΚΗ ΠΡΟΣΦΟΡΑ
A44: Κωδ. | B44: Ποσότητα | C44: Μονάδα | D44: Σύνολο Έργου | E44: Πλήθος Πασσάλων | F44: Μέση ανά Πάσσαλο | G44: Τροφοδοτεί
A45: 2.1 | B45: Τρέχοντα μέτρα διάτρησης Ø800mm | C45: m | D45: =$D$23*$D$79+$E$23*$E$79 -> 342.9 | E45: =$D$23+$E$23 -> 18 | F45: =$D$45/$E$45 -> 19.05 | G45: Φύλλο 1
A46: 2.2 | B46: ="Σκυρόδεμα "&$D$18&" με απώλεια" -> Σκυρόδεμα C40/50 με απώλεια | C46: m³ | D46: =$F$82 -> 174.41871 | E46: =$D$14 -> 18 | F46: =$D$46/$E$46 -> 9.6899284 | G46: Φύλλο 1
A47: 2.3 | B47: Χάλυβας οπλισμού B500C (κάθετα σίδερα + σούστα + στεφάνια αναμονής) | C47: kg | D47: =$F$96 -> 15091.818 | E47: =$D$14 -> 18 | F47: =$D$47/$E$47 -> 838.43432 | G47: Φύλλο 1
A48: 2.4 | B48: ="Sleeves προστασίας αναμονών starter (Sleeve Φ32 για Φ"&$D$29&")" -> Sleeves προστασίας αναμονών starter (Sleeve Φ32 για Φ20) | C48: τεμ. | D48: =$F$97 -> 288 | E48: =$D$14 -> 18 | F48: =$D$48/$E$48 -> 16 | G48: Φύλλο 1
A49: 2.5 | B49: Κεφαλοκοπή πασσάλων (σπάσιμο κεφαλής) | C49: τεμ. | D49: =$F$98 -> 18 | E49: =$D$14 -> 18 | F49: =$D$49/$E$49 -> 1 | G49: Φύλλο 1
A51: 2Β. ΣΥΓΚΕΝΤΡΩΤΙΚΟΣ ΠΙΝΑΚΑΣ ΠΡΑΞΕΩΝ, ΠΟΣΟΤΗΤΩΝ & ΤΙΜΩΝ (ΤΙΜΕΣ ΑΠΟ ΦΥΛΛΟ 3: «Τιμές & Έλεγχος»)
A52: Κωδ. | B52: Πράξη / Εργασία (Εκσκαφή, Σκυρόδεμα, Οπλισμός κ.λπ.) | C52: Μονάδα | D52: Συνολική Ποσότητα | E52: Τιμή Μονάδας (€) [Από «Τιμές & Έλεγχος»] | F52: Συνολικό Κόστος (€) | G52: Ανθρώπινη Επεξήγηση Πράξεων (Για Έλεγχο από Μηχανικό / Μάστρο — 100% Δυναμική)
A53: 2Β.1 | B53: Μετακινήσεις γεωτρύπανου & Συνοδεία Αστυνομίας (επιμερισμός ανά πάσσαλο) | C53: πάσσαλο | D53: =$D$14 -> 18 | E53: =$D$15 -> 177.77778 | F53: =$D$53*$E$53 -> 3200 | G53: ="Βασική Λεμεσού ("&ROUND('Τιμές & Έλεγχος'!$D$7,2)&" €) + Εκτός Λεμεσού ανά "&ROUND($D$8,0)&"km ("&$D$9&" × "&ROUND('Τιμές & Έλεγχος'!$D$8,2)&" € = "&ROUND($D$9*'Τιμές & Έλεγχος'!$D$8,2)&" €) + Συνοδεία Αστυνομίας ("&ROUND('Τιμές & Έλεγχος'!$D$38,1)&" km × "&ROUND('Τιμές & Έλεγχος'!$D$39,2)&" €/km = "&ROUND('Τιμές & Έλεγχος'!$D$40,2)&" €) = Σύνολο ("&ROUND($D$13,2)&" €) ÷ Πάσσαλοι ("&$D$14&") = "&ROUND($D$15,2)&" €/πάσσαλο" -> Βασική Λεμεσού (1000 €) + Εκτός Λεμεσού ανά 10km (8 × 200 € = 1600 €) + Συνοδεία Αστυνομίας (75 km × 8 €/km = 600 €) = Σύνολο (3200 €) ÷ Πάσσαλοι (18) = 177.78 €/πάσσαλο
A54: 2Β.2 | B54: Εκσκαφή / Διάτρηση πασσάλων Ø800mm (18 τεμ.) | C54: m | D54: =$D$45 -> 342.9 | E54: ='Τιμές & Έλεγχος'!$D$9 -> 90 | F54: =$D$54*$E$54 -> 30861 | G54: ="Τρύπημα: "&$D$23&" πασσ. × [Ύψος πασσάλου ("&ROUND($D$25,3)&"m) + Κενό τρύπημα ("&ROUND($D$77,3)&"m) = "&ROUND($D$79,2)&"m]" & " + " & $E$23&" πασσ. × [Ύψος πασσάλου ("&ROUND($E$25,3)&"m) + Κενό τρύπημα ("&ROUND($E$77,3)&"m) = "&ROUND($E$79,2)&"m]"&" = Σύνολο ("&ROUND($D$54,2)&"m) × Τιμή μέτρου ("&ROUND($E$54,2)&" €) = "&ROUND($F$54,2)&" €" -> Τρύπημα: 17 πασσ. × [Ύψος πασσάλου (15.525m) + Κενό τρύπημα (3.475m) = 19m] + 1 πασσ. × [Ύψος πασσάλου (15.525m) + Κενό τρύπημα (4.375m) = 19.9m] = Σύνολο (342.9m) × Τιμή μέτρου (90 €) = 30861 €
A55: 2Β.3 | B55: ="Σκυρόδεμα πασσάλων "&$D$18&" (με +"&ROUND($D$66*100,0)&"% απώλεια)" -> Σκυρόδεμα πασσάλων C40/50 (με +10% απώλεια) | C55: m³ | D55: =$D$46 -> 174.41871 | E55: ='Τιμές & Έλεγχος'!$D$21 -> 116 | F55: =$D$55*$E$55 -> 20232.57 | G55: ="Κουγκρί ανά πάσσαλο: Εμβαδόν Ø"&$D$24&"mm × [Ύψος πασσάλου ("&ROUND($D$25,3)&"m) + Υπερκάλυψη ("&ROUND($D$78,2)&"m) = "&ROUND($D$81,3)&"m] × Απώλεια (+"&ROUND($D$66*100,0)&"%) = "&ROUND($D$82,3)&" m³/πασσ. → Σύνολο ("&ROUND($D$55,2)&" m³) × Στρογγυλοποιημένη Τιμή κυβικού [ROUND(Αγορά "&ROUND('Τιμές & Έλεγχος'!$D$15,2)&" € + Τοποθέτηση "&ROUND('Τιμές & Έλεγχος'!$D$16,2)&" € + Αντλία "&ROUND('Τιμές & Έλεγχος'!$D$20,2)&" €, 0) = "&ROUND($E$55,0)&" €/m³] = "&ROUND($F$55,2)&" €" -> Κουγκρί ανά πάσσαλο: Εμβαδόν Ø800mm × [Ύψος πασσάλου (15.525m) + Υπερκάλυψη (2m) = 17.525m] × Απώλεια (+10%) = 9.69 m³/πασσ. → Σύνολο (174.42 m³) × Στρογγυλοποιημένη Τιμή κυβικού [ROUND(Αγορά 94 € + Τοποθέτηση 15 € + Αντλία 6.71 €, 0) = 116 €/m³] = 20232.57 €
A56: 2Β.4α | B56: ↳ Οπλισμός: Κάθετα σίδερα κλωβού | C56: kg | D56: =$F$89 -> 12553.691 | E56: ='Τιμές & Έλεγχος'!$D$10 -> 1.1 | F56: =$D$56*$E$56 -> 13809.06 | G56: ="Μήκος κάθετης βέργας = Ύψος πασσάλου ("&ROUND($D$25,3)&"m) + Ύψος αναμονής starter ("&ROUND($D$30,2)&"m) + Γωνία πάνω ("&ROUND($D$31,2)&"m) + Γωνία κάτω ("&ROUND($D$32,2)&"m) + Ύψος μάτισης ("&$D$86&" μάτιση × "&ROUND($D$33,2)&"m) = "&ROUND($D$87,3)&"m → "&$D$28&" σίδερα Φ"&$D$29&" × "&ROUND($D$87,3)&"m × Βάρος μέτρου ("&ROUND($D$88,3)&" kg/m) = "&ROUND($D$89,2)&" kg/πασσ. → Σύνολο ("&ROUND($D$56,1)&" kg) × "&ROUND($E$56,2)&" € = "&ROUND($F$56,2)&" €" -> Μήκος κάθετης βέργας = Ύψος πασσάλου (15.525m) + Ύψος αναμονής starter (1m) + Γωνία πάνω (0m) + Γωνία κάτω (0m) + Ύψος μάτισης (1 μάτιση × 1.15m) = 17.675m → 16 σίδερα Φ20 × 17.675m × Βάρος μέτρου (2.466 kg/m) = 697.43 kg/πασσ. → Σύνολο (12553.7 kg) × 1.1 € = 13809.06 €
A57: 2Β.4β | B57: ↳ Οπλισμός: Σούστα σώματος πασσάλου (κάτω από το Cut-Off, με +1) | C57: kg | D57: =$F$92 -> 2379.4938 | E57: ='Τιμές & Έλεγχος'!$D$10 -> 1.1 | F57: =$D$57*$E$57 -> 2617.4431 | G57: ="Αριθμός σπειρών σούστας = [Ύψος πασσάλου ("&ROUND($D$25,3)&"m) ÷ Βήμα σούστας ("&ROUND($D$37/1000,3)&"m) = "&($D$90-1)&"] + 1 = "&$D$90&" σπείρες × Περίμετρος στεφανιού κλωβού ("&ROUND($D$84,3)&"m) × Βάρος μέτρου Φ"&$D$34&" ("&ROUND($D$91,3)&" kg/m) = "&ROUND($D$92,2)&" kg/πασσ. → Σύνολο ("&ROUND($D$57,1)&" kg) × "&ROUND($E$57,2)&" € = "&ROUND($F$57,2)&" €" -> Αριθμός σπειρών σούστας = [Ύψος πασσάλου (15.525m) ÷ Βήμα σούστας (0.15m) = 104] + 1 = 105 σπείρες × Περίμετρος στεφανιού κλωβού (2.042m) × Βάρος μέτρου Φ10 (0.617 kg/m) = 132.19 kg/πασσ. → Σύνολο (2379.5 kg) × 1.1 € = 2617.44 €
A58: 2Β.4γ | B58: ↳ Οπλισμός: Στεφάνια αναμονής starter (πάνω από το Cut-Off, χωρίς +1) | C58: kg | D58: =$F$94 -> 158.63292 | E58: ='Τιμές & Έλεγχος'!$D$10 -> 1.1 | F58: =$D$58*$E$58 -> 174.49621 | G58: ="Αριθμός στεφανιών αναμονής = Ύψος αναμονής starter ("&ROUND($D$30,2)&"m) ÷ Βήμα ("&ROUND($D$37/1000,3)&"m) = "&$D$93&" στεφάνια (χωρίς +1) × Περίμετρος στεφανιού κλωβού ("&ROUND($D$84,3)&"m) × Βάρος μέτρου Φ"&$D$34&" ("&ROUND($D$91,3)&" kg/m) = "&ROUND($D$94,2)&" kg/πασσ. → Σύνολο ("&ROUND($D$58,1)&" kg) × "&ROUND($E$58,2)&" € = "&ROUND($F$58,2)&" €" -> Αριθμός στεφανιών αναμονής = Ύψος αναμονής starter (1m) ÷ Βήμα (0.15m) = 7 στεφάνια (χωρίς +1) × Περίμετρος στεφανιού κλωβού (2.042m) × Βάρος μέτρου Φ10 (0.617 kg/m) = 8.81 kg/πασσ. → Σύνολο (158.6 kg) × 1.1 € = 174.5 €
A59: 2Β.4 | B59: Χάλυβας οπλισμού B500C — ΣΥΝΟΛΟ ΚΛΩΒΟΥ (4α + 4β + 4γ) | C59: kg | D59: =$D$47 -> 15091.818 | E59: ='Τιμές & Έλεγχος'!$D$10 -> 1.1 | F59: =$D$59*$E$59 -> 16601 | G59: ="Συνολικό βάρος ανά πάσσαλο = Κάθετα σίδερα ("&ROUND($D$89,2)&" kg) + Σούστα σώματος ("&ROUND($D$92,2)&" kg) + Στεφάνια αναμονής ("&ROUND($D$94,2)&" kg) = "&ROUND($D$96,2)&" kg/πασσ. → Σύνολο έργου ("&ROUND($D$59,1)&" kg) × Τιμή κιλού ("&ROUND($E$59,2)&" €) = "&ROUND($F$59,2)&" € ("&ROUND($F$59/$D$14,2)&" €/πασσ.)" -> Συνολικό βάρος ανά πάσσαλο = Κάθετα σίδερα (697.43 kg) + Σούστα σώματος (132.19 kg) + Στεφάνια αναμονής (8.81 kg) = 838.43 kg/πασσ. → Σύνολο έργου (15091.8 kg) × Τιμή κιλού (1.1 €) = 16601 € (922.28 €/πασσ.)
A60: 2Β.5 | B60: ="Sleeves προστασίας αναμονών starter (Sleeve Φ32 για κάθετα σίδερα Φ"&$D$29&")" -> Sleeves προστασίας αναμονών starter (Sleeve Φ32 για κάθετα σίδερα Φ20) | C60: τεμ. | D60: =$D$48 -> 288 | E60: ='Τιμές & Έλεγχος'!$D$35 -> 3 | F60: =$D$60*$E$60 -> 864 | G60: ="Sleeve Φ32 (για σίδερα Φ"&$D$29&"): [Χρεωστέο μήκος ("&ROUND('Τιμές & Έλεγχος'!$D$29,2)&"m × "&ROUND('Τιμές & Έλεγχος'!$D$27,4)&" €/m = "&ROUND('Τιμές & Έλεγχος'!$D$30,4)&" €) + Εργατικά ("&ROUND('Τιμές & Έλεγχος'!$D$31,4)&" €) + Τέλλα ("&ROUND('Τιμές & Έλεγχος'!$D$32,4)&" €) = "&ROUND('Τιμές & Έλεγχος'!$D$33,4)&" €] × "&ROUND('Τιμές & Έλεγχος'!$D$34,2)&" (Overhead/Profit/Damages) = "&ROUND($E$60,4)&" €/τεμ. × "&$D$60&" τεμ. = "&ROUND($F$60,2)&" €" -> Sleeve Φ32 (για σίδερα Φ20): [Χρεωστέο μήκος (1m × 1.34 €/m = 1.34 €) + Εργατικά (0.78 €) + Τέλλα (0.0876 €) = 2.2076 €] × 1.3 (Overhead/Profit/Damages) = 3 €/τεμ. × 288 τεμ. = 864 €
A61: 2Β.6 | B61: Κεφαλοκοπή πασσάλων (σπάσιμο κεφαλής / Pile Breaking) | C61: τεμ. | D61: =$D$49 -> 18 | E61: ='Τιμές & Έλεγχος'!$D$11 -> 150 | F61: =$D$61*$E$61 -> 2700 | G61: ="Κεφαλοκοπή = "&$D$98&" σπάσιμο κεφαλής/πάσσαλο × "&$D$14&" πασσάλους = "&$D$61&" τεμάχια × Τιμή τεμαχίου ("&ROUND($E$61,2)&" €) = "&ROUND($F$61,2)&" € ("&ROUND($F$61/$D$14,2)&" €/πασσ.)" -> Κεφαλοκοπή = 1 σπάσιμο κεφαλής/πάσσαλο × 18 πασσάλους = 18 τεμάχια × Τιμή τεμαχίου (150 €) = 2700 € (150 €/πασσ.)
A62: ΓΕΝΙΚΟ ΣΥΝΟΛΟ ΕΡΓΟΥ (ΑΘΡΟΙΣΜΑ ΚΥΡΙΩΝ ΠΡΑΞΕΩΝ 2Β.1 ΕΩΣ 2Β.6 — ΧΩΡΙΣ Φ.Π.Α.) | F62: =$F$53+$F$54+$F$55+$F$59+$F$60+$F$61 -> 74458.57 | G62: ="Σύνολο Προσφοράς = "&ROUND($F$62,2)&" € | Μέσο Κόστος ανά Πάσσαλο = "&ROUND($F$62/$D$14,2)&" €/πάσσαλο ("&$D$14&" πάσσαλοι)" -> Σύνολο Προσφοράς = 74458.57 € | Μέσο Κόστος ανά Πάσσαλο = 4136.59 €/πάσσαλο (18 πάσσαλοι)
A64: 3. ΣΤΑΘΕΡΕΣ ΤΕΧΝΙΚΕΣ ΠΑΡΑΔΟΧΕΣ (αριθμοί στη Στήλη D)
A65: Κωδ. | B65: Παραδοχή | C65: Μονάδα | D65: Τιμή | G65: Προέλευση
A66: 3.1 | B66: Συντελεστής απώλειας σκυροδέματος | C66: % | D66: 0.1 | G66: Τιμοκατάλογος (γρ. 27)
A67: 3.2 | B67: Πυκνότητα χάλυβα ρ (kg/m³) | C67: - | D67: 7850 | G67: Τιμοκατάλογος (γρ. 26)
A68: 3.3 | B68: Μέγιστο εμπορικό μήκος βέργας | C68: m | D68: 12 | G68: Τιμοκατάλογος (γρ. 29)
A69: 3.4 | B69: Συντελεστής μάτισης (× Φ, αν δεν δίνεται στο σχέδιο) | C69: - | D69: 50 | G69: Τιμοκατάλογος (γρ. 30)
A70: 3.5 | B70: Μέγιστο ύψος υπερκάλυψης σκυροδέματος | C70: m | D70: 2 | G70: Τιμοκατάλογος (γρ. 31)
A71: 3.6 | B71: Μαθηματική σταθερά π | C71: - | D71: =PI() -> 3.1415927 | G71: PI()
A72: 3.7 | B72: Starter = βάθος πεδιλόπλακας − (αν δεν δίνεται starter) | C72: m | D72: 0.1 | G72: Κανόνας εταιρείας RULES_v5 §11.1
A73: 3.8 | B73: Γωνία πάνω (αν δεν δίνεται στο σχέδιο) | C73: m | D73: 0.5 | G73: Κανόνας εταιρείας RULES_v5 §11.2
A75: 4. ΑΝΑΛΥΤΙΚΑ ΜΑΘΗΜΑΤΙΚΑ ΒΗΜΑ-ΒΗΜΑ (τιμές ανά πάσσαλο, σύνολο = Σ πλήθος × τιμή)
A76: Βήμα | B76: Υπολογισμός | C76: Μονάδα | D76: Ομάδα 1 Ø800 (Cut-Off -3.475m) | E76: Ομάδα 2 Ø800 (Cut-Off -4.375m) | F76: Σύνολο Έργου | G76: Τρόπος Υπολογισμού (Ανθρώπινα)
A77: 1 | B77: Κενό τρύπημα (από πλατφόρμα μέχρι Cut-Off) | C77: m | D77: =$D$17-$D$26 -> 3.475 | E77: =$D$17-$E$26 -> 4.375 | F77: — | G77: Κενό τρύπημα = Στάθμη πλατφόρμας − Στάθμη αποκοπής (Cut-Off)
A78: 2 | B78: Ύψος υπερκάλυψης κουγκριού (πάνω από το Cut-Off) | C78: m | D78: =IF($D$77>0,MIN($D$70,$D$77),0) -> 2 | E78: =IF($E$77>0,MIN($D$70,$E$77),0) -> 2 | F78: — | G78: Υπερκάλυψη κουγκριού = έως +2.00m πάνω από το Cut-Off (όταν υπάρχει κενό τρύπημα)
A79: 3 | B79: Συνολικό βάθος τρυπήματος ανά πάσσαλο | C79: m | D79: =$D$25+MAX(0,$D$77) -> 19 | E79: =$E$25+MAX(0,$E$77) -> 19.9 | F79: =$D$23*$D$79+$E$23*$E$79 -> 342.9 | G79: Συνολικό βάθος τρυπήματος = Ύψος σκυροδετημένου πασσάλου + Κενό τρύπημα
A80: 4 | B80: Γεωμετρικός όγκος εκσκαφής τρύπας | C80: m³ | D80: =$D$71*($D$24/1000)^2/4*$D$79 -> 9.5504417 | E80: =$D$71*($E$24/1000)^2/4*$E$79 -> 10.002831 | F80: =$D$23*$D$80+$E$23*$E$80 -> 172.36034 | G80: Όγκος εκσκαφής = Εμβαδόν τρύπας (π × Διάμετρος² / 4) × Συνολικό βάθος τρυπήματος
A81: 5 | B81: Συνολικό ύψος σκυροδέτησης (με την υπερκάλυψη) | C81: m | D81: =$D$25+$D$78 -> 17.525 | E81: =$E$25+$E$78 -> 17.525 | F81: — | G81: Ύψος σκυροδέτησης = Ύψος σκυροδετημένου πασσάλου + Υπερκάλυψη κουγκριού
A82: 6 | B82: Κυβικά σκυροδέματος ανά πάσσαλο (με +10% απώλεια) | C82: m³ | D82: =$D$71*($D$24/1000)^2/4*$D$81*(1+$D$66) -> 9.6899284 | E82: =$D$71*($E$24/1000)^2/4*$E$81*(1+$D$66) -> 9.6899284 | F82: =$D$23*$D$82+$E$23*$E$82 -> 174.41871 | G82: Κυβικά κουγκριού = Εμβαδόν τρύπας × Ύψος σκυροδέτησης × 1.10 (+10% απώλεια)
A83: 7 | B83: Διάμετρος στεφανιού κλωβού (έξω-έξω) | C83: mm | D83: =$D$24-2*$D$19 -> 650 | E83: =$E$24-2*$D$19 -> 650 | F83: — | G83: Διάμετρος κλωβού = Διάμετρος τρύπας − (2 × Επικάλυψη Cover)
A84: 8 | B84: Περίμετρος στεφανιού κλωβού (μήκος 1 σπείρας) | C84: m | D84: =$D$71*$D$83/1000 -> 2.0420352 | E84: =$D$71*$E$83/1000 -> 2.0420352 | F84: — | G84: Περίμετρος στεφανιού = π (3.1416) × Διάμετρος στεφανιού κλωβού
A85: 9 | B85: Βασικό μήκος κάθετης βέργας (χωρίς μάτιση) | C85: m | D85: =$D$25+$D$30+$D$31+$D$32 -> 16.525 | E85: =$E$25+$E$30+$E$31+$E$32 -> 16.525 | F85: — | G85: Βασικό μήκος βέργας = Ύψος πασσάλου + Ύψος αναμονής starter + Γωνία πάνω + Γωνία κάτω
A86: 10 | B86: Αριθμός ματίσεων ανά κάθετη βέργα | C86: τεμ. | D86: =IF($D$85>$D$68,INT(($D$85-0.001)/$D$68),0) -> 1 | E86: =IF($E$85>$D$68,INT(($E$85-0.001)/$D$68),0) -> 1 | F86: — | G86: Αριθμός ματίσεων = 1 μάτιση για κάθε 12 μέτρα βέργας (όταν ξεπερνά τα 12.00m)
A87: 11 | B87: Συνολικό μήκος κάθετης βέργας (με τη μάτιση) | C87: m | D87: =$D$85+$D$86*$D$33 -> 17.675 | E87: =$E$85+$E$86*$E$33 -> 17.675 | F87: — | G87: Συνολικό μήκος βέργας = Βασικό μήκος βέργας + (Αριθμός ματίσεων × Ύψος μάτισης)
A88: 12 | B88: Βάρος ενός μέτρου κάθετης βέργας | C88: kg/m | D88: =$D$71*($D$29/1000)^2/4*$D$67 -> 2.4661502 | E88: =$D$71*($E$29/1000)^2/4*$D$67 -> 2.4661502 | F88: — | G88: Βάρος μέτρου κάθετου σιδήρου = Εμβαδόν διατομής σιδήρου × 7,850 kg/m³
A89: 13 | B89: Βάρος κάθετων σιδήρων ανά πάσσαλο | C89: kg | D89: =$D$28*$D$87*$D$88 -> 697.42729 | E89: =$E$28*$E$87*$E$88 -> 697.42729 | F89: =$D$23*$D$89+$E$23*$E$89 -> 12553.691 | G89: Βάρος κάθετων σιδήρων = Πλήθος κάθετων σιδήρων × Συνολικό μήκος βέργας × Βάρος μέτρου
A90: 14 | B90: Αριθμός σπειρών σούστας στο σώμα πασσάλου (κάτω από Cut-Off, με +1) | C90: τεμ. | D90: =ROUNDUP(ROUND(MIN($D$25,2*$D$36)*1000/$D$35+MAX(0,$D$25-2*$D$36)*1000/$D$37,6),0)+1 -> 105 | E90: =ROUNDUP(ROUND(MIN($E$25,2*$E$36)*1000/$E$35+MAX(0,$E$25-2*$E$36)*1000/$E$37,6),0)+1 -> 105 | F90: — | G90: Αριθμός σπειρών σούστας = ROUNDUP(Ύψος πασσάλου ÷ Βήμα σούστας) + 1 (κάτω από το Cut-Off μπαίνει +1)
A91: 15 | B91: Βάρος ενός μέτρου σιδήρου σούστας | C91: kg/m | D91: =$D$71*($D$34/1000)^2/4*$D$67 -> 0.61653756 | E91: =$D$71*($E$34/1000)^2/4*$D$67 -> 0.61653756 | F91: — | G91: Βάρος μέτρου σούστας = Εμβαδόν διατομής σούστας × 7,850 kg/m³
A92: 16 | B92: Βάρος σούστας σώματος ανά πάσσαλο | C92: kg | D92: =$D$90*$D$84*$D$91 -> 132.1941 | E92: =$E$90*$E$84*$E$91 -> 132.1941 | F92: =$D$23*$D$92+$E$23*$E$92 -> 2379.4938 | G92: Βάρος σούστας σώματος = Αριθμός σπειρών × Περίμετρος στεφανιού × Βάρος μέτρου
A93: 17 | B93: Αριθμός στεφανιών στην αναμονή starter (πάνω από Cut-Off, χωρίς +1) | C93: τεμ. | D93: =ROUNDUP(ROUND($D$30*1000/IF($D$36>0,$D$35,$D$37),6),0) -> 7 | E93: =ROUNDUP(ROUND($E$30*1000/IF($E$36>0,$E$35,$E$37),6),0) -> 7 | F93: — | G93: Στεφάνια αναμονής starter = ROUNDUP(Ύψος αναμονής ÷ Βήμα) — χωρίς +1
A94: 18 | B94: Βάρος στεφανιών αναμονής starter ανά πάσσαλο | C94: kg | D94: =$D$93*$D$84*$D$91 -> 8.8129399 | E94: =$E$93*$E$84*$E$91 -> 8.8129399 | F94: =$D$23*$D$94+$E$23*$E$94 -> 158.63292 | G94: Βάρος στεφανιών αναμονής = Αριθμός στεφανιών αναμονής × Περίμετρος στεφανιού × Βάρος μέτρου
A95: 19 | B95: Βάρος πρόσθετου οπλισμού (U-bars κ.λπ.) ανά πάσσαλο | C95: kg | D95: =$D$39*$D$41*$D$71*($D$40/1000)^2/4*$D$67 -> 0 | E95: =$E$39*$E$41*$D$71*($E$40/1000)^2/4*$D$67 -> 0 | F95: =$D$23*$D$95+$E$23*$E$95 -> 0 | G95: Βάρος πρόσθετου οπλισμού = Πλήθος × Μήκος βέργας × Βάρος μέτρου
A96: 20 | B96: Συνολικό βάρος σιδήρου κλωβού ανά πάσσαλο | C96: kg | D96: =$D$89+$D$92+$D$94+$D$95 -> 838.43432 | E96: =$E$89+$E$92+$E$94+$E$95 -> 838.43432 | F96: =$D$23*$D$96+$E$23*$E$96 -> 15091.818 | G96: Συνολικό βάρος σιδήρου = Κάθετα σίδερα + Σούστα σώματος + Στεφάνια αναμονής + Πρόσθετος
A97: 21 | B97: Προστατευτικά sleeves αναμονών ανά πάσσαλο | C97: τεμ. | D97: =IF($D$77>0,$D$28,0) -> 16 | E97: =IF($E$77>0,$E$28,0) -> 16 | F97: =$D$23*$D$97+$E$23*$E$97 -> 288 | G97: Sleeves ανά πάσσαλο = 1 τεμάχιο σε κάθε κάθετο σίδερο (κοστολόγηση στο Φύλλο 3 με ×1,30)
A98: 22 | B98: Κεφαλοκοπή (σπάσιμο κεφαλής) ανά πάσσαλο | C98: τεμ. | D98: =IF($D$77>0,1,0) -> 1 | E98: =IF($E$77>0,1,0) -> 1 | F98: =$D$23*$D$98+$E$23*$E$98 -> 18 | G98: Κεφαλοκοπή ανά πάσσαλο = 1 τεμάχιο ανά πάσσαλο (όταν υπάρχει κενό τρύπημα)
A100: 5. ΠΗΓΕΣ ΔΕΔΟΜΕΝΩΝ — ΑΠΟ ΠΟΥ ΠΡΟΗΛΘΕ ΚΑΘΕ ΣΤΟΙΧΕΙΟ (DRAWING AUDIT)
A101: Α/Α | B101: Στοιχείο | C101: Κατάσταση | D101: Τιμή | E101: Πηγή / Σημείο στο σχέδιο / Αιτιολόγηση
A102: 1 | B102: Πλήθος πασσάλων έργου | C102: ΣΧΕΔΙΟ | D102: =$D$14&" τεμ. (P1–P18)" -> 18 τεμ. (P1–P18) | E102: Φύλλο S4.1 («Χάραξη Πασσάλων» & πίνακας «Κατάλογος Πασσάλων»): 17 τεμ. (P1–P6, P8–P18) + 1 τεμ. (P7)
A103: 2 | B103: Διάμετρος τρύπας πασσάλου | C103: ΣΧΕΔΙΟ | D103: ="Ø"&$D$24&" mm" -> Ø800 mm | E103: Φύλλο S4.1 (στήλη «Διατομή (mm)» = 800) & Φύλλο S4.2 («PILE 800mm», διάσταση 80 cm)
A104: 3 | B104: Στάθμη Πλατφόρμας Διάτρησης (WPL) | C104: ΧΡΗΣΤΗΣ | D104: =ROUND($D$17,2)&" m" -> 0 m | E104: Οδηγία email («Τα Piles θα πρέπει να γίνουν μέχρι το +0.00»), επιβεβαίωση χρήστη (Επιλογή Β) & τομή S4.2 (+0.00)
A105: 4 | B105: Στάθμες Αποκοπής (Cut-Off Level) | C105: ΣΧΕΔΙΟ | D105: =ROUND($D$26,3)&" m / "&ROUND($E$26,3)&" m" -> -3.475 m / -4.375 m | E105: Φύλλο S4.1 (στήλη «CUT OF LEVEL (mm)»: -3475 mm για P1–P6, P8–P18 και -4375 mm για P7 — 90 cm βαθύτερα στον ανελκυστήρα)
A106: 5 | B106: Ύψος πασσάλου & Συνολικό βάθος τρυπήματος (Διόρθωση P7) | C106: ΧΡΗΣΤΗΣ | D106: =ROUND($D$25,3)&" m | Τρύπημα: "&ROUND($D$54,2)&" m" -> 15.525 m | Τρύπημα: 342.9 m | E106: Φύλλο S4.2 («CAST HEIGHT = 15525 mm» = 15.525 m). Διόρθωση λάθους μελέτης στον P7 κατόπιν οδηγίας χρήστη: ο σκυροδετημένος πάσσαλος P7 μένει 15.525 m όπως οι υπόλοιποι 17 και τρυπιέται επιπλέον τη διαφορά των 0.90 m (15.525 + 4.375 = 19.90 m)
A107: 6 | B107: Κατηγορία & Τιμή Σκυροδέματος (Κουτάκια Φύλλου 3 — Στρογγυλοποιημένη στο Τ.Β.7 / D21) | C107: ΧΡΗΣΤΗΣ | D107: =$D$18&" — "&ROUND('Οικονομική Προσφορά'!$E$10,0)&" €/m³" -> C40/50 — 116 €/m³ | E107: ="Φύλλο S4.2 ("&$D$18&") & Κανόνας Κανονικού Σκυροδέματος στο Φύλλο 3 (Τ.Β.7 / D21): ROUND(Αγορά "&ROUND('Τιμές & Έλεγχος'!$D$15,2)&" € + Τοποθέτηση "&ROUND('Τιμές & Έλεγχος'!$D$16,2)&" € + Αντλία "&ROUND('Τιμές & Έλεγχος'!$D$20,2)&" €, 0) = "&ROUND('Οικονομική Προσφορά'!$E$10,0)&" €/m³" -> Φύλλο S4.2 (C40/50) & Κανόνας Κανονικού Σκυροδέματος στο Φύλλο 3 (Τ.Β.7 / D21): ROUND(Αγορά 94 € + Τοποθέτηση 15 € + Αντλία 6.71 €, 0) = 116 €/m³
...

Sheet Τιμές & Έλεγχος
A1: ΘΕΜΕΛΙΟΤΕΧΝΙΚΗ ΛΤΔ — ΚΕΝΤΡΙΚΟΣ ΠΙΝΑΚΑΣ ΤΙΜΩΝ & ΕΛΕΓΧΟΥ ΕΡΓΟΥ (ΑΛΛΑΖΕΙΣ ΤΙΜΕΣ ΜΟΝΟ ΕΔΩ!)
A2: Όλες οι τιμές μονάδας και τα κουτάκια μετακινήσεων/σκυροδέματος/sleeve ορίζονται ΑΠΟΚΛΕΙΣΤΙΚΑ εδώ και ενημερώνουν αυτόματα όλα τα φύλλα και τις σημειώσεις!
A4: Α. ΚΥΡΙΕΣ ΤΙΜΕΣ ΜΟΝΑΔΑΣ & ΜΕΤΑΚΙΝΗΣΕΙΣ (ΚΙΤΡΙΝΟ = ΑΛΛΑΖΕΙΣ ΕΔΩ)
A5: Κωδ. | B5: Περιγραφή Τιμής / Παραμέτρου | C5: Μονάδα | D5: Τιμή [ΑΛΛΑΖΕΙΣ ΕΔΩ] | E5: Προέλευση | F5: Πού Εφαρμόζεται
A6: Τ.1 | B6: Χιλιόμετρα εκτός Λεμεσού (0 km αν το έργο είναι μέσα στη Λεμεσό) | C6: km | D6: 75 | E6: Απόσταση έργου εκτός Λεμεσού (Λάρνακα) — αλλάζει δυναμικά στο κελί Τ.1 του Φύλλου 3 | F6: Υπολογίζει αυτόματα τις δεκάδες km (×200€) & τη Συνοδεία Αστυνομίας (×8€/km)
A7: Τ.2 | B7: Μετακίνηση γεωτρύπανου — Βασική τιμή (Μέσα στη Λεμεσό) | C7: € | D7: 1000 | E7: Τιμοκατάλογος (γρ. 5) | F7: Φύλλο 1 (Γρ. 1) & Φύλλο 2 (1.1.4 & 2Β.1)
A8: Τ.3 | B8: Μετακίνηση γεωτρύπανου — Επιβάρυνση ανά 10 km εκτός Λεμεσού (+200 €/10km) | C8: € | D8: 200 | E8: Τιμοκατάλογος (γρ. 6) | F8: Φύλλο 1 (Γρ. 1) & Φύλλο 2 (1.1.5 & 2Β.1)
A9: Τ.4.1 | B9: Τρύπημα / Διάτρηση Πασσάλων Ø800mm | C9: € | D9: 90 | E9: Τιμοκατάλογος (γρ. 11) | F9: Φύλλο 1 (Γρ. 2) & Φύλλο 2 (2Β.2) — €/m
A10: Τ.5 | B10: Χάλυβας οπλισμού B500C (Κάθετα σίδερα & Σούστα) — Τιμή κιλού | C10: € | D10: 1.1 | E10: Τιμοκατάλογος (γρ. 19) | F10: Φύλλο 1 (Γρ. 4) & Φύλλο 2 (2Β.4, 4α, 4β, 4γ) — €/kg
A11: Τ.6 | B11: Κεφαλοκοπή πασσάλων (Pile Breaking) — Τιμή τεμαχίου | C11: € | D11: 150 | E11: Τιμοκατάλογος (γρ. 23) | F11: Φύλλο 1 (Γρ. 6) & Φύλλο 2 (2Β.6) — €/τεμ.
A13: Β. ΥΠΟΛΟΓΙΣΜΟΣ ΤΙΜΗΣ ΚΑΝΟΝΙΚΟΥ ΣΚΥΡΟΔΕΜΑΤΟΣ (C40/50) — ΚΟΥΤΑΚΙΑ ΜΗΧΑΝΙΚΟΥ
A14: Κωδ. | B14: Παράμετρος Κόστους Σκυροδέτησης | C14: Μονάδα | D14: Τιμή / Κουτάκι | E14: Προέλευση / Τύπος | F14: Επεξήγηση
A15: Τ.Β.1 | B15: Τιμή αγοράς σκυροδέματος (C40/50) από προμηθευτή [ΚΟΥΤΑΚΙ ΜΗΧΑΝΙΚΟΥ] | C15: € | D15: 94 | E15: Κουτάκι Μηχανικού (Τιμή αγοράς κουγκριού) | F15: Συμπληρώνεται από τον μηχανικό ανάλογα με την προσφορά προμηθευτή (€/m³)
A16: Τ.Β.2 | B16: Κόστος τοποθέτησης σκυροδέματος (σταθερό ανά κυβικό) | C16: € | D16: 15 | E16: Τιμοκατάλογος (γρ. 18) | F16: Σταθερή χρέωση τοποθέτησης = +15,00 €/m³ από τον Τιμοκατάλογο Εταιρείας
A17: Τ.Β.3 | B17: Κόστος στησίματος αντλίας (πρέσας) ανά στήσιμο [ΚΟΥΤΑΚΙ ΜΗΧΑΝΙΚΟΥ] | C17: € | D17: 130 | E17: Κουτάκι Μηχανικού (Κόστος στησίματος αντλίας) | F17: Συμπληρώνεται από τον μηχανικό (€/στήσιμο αντλίας)
A18: Τ.Β.4 | B18: Πόσες τρύπες (πασσάλους) θα κάνει η αντλία ανά στήσιμο [ΚΟΥΤΑΚΙ ΜΗΧΑΝΙΚΟΥ] | C18: τρύπες | D18: 2 | E18: Κουτάκι Μηχανικού (Τρύπες/πασσάλους ανά στήσιμο αντλίας) | F18: Αριθμός πασσάλων που σκυροδετούνται σε 1 στήσιμο της αντλίας
A19: Τ.Β.5 | B19: Κυβικά κουγκριού που αντλεί η αντλία ανά στήσιμο (Τρύπες × m³/τρύπα) | C19: m³ | D19: =$D$18*('Τεχνικοί Υπολογισμοί'!$D$46/'Τεχνικοί Υπολογισμοί'!$D$14) -> 19.379857 | E19: Αυτόματος υπολογισμός: Τρύπες ανά στήσιμο × Μέσα κυβικά ανά πάσσαλο | F19: Κυβικά σκυροδέματος ανά στήσιμο αντλίας
A20: Τ.Β.6 | B20: Επιβάρυνση στησίματος αντλίας ανά κυβικό (Στήσιμο ÷ m³ ανά στήσιμο) | C20: € | D20: =IF(AND($D$17>0,$D$19>0),$D$17/$D$19,0) -> 6.7079959 | E20: Αυτόματος υπολογισμός: Κόστος στησίματος ÷ Κυβικά ανά στήσιμο | F20: Επιβάρυνση αντλίας σε €/m³
A21: Τ.Β.7 | B21: ΤΕΛΙΚΗ ΤΙΜΗ ΣΚΥΡΟΔΕΤΗΣΗΣ (C40/50) ΑΝΑ ΚΥΒΙΚΟ [ΣΤΡΟΓΓΥΛΟΠΟΙΗΜΕΝΗ ΣΕ ΑΚΕΡΑΙΟ €] | C21: € | D21: =ROUND($D$15+$D$16+$D$20,0) -> 116 | E21: ROUND(Τιμή Αγοράς + 15,00 € + Στήσιμο Αντλίας/m³, 0) | F21: Στρογγυλοποιημένη τελική τιμή — Τροφοδοτεί Φύλλο 1 (Γρ. 3) & Φύλλο 2 (2Β.3)
A23: Γ. ΚΟΣΤΟΛΟΓΗΣΗ SLEEVE ΤΗΣ ΣΥΓΚΕΚΡΙΜΕΝΗΣ ΔΟΥΛΕΙΑΣ — ΜΟΝΟ ΓΙΑ SLEEVE Φ32 (ΓΙΑ ΚΆΘΕΤΟ ΣΊΔΕΡΟ Φ20 ≤ Φ20)
A24: Κωδ. | B24: Στοιχείο Κόστους Sleeve Έργου | C24: Μονάδα | D24: Τιμή | E24: Προέλευση / Τύπος | F24: Κανόνας Κοπής, Φύρας, Εργατικών & ×1,30
A25: Τ.Γ.1 | B25: Εμπορικό μήκος σωλήνα που μας φέρνουν (Sleeve Φ32 (για κάθετο σίδερο Φ20 ≤ Φ20)) | C25: m | D25: 3 | E25: Τιμοκατάλογος (γρ. 34) | F25: Μήκος εμπορικού σωλήνα από Τιμοκατάλογο Εταιρείας (Φύλλο 5)
A26: Τ.Γ.2 | B26: Τιμή αγοράς εμπορικού σωλήνα (Sleeve Φ32 (για κάθετο σίδερο Φ20 ≤ Φ20)) | C26: € | D26: 4.02 | E26: Τιμοκατάλογος (γρ. 35) | F26: Τιμή αγοράς ολόκληρου σωλήνα από Τιμοκατάλογο Εταιρείας (Φύλλο 5)
A27: Τ.Γ.3 | B27: Τιμή υλικού σωλήνα ανά μέτρο (Τιμή σωλήνα ÷ Μήκος σωλήνα) | C27: €/m | D27: =$D$26/$D$25 -> 1.34 | E27: Αυτόματος υπολογισμός από Τιμοκατάλογο | F27: Κόστος υλικού σωλήνα ανά τρέχον μέτρο
A28: Τ.Γ.4 | B28: Απαιτούμενο μήκος sleeve ανά σίδερο (Starter + Γωνία πάνω) | C28: m | D28: ='Τεχνικοί Υπολογισμοί'!$D$30+'Τεχνικοί Υπολογισμοί'!$D$31 -> 1 | E28: Από Τεχνικούς Υπολογισμούς (1.3.8 Starter + 1.3.9 Γωνία πάνω) | F28: Μήκος sleeve που απαιτείται να κοπεί για κάθε κάθετη ράβδο
A29: Τ.Γ.5 | B29: Χρεωστέο μήκος σωλήνα ανά σίδερο (με στρογγυλοποίηση προς τα πάνω λόγω φύρας) | C29: m | D29: =IF($D$28<=0,0,IF($D$28<=$D$25,$D$25/INT(ROUND($D$25/$D$28,6)),CEILING($D$28,$D$25))) -> 1 | E29: Κανόνας φύρας: αν δεν διαιρεί ακριβώς τον σωλήνα, το ρετάλι χάνεται και χρεώνεται! | F29: Αν L_req=1.00m σε 3m σωλήνα → 3 τεμ./σωλήνα → χρεωστέο 1.00m (μηδενική φύρα)
A30: Τ.Γ.6 | B30: Κόστος υλικού σωλήνα ανά σίδερο (Χρεωστέο μήκος × Τιμή ανά μέτρο) | C30: € | D30: =$D$29*$D$27 -> 1.34 | E30: Χρεωστέο μήκος σωλήνα × Κόστος σωλήνα ανά μέτρο | F30: Καθαρό κόστος υλικού σωλήνα ανά κάθετο σίδερο
A31: Τ.Γ.7 | B31: Εργατικά τοποθέτησης ανά σίδερο (Συνεργείο 1,5 ατόμων × 2 λεπτά × 15,60 €/ώρα) | C31: € | D31: 0.78 | E31: Τιμοκατάλογος (γρ. 40) | F31: Σταθερό ανά σίδερο ανεξαρτήτως μήκους/πάχους: (2/60) × 1,5 × 15,60 € = 0,7800 €
A32: Τ.Γ.8 | B32: Κόστος Τέλλας (Μονωτικής Ταινίας) ανά σίδερο (Ρολό 2,19 € ÷ 25 σίδερα) | C32: € | D32: 0.0876 | E32: Τιμοκατάλογος (γρ. 41) | F32: Σταθερό ανά σίδερο ανεξαρτήτως μήκους/πάχους: 2,19 € / 25 = 0,0876 €
A33: Τ.Γ.9 | B33: Εσωτερικό Κόστος Sleeve για εμάς ανά σίδερο (Υλικό + Εργατικά + Τέλλα) | C33: € | D33: =$D$30+$D$31+$D$32 -> 2.2076 | E33: Άθροισμα: Υλικό σωλήνα + 0,7800 € (Εργατικά) + 0,0876 € (Τέλλα) | F33: Καθαρό εσωτερικό κόστος πριν το Overhead, Profit & Damages
A34: Τ.Γ.10 | B34: Συντελεστής Overhead, Profit & Damages (× 1,30) | C34: × | D34: 1.3 | E34: Τιμοκατάλογος (γρ. 42) | F34: Πολλαπλασιάζεται πάντα × 1,30 (+30% Overhead, Κέρδος & Ζημιές) στην τελική τιμή
A35: Τ.Γ.11 | B35: ΤΕΛΙΚΗ ΤΙΜΗ SLEEVE ΕΡΓΟΥ (Sleeve Φ32) ΑΝΑ ΣΙΔΕΡΟ [(Υλικό + Εργατικά + Τέλλα) × 1,30] | C35: € | D35: =3 -> 3 | E35: Εσωτερικό Κόστος Sleeve × 1,30 (Overhead, Profit & Damages) | F35: Τροφοδοτεί αυτόματα Φύλλο 1 (Γρ. 5) & Φύλλο 2 (2Β.5)
A37: Δ. ΣΥΝΟΔΕΙΑ ΑΣΤΥΝΟΜΙΑΣ ΓΕΩΤΡΥΠΑΝΟΥ (8 €/km) & ΖΩΝΤΑΝΟΣ ΕΛΕΓΧΟΣ ΣΥΝΟΛΩΝ
A38: Τ.Δ.1 | B38: Χιλιόμετρα Συνοδείας Αστυνομίας (Πάσσαλοι Θεμελίωσης / Νέφκες — βάλε 0 αν δεν έχει) | C38: km | D38: =$D$6 -> 75 | E38: Συνδεδεμένο με την απόσταση Τ.1 (ή γράψε 0 αν δεν απαιτείται συνοδεία) | F38: Πολλαπλασιάζεται με τα 8,00 €/km για τη μεταφορά του γεωτρύπανου
A39: Τ.Δ.2 | B39: Κόστος Συνοδείας Αστυνομίας ανά χιλιόμετρο (8,00 €/km) | C39: €/km | D39: 8 | E39: Τιμοκατάλογος (γρ. 43) | F39: Από Τιμοκατάλογο Εταιρείας (Φύλλο 6): 8,00 €/km
A40: Τ.Δ.3 | B40: Συνολικό Κόστος Συνοδείας Αστυνομίας (Χιλιόμετρα × 8,00 €/km) | C40: € | D40: =$D$38*$D$39 -> 600 | E40: Αυτόματος υπολογισμός: Χιλιόμετρα Συνοδείας × 8,00 €/km | F40: Προστίθεται αυτόματα στις Μετακινήσεις (Φύλλο 1 Γρ. 1 & Φύλλο 2 2Β.1)
A42: ΓΕΝΙΚΟ ΣΥΝΟΛΟ ΠΡΟΣΦΟΡΑΣ (ΧΩΡΙΣ Φ.Π.Α.): | D42: ='Οικονομική Προσφορά'!$F$14 -> 74458.57 | E42: ="Μέσο Κόστος ανά Πάσσαλο: "&ROUND('Οικονομική Προσφορά'!$F$14/'Τεχνικοί Υπολογισμοί'!$D$14,2)&" € ("&'Τεχνικοί Υπολογισμοί'!$D$14&" πάσσαλοι)" -> Μέσο Κόστος ανά Πάσσαλο: 4136.59 € (18 πάσσαλοι)
