Workbook

Sheet Οικονομική Προσφορά
A1: ΘΕΜΕΛΙΟΤΕΧΝΙΚΗ ΛΤΔ — ΟΙΚΟΝΟΜΙΚΗ ΠΡΟΣΦΟΡΑ ΠΑΣΣΑΛΩΝ
A2: Έργο: BOLTON TOWER | Πελάτης: ΛΑΚΕΜΙΑ ΚΤΗΜΑΤΙΚΗ Λτδ | Τοποθεσία: Λεμεσός | Πλήθος Πασσάλων: 50 τεμ.
A4: 🛑 ΠΡΟΣΟΧΗ — RED ALERT: Στα σχέδια της μελέτης ΔΕΝ αναγράφονται τα υψόμετρα πλατφόρμας εργασίας (WPL) και Cut-Off Level. Η παρούσα προσφορά έχει υπολογιστεί προσωρινά με μηδενική κενή διάτρηση (Δh = 0.00 m). Απαιτείται επιβεβαίωση στο εργοτάξιο πριν την οριστικοποίηση.
A7: Α/Α | B7: Περιγραφή Εργασίας / Υλικού | C7: Ποσότητα ανά Πάσσαλο | D7: Μονάδα | E7: Τιμή Μονάδας (€) [ΚΙΤΡΙΝΟ] | F7: Κόστος ανά Πάσσαλο (€) | G7: Σύνολο Όλων των Πασσάλων (€)
A8: 1 | B8: Μετακινήσεις & Εγκατάσταση Γεωτρύπανου (Επιμερισμός σε 50 πασσάλους) | C8: 1 | D8: πάσσαλο | E8: 10 | F8: =C8*E8 -> 10 | G8: ='Τεχνικοί Υπολογισμοί'!E10 -> 500
A9: 2a | B9: Τρύπημα / Διάτρηση Πασσάλων Ø1500mm (21 τεμ., Βάθος 22.00m) | C9: ='Τεχνικοί Υπολογισμοί'!E23 -> 22 | D9: m | E9: 210 | F9: =C9*E9 -> 4620 | G9: ='Τεχνικοί Υπολογισμοί'!F23*E9 -> 97020
A10: 2b | B10: Τρύπημα / Διάτρηση Πασσάλων Ø1200mm (29 τεμ., Βάθη 10.50m - 19.00m) | C10: ='Τεχνικοί Υπολογισμοί'!E24 -> #VALUE! | D10: m | E10: 190 | F10: =C10*E10 -> #VALUE! | G10: ='Τεχνικοί Υπολογισμοί'!F24*E10 -> #VALUE!
A11: 3 | B11: Σκυροδέτηση Πασσάλων C30/37 (Κουγκρί με +10% απώλεια) | C11: ='Τεχνικοί Υπολογισμοί'!E25 -> 18.541271 | D11: m³ | E11: 115 | F11: =C11*E11 -> 2132.2461 | G11: ='Τεχνικοί Υπολογισμοί'!F25*E11 -> 106612.31
A12: 4 | B12: Χάλυβας Οπλισμού B500C (Κλωβοί: Κάθετες Ράβδοι & Σούστα) | C12: ='Τεχνικοί Υπολογισμοί'!E26 -> #VALUE! | D12: kg | E12: 1.1 | F12: =C12*E12 -> #VALUE! | G12: ='Τεχνικοί Υπολογισμοί'!F26*E12 -> #VALUE!
A13: 5 | B13: Sleeves Προστασίας Starter Αναμονών (Debonding) | C13: ='Τεχνικοί Υπολογισμοί'!E27 -> 0 | D13: τεμ. | E13: 3.5 | F13: =C13*E13 -> 0 | G13: ='Τεχνικοί Υπολογισμοί'!F27*E13 -> 0
A14: 6 | B14: Κεφαλοκοπή Πασσάλων / Pile Breaking (Σπάσιμο) | C14: ='Τεχνικοί Υπολογισμοί'!E28 -> 0 | D14: πάσσαλο | E14: 60 | F14: =C14*E14 -> 0 | G14: ='Τεχνικοί Υπολογισμοί'!F28*E14 -> 0
A15: ΓΕΝΙΚΟ ΣΥΝΟΛΟ ΟΙΚΟΝΟΜΙΚΗΣ ΠΡΟΣΦΟΡΑΣ (ΧΩΡΙΣ Φ.Π.Α.) | F15: =SUM(F8:F14) -> #VALUE! | G15: =SUM(G8:G14) -> #VALUE!
A17: ΟΡΟΙ, ΠΡΟΫΠΟΘΕΣΕΙΣ & ΤΕΧΝΙΚΕΣ ΠΑΡΑΤΗΡΗΣΕΙΣ ΠΡΟΣΦΟΡΑΣ:
A18: 1. Στις ανωτέρω τιμές ΔΕΝ συμπεριλαμβάνεται ο εκάστοτε νόμιμος Φ.Π.Α. (19%).
A19: 2. Τιμολόγηση Διάτρησης: Ø1500mm στα 210.00 €/m (κατόπιν ρητής οδηγίας πελάτη) και Ø1200mm στα 190,00 €/m (επίσημος τιμοκατάλογος εταιρείας).
A20: 3. Σκυρόδεμα κατηγορίας C30/37 στα 115,00 €/m³ με συνυπολογισμένο πάγιο συντελεστή απώλειας / υπερκατανάλωσης +10%.
A21: 4. Χάλυβας οπλισμού ποιότητας B500C ενιαία στα 1,10 €/kg (αγορά, κοπή, κατασκευή κλωβών και τοποθέτηση).
A22: 5. Υψομετρική Διαφορά (WPL - CutOff): Επειδή στα σχέδια δεν δίνονται υψόμετρα, η προσφορά υπολογίζει προσωρινά Δh = 0.00 m. Εάν κατά την έναρξη των εργασιών διαπιστωθεί κενή διάτρηση (Δh > 0), θα τιμολογηθούν τα πρόσθετα μέτρα διάτρησης, τα sleeves προστασίας αναμονών (3,50 €/τεμ.) και η κεφαλοκοπή (60,00 €/πάσσαλο).
A23: 6. Μετακινήσεις: Εφάπαξ ποσό 500,00 € (Ζώνη 1: 0-50km από έδρα Αγίου Συλά, Λεμεσός), επιμερισμένο ισόποσα σε 10,00 € ανά πάσσαλο (500 € / 50 πάσσαλοι).
A24: 7. Πληρωμή: Βάσει επιμετρήσεων πραγματικών εκτελεσθέντων μέτρων και κιλών οπλισμού κατά την παράδοση του έργου.
A25: 8. ΣΗΜΕΙΩΣΗ ΤΙΜΩΝ ΔΙΑΤΡΗΣΗΣ: Οι τιμές τρυπήματος/διάτρησης ενδέχεται να αναθεωρηθούν / αλλάξουν μελλοντικά βάσει των συνθηκών της αγοράς, του κόστους καυσίμων και της διαθεσιμότητας του εξοπλισμού.

Sheet Τεχνικοί Υπολογισμοί
A1: ΘΕΜΕΛΙΟΤΕΧΝΙΚΗ ΛΤΔ — ΤΕΧΝΙΚΟΙ ΥΠΟΛΟΓΙΣΜΟΙ ΔΙΑΤΡΗΤΩΝ ΠΑΣΣΑΛΩΝ
A2: Έργο: BOLTON TOWER (Λεμεσός) | Μελέτη: Hyperstatic Eng. | Πάσσαλοι: 50 τεμ. (21×Ø1500mm, 29×Ø1200mm)
A4: 1. ΔΕΔΟΜΕΝΑ ΠΟΥ ΔΙΑΒΑΣΤΗΚΑΝ ΑΠΟ ΤΟ ΣΧΕΔΙΟ & ΥΨΟΜΕΤΡΑ (3 ΤΟΜΕΙΣ)
A5: Α/Α | B5: Κωδικός | C5: Παράμετρος Έργου | D5: Μονάδα | E5: Τιμή Εισαγωγής | F5: Περιγραφή Σχεδίου | G5: Παρατηρήσεις / Προέλευση
A6: 1 | B6: 1.1.1 | C6: Αφετηρία Γεωτρύπανου | D6: text | E6: Άγιος Συλάς, Λεμεσός | F6: Έδρα Εταιρείας | G6: Βασική αφετηρία εξοπλισμού
A7: 2 | B7: 1.1.2 | C7: Τοποθεσία Έργου | D7: text | E7: Λεμεσός (Bolton Tower) | F7: Σχέδιο CAD | G7: Κέντρο Λεμεσού
A8: 3 | B8: 1.1.3 | C8: Οδική Απόσταση Έργου από Έδρα | D8: km | E8: 15 | F8: 15.0 km | G8: Εντός Ζώνης 1 (0-50 km)
A9: 4 | B9: 1.1.4 | C9: Συνολικό Πλήθος Πασσάλων Έργου | D9: τεμ. | E9: 50 | F9: 50 πάσσαλοι | G9: 21×Ø1500mm + 29×Ø1200mm
A10: 5 | B10: 1.1.5 | C10: Συνολικό Εφάπαξ Ποσό Μετακίνησης | D10: € | E10: 500 | F10: 500.00 € | G10: Βασική τιμή Ζώνης 1 καταλόγου
A11: 6 | B11: 1.1.6 | C11: Επιμερισμένη Τιμή Μετακίνησης ανά Πάσσαλο | D11: €/πάσσαλο | E11: =E10/E9 -> 10 | F11: 10.00 €/πάσσαλο | G11: Εφάπαξ ποσό επιμερισμένο σε 50 πασσάλους
A12: 7 | B12: 1.2.1 | C12: Στάθμη Πλατφόρμας Γεωτρύπανου (WPL) | D12: m | E12: 0 | F12: Δεν δίνεται στο σχέδιο | G12: RED ALERT: Προσωρινή τιμή 0.00m
A13: 8 | B13: 1.2.2 | C13: Στάθμη Αποκοπής Πασσάλων (Cut-Off Level) | D13: m | E13: 0 | F13: Δεν δίνεται στο σχέδιο | G13: RED ALERT: Προσωρινή τιμή 0.00m
A14: 9 | B14: 1.2.3 | C14: Διαφορά Στάθμης Διάτρησης - Cut-Off (Δh) | D14: m | E14: =E12-E13 -> 0 | F14: 0.00 m (WPL - CutOff) | G14: RED ALERT: Κενή διάτρηση προσωρινά 0.00m
A15: 10 | B15: 1.2.4 | C15: Ύψος Υπερκάλυψης Σκυροδέματος (h_overc) | D15: m | E15: =IF(E14>0,MIN(2,E14),0) -> 0 | F15: Overconcreting | G15: Έως +2.0m αν Δh > 0
A16: 11 | B16: 1.2.5 | C16: Κατηγορία Σκυροδέματος Μελέτης | D16: class | E16: C30/37 | F16: C30/37 (115,00 €/m³) | G16: Default εταιρείας (ανωδομή C50/60)
A17: 12 | B17: 1.3.1 | C17: Επικάλυψη Οπλισμού (Cover) | D17: mm | E17: 75 | F17: 75 mm | G17: Αναγράφεται ρητά στις παρατηρήσεις σχεδίου
A18: 13 | B18: 1.3.2 | C18: Γωνία Πυθμένα Κλωβού (Bottom Bend) | D18: m | E18: 0 | F18: 0.00 m / Δεν απαιτείται | G18: Δεν αναφέρεται στο σχέδιο
A19: 14 | B19: 1.3.3 | C19: Sleeves Προστασίας Starter ανά Πάσσαλο | D19: τεμ./πάσσαλο | E19: =IF(E14>0,16,0) -> 0 | F19: IF(Δh>0, Nvert, 0) | G19: 0 τεμ. όταν Δh = 0
A21: 2. ΤΕΛΙΚΕΣ ΠΟΣΟΤΗΤΕΣ ΓΙΑ ΤΗΝ ΟΙΚΟΝΟΜΙΚΗ ΠΡΟΣΦΟΡΑ (SUMMARY RESULTS)
A22: Α/Α | B22: Κωδικός | C22: Περιγραφή Τελικής Ποσότητας | D22: Μονάδα | E22: Μέση Ποσότητα / Πάσσαλο | F22: Σύνολο Όλων των Πασσάλων | G22: Σύνδεση με Φύλλο 1
A23: 1 | B23: 2.1 | C23: Τρέχοντα Μέτρα Διάτρησης Ø1500mm (21 πάσσαλοι) | D23: m | E23: =F23/21 -> 22 | F23: =F45 -> 462 | G23: Τροφοδοτεί Γραμμή 2a Προσφοράς
A24: 2 | B24: 2.2 | C24: Τρέχοντα Μέτρα Διάτρησης Ø1200mm (29 πάσσαλοι) | D24: m | E24: =F24/29 -> #VALUE! | F24: =F61 -> — | G24: Τροφοδοτεί Γραμμή 2b Προσφοράς
A25: 3 | B25: 2.3 | C25: Κυβικά Σκυροδέματος C30/37 με +10% απώλεια | D25: m³ | E25: =F25/E9 -> 18.541271 | F25: =F47+F63 -> 927.06353 | G25: Τροφοδοτεί Γραμμή 3 Προσφοράς
A26: 4 | B26: 2.4 | C26: Συνολικό Βάρος Χάλυβα Οπλισμού B500C | D26: kg | E26: =F26/E9 -> #VALUE! | F26: =F55+F71 -> #VALUE! | G26: Τροφοδοτεί Γραμμή 4 Προσφοράς
A27: 5 | B27: 2.5 | C27: Sleeves Προστασίας Starter Αναμονών | D27: τεμ. | E27: =F27/E9 -> 0 | F27: =IF(E14>0,50*16,0) -> 0 | G27: Τροφοδοτεί Γραμμή 5 Προσφοράς
A28: 6 | B28: 2.6 | C28: Κεφαλοκοπή Πασσάλων / Pile Breaking | D28: τεμ. | E28: =F28/E9 -> 0 | F28: =IF(E14>0,50,0) -> 0 | G28: Τροφοδοτεί Γραμμή 6 Προσφοράς
A30: 3. ΣΤΑΘΕΡΕΣ ΤΕΧΝΙΚΕΣ ΠΑΡΑΔΟΧΕΣ (COMPANY STANDARDS)
A31: Α/Α | B31: Κωδικός | C31: Παραδοχή / Φυσική Σταθερά | D31: Μονάδα | E31: Αριθμητική Τιμή | F31: Περιγραφή | G31: Κανόνας Τιμοκαταλόγου
A32: 1 | B32: 3.1 | C32: Συντελεστής Απώλειας / Υπερκατανάλωσης Σκυροδέματος | D32: % | E32: 0.1 | F32: 10% | G32: Πάγια προσαύξηση όγκου +10% (V_conc = V_geom × 1.10)
A33: 2 | B33: 3.2 | C33: Ειδικό Βάρος Δομικού Χάλυβα Οπλισμού (ρ) | D33: kg/m³ | E33: 7850 | F33: 7,850 kg/m³ | G33: Φυσική σταθερά χάλυβα B500C
A34: 3 | B34: 3.3 | C34: Μέγιστο Εμπορικό Μήκος Βέργας Χάλυβα | D34: m | E34: 12 | F34: 12.00 m | G34: Όριο πέραν του οποίου απαιτείται μάτιση
A35: 4 | B35: 3.4 | C35: Συντελεστής Μήκους Μάτισης Ράβδων (Lapping) | D35: ×Φ | E35: 50 | F35: 50 × Φ | G35: Επικάλυψη ράβδων σε βαθιούς πασσάλους
A36: 5 | B36: 3.5 | C36: Μέγιστο Ύψος Υπερκάλυψης Σκυροδέματος (Overconcreting) | D36: m | E36: 2 | F36: +2.00 m | G36: Έως +2.0m πάνω από cut-off αν Δh > 0
A37: 6 | B37: 3.6 | C37: Μαθηματική Σταθερά π | D37: const | E37: =PI() -> 3.1415927 | F37: 3.14159... | G37: Υπολογισμός εμβαδού και όγκου κυλίνδρου
A40: 4.1 ΤΥΠΟΣ 1: ΠΑΣΣΑΛΟΙ Ø1500mm — 21 ΤΕΜΑΧΙΑ (P1 - P21, ΒΑΘΟΣ 22.00m)
A41: Βήμα | B41: Κωδικός | C41: Μαθηματικό Βήμα Υπολογισμού | D41: Μονάδα | E41: Τιμή ανά Πάσσαλο | F41: Σύνολο Τύπου 1 (21 τεμ.) | G41: Τύπος Υπολογισμού (Excel Formula)
A42: 1 | B42: T1.1 | C42: Πλήθος πασσάλων Τύπου 1 | D42: τεμ. | E42: 21 | F42: 21 | G42: 21 πάσσαλοι (P1 έως P21)
A43: 2 | B43: T1.2 | C43: Ονομαστική διάμετρος διάτρησης (D) | D43: mm | E43: 1500 | F43: — | G43: Διάμετρος οπής 1.50 m
A44: 3 | B44: T1.3 | C44: Μήκος πασσάλου στο έδαφος (L_pile) | D44: m | E44: 22 | F44: — | G44: Καθαρό βάθος πασσάλου
A45: 4 | B45: T1.4 | C45: Συνολικό βάθος διάτρησης (L_drill) | D45: m | E45: =E44+E14 -> 22 | F45: =E45*E42 -> 462 | G45: L_drill = L_pile + Δh
A46: 5 | B46: T1.5 | C46: Γεωμετρικός όγκος εκσκαφής (V_geom) | D46: m³ | E46: =PI()*((E43/1000)^2)/4 * E45 -> 38.877209 | F46: =E46*E42 -> 816.42139 | G46: V_geom = π × D² / 4 × L_drill
A47: 6 | B47: T1.6 | C47: Όγκος σκυροδέματος με +10% απώλεια (V_conc) | D47: m³ | E47: =PI()*((E43/1000)^2)/4 * (E44+E15) * (1+E32) -> 42.76493 | F47: =E47*E42 -> 898.06353 | G47: V_conc = π×D²/4 × (L_pile + h_overc) × 1.10
A48: 7 | B48: T1.7 | C48: Διάμετρος κλωβού οπλισμού (D_cage) | D48: mm | E48: =E43 - (2*E17) -> 1350 | F48: — | G48: D_cage = D − 2×Cover (1500 - 150 = 1350 mm)
A49: 8 | B49: T1.8 | C49: Περίμετρος κλωβού οπλισμού (Π_cage) | D49: m | E49: =PI() * (E48/1000) -> 4.2411501 | F49: — | G49: Π_cage = π × D_cage
A50: 9 | B50: T1.9 | C50: Ανεπτυγμένο μήκος κάθετης ράβδου (L_bar) | D50: m | E50: =E44 + 1.6 + E18 + (1 * E35 * (32/1000)) -> 25.2 | F50: — | G50: L_base=22+1.60=23.6m > 12m -> 1 μάτιση (50Φ=1.60m) -> 25.20m
A51: 10 | B51: T1.10 | C51: Μοναδιαίο βάρος κάθετης ράβδου Y32 | D51: kg/m | E51: =PI()*((32/1000)^2)/4 * E33 -> 6.3133446 | F51: — | G51: w = π × (0.032)² / 4 × 7850 = 6.313 kg/m
A52: 11 | B52: T1.11 | C52: Βάρος κάθετων ράβδων ανά πάσσαλο (16Y32) | D52: kg | E52: =16 * E50 * E51 -> 2545.5405 | F52: =E52*E42 -> 53456.351 | G52: W_vert = 16 × L_bar × w_Y32
A53: 12 | B53: T1.12 | C53: Αριθμός σπειρών σούστας Y14 | D53: σπείρες | E53: =ROUNDUP(6/0.1 + (E44-6)/0.15, 0) -> 167 | F53: — | G53: 3m πάνω (s=100) + 3m κάτω (s=100) + 16m μέσο (s=150) = 167 σπείρες
A54: 13 | B54: T1.13 | C54: Μοναδιαίο βάρος σούστας Y14 | D54: kg/m | E54: =PI()*((14/1000)^2)/4 * E33 -> 1.2084136 | F54: — | G54: w = π × (0.014)² / 4 × 7850 = 1.208 kg/m
A55: 14 | B55: T1.14 | C55: Βάρος σούστας ανά πάσσαλο (Y14) | D55: kg | E55: =E53 * E49 * E54 -> 855.8856 | F55: =E55*E42 -> 17973.598 | G55: W_spiral = N_turns × Π_cage × w_Y14
A56: 15 | B56: T1.15 | C56: Συνολικό βάρος χάλυβα B500C ανά πάσσαλο | D56: kg | E56: =E52 + E55 -> 3401.4261 | F56: =E56*E42 -> 71429.949 | G56: W_total = W_vert + W_spiral
A58: 4.2 ΤΥΠΟΣ 2: ΠΑΣΣΑΛΟΙ Ø1200mm — 29 ΤΕΜΑΧΙΑ (P22 - P50, ΣΥΝΟΛΟ 482.00m)
A59: Βήμα | B59: Κωδικός | C59: Μαθηματικό Βήμα Υπολογισμού | D59: Μονάδα | E59: Τιμή ανά Πάσσαλο | F59: Σύνολο Τύπου 1 (21 τεμ.) | G59: Τύπος Υπολογισμού (Excel Formula)
A60: 1 | B60: T2.1 | C60: Πλήθος πασσάλων Τύπου 2 | D60: τεμ. | E60: 29 | F60: 29 | G60: 29 πάσσαλοι (P22 έως P50)
A61: 2 | B61: T2.2 | C61: Ονομαστική διάμετρος διάτρησης (D) | D61: mm | E61: 1200 | F61: — | G61: Διάμετρος οπής 1.20 m | H61: γιατι παυλα στο συνολο τυπου 1
A62: 3 | B62: T2.3 | C62: Συνολικό μήκος πασσάλων στο έδαφος | D62: m | E62: =F60/E58 -> #DIV/0! | F62: 482 | G62: 13×16m + 3×18m + 5×17m + 6×19m + 2×10.5m = 482m
A63: 4 | B63: T2.4 | C63: Συνολικό βάθος διάτρησης (L_drill) | D63: m | E63: =E60+E14 -> 29 | F63: =F60 + (E58*E14) -> 29 | G63: L_drill = L_pile + Δh (482.00m όταν Δh=0)
A64: 5 | B64: T2.5 | C64: Γεωμετρικός όγκος εκσκαφής (V_geom) | D64: m³ | E64: =PI()*((E59/1000)^2)/4 * E61 -> #VALUE! | F64: =E62*E58 -> #DIV/0! | G64: V_geom = π × D² / 4 × L_drill
A65: 6 | B65: T2.6 | C65: Όγκος σκυροδέματος με +10% απώλεια (V_conc) | D65: m³ | E65: =PI()*((E59/1000)^2)/4 * (E60+E15) * (1+E32) -> #VALUE! | F65: =E63*E58 -> 0 | G65: V_conc = π×D²/4 × (L_pile + h_overc) × 1.10
A66: 7 | B66: T2.7 | C66: Διάμετρος κλωβού οπλισμού (D_cage) | D66: mm | E66: =E59 - (2*E17) -> #VALUE! | F66: — | G66: D_cage = D − 2×Cover (1200 - 150 = 1050 mm)
A67: 8 | B67: T2.8 | C67: Περίμετρος κλωβού οπλισμού (Π_cage) | D67: m | E67: =PI() * (E64/1000) -> #VALUE! | F67: — | G67: Π_cage = π × D_cage
A68: 9 | B68: T2.9 | C68: Μέσο ανεπτυγμένο μήκος κάθετης ράβδου (L_bar) | D68: m | E68: =E60 + 1.25 + E18 + (1 * E35 * (25/1000)) -> 31.5 | F68: — | G68: L_base=16.62+1.25=17.87m > 12m -> 1 μάτιση (50Φ=1.25m) -> 19.12m
A69: 10 | B69: T2.10 | C69: Μοναδιαίο βάρος κάθετης ράβδου Y25 | D69: kg/m | E69: =PI()*((25/1000)^2)/4 * E33 -> 3.8533597 | F69: — | G69: w = π × (0.025)² / 4 × 7850 = 3.853 kg/m
A70: 11 | B70: T2.11 | C70: Βάρος κάθετων ράβδων ανά πάσσαλο (16Y25) | D70: kg | E70: =16 * E66 * E67 -> #VALUE! | F70: =E68*E58 -> 0 | G70: W_vert = 16 × L_bar × w_Y25
A71: 12 | B71: T2.12 | C71: Αριθμός σπειρών σούστας Y12 (μέσος) | D71: σπείρες | E71: =ROUNDUP(6/0.1 + (E60-6)/0.15, 0) -> 214 | F71: — | G71: 3m πάνω (s=100) + 3m κάτω (s=100) + 10.62m μέσο (s=150) = 131 σπείρες
A72: 13 | B72: T2.13 | C72: Μοναδιαίο βάρος σούστας Y12 | D72: kg/m | E72: =PI()*((12/1000)^2)/4 * E33 -> 0.88781408 | F72: — | G72: w = π × (0.012)² / 4 × 7850 = 0.888 kg/m
A73: 14 | B73: T2.14 | C73: Βάρος σούστας ανά πάσσαλο (Y12) | D73: kg | E73: =E69 * E65 * E70 -> #VALUE! | F73: =E71*E58 -> 0 | G73: W_spiral = N_turns × Π_cage × w_Y12
A74: 15 | B74: T2.15 | C74: Συνολικό βάρος χάλυβα B500C ανά πάσσαλο | D74: kg | E74: =E68 + E71 -> 245.5 | F74: =E72*E58 -> 0 | G74: W_total = W_vert + W_spiral
