Workbook
Name N_c_barlen: 'Τεχνικοί Υπολογισμοί'!$D$55
Name N_c_density: 'Τεχνικοί Υπολογισμοί'!$D$54
Name N_c_lap: 'Τεχνικοί Υπολογισμοί'!$D$56
Name N_c_loss: 'Τεχνικοί Υπολογισμοί'!$D$53
Name N_c_overc: 'Τεχνικοί Υπολογισμοί'!$D$57
Name N_c_pi: 'Τεχνικοί Υπολογισμοί'!$D$58
Name N_conc_class: 'Τεχνικοί Υπολογισμοί'!$D$20
Name N_cover_mm: 'Τεχνικοί Υπολογισμοί'!$D$21
Name N_cutoff: 'Τεχνικοί Υπολογισμοί'!$D$17
Name N_dh: 'Τεχνικοί Υπολογισμοί'!$D$18
Name N_dist_km: 'Τεχνικοί Υπολογισμοί'!$D$7
Name N_extra_zones: 'Τεχνικοί Υπολογισμοί'!$D$9
Name N_g0_bottom_bend: 'Τεχνικοί Υπολογισμοί'!$D$32
Name N_g0_breaking: 'Τεχνικοί Υπολογισμοί'!$D$80
Name N_g0_count: 'Τεχνικοί Υπολογισμοί'!$D$25
Name N_g0_D_cage: 'Τεχνικοί Υπολογισμοί'!$D$66
Name N_g0_D_mm: 'Τεχνικοί Υπολογισμοί'!$D$26
Name N_g0_end_zone: 'Τεχνικοί Υπολογισμοί'!$D$35
Name N_g0_extra_len: 'Τεχνικοί Υπολογισμοί'!$D$40
Name N_g0_extra_n: 'Τεχνικοί Υπολογισμοί'!$D$38
Name N_g0_extra_y: 'Τεχνικοί Υπολογισμοί'!$D$39
Name N_g0_head_links: 'Τεχνικοί Υπολογισμοί'!$D$37
Name N_g0_L_bar: 'Τεχνικοί Υπολογισμοί'!$D$70
Name N_g0_L_base: 'Τεχνικοί Υπολογισμοί'!$D$68
Name N_g0_L_conc: 'Τεχνικοί Υπολογισμοί'!$D$64
Name N_g0_L_drill: 'Τεχνικοί Υπολογισμοί'!$D$62
Name N_g0_L_pile: 'Τεχνικοί Υπολογισμοί'!$D$27
Name N_g0_n_laps: 'Τεχνικοί Υπολογισμοί'!$D$69
Name N_g0_n_turns: 'Τεχνικοί Υπολογισμοί'!$D$73
Name N_g0_n_vert: 'Τεχνικοί Υπολογισμοί'!$D$28
Name N_g0_P_cage: 'Τεχνικοί Υπολογισμοί'!$D$67
Name N_g0_s_end: 'Τεχνικοί Υπολογισμοί'!$D$34
Name N_g0_s_mid: 'Τεχνικοί Υπολογισμοί'!$D$36
Name N_g0_sleeves: 'Τεχνικοί Υπολογισμοί'!$D$79
Name N_g0_starter: 'Τεχνικοί Υπολογισμοί'!$D$30
Name N_g0_top_bend: 'Τεχνικοί Υπολογισμοί'!$D$31
Name N_g0_V_conc: 'Τεχνικοί Υπολογισμοί'!$D$65
Name N_g0_V_exc: 'Τεχνικοί Υπολογισμοί'!$D$63
Name N_g0_W_extra: 'Τεχνικοί Υπολογισμοί'!$D$77
Name N_g0_W_head: 'Τεχνικοί Υπολογισμοί'!$D$76
Name N_g0_W_spiral: 'Τεχνικοί Υπολογισμοί'!$D$75
Name N_g0_W_total: 'Τεχνικοί Υπολογισμοί'!$D$78
Name N_g0_W_vert: 'Τεχνικοί Υπολογισμοί'!$D$72
Name N_g0_y_spiral: 'Τεχνικοί Υπολογισμοί'!$D$33
Name N_g0_y_vert: 'Τεχνικοί Υπολογισμοί'!$D$29
Name N_g1_bottom_bend: 'Τεχνικοί Υπολογισμοί'!$E$32
Name N_g1_breaking: 'Τεχνικοί Υπολογισμοί'!$E$80
Name N_g1_count: 'Τεχνικοί Υπολογισμοί'!$E$25
Name N_g1_D_cage: 'Τεχνικοί Υπολογισμοί'!$E$66
Name N_g1_D_mm: 'Τεχνικοί Υπολογισμοί'!$E$26
Name N_g1_end_zone: 'Τεχνικοί Υπολογισμοί'!$E$35
Name N_g1_extra_len: 'Τεχνικοί Υπολογισμοί'!$E$40
Name N_g1_extra_n: 'Τεχνικοί Υπολογισμοί'!$E$38
Name N_g1_extra_y: 'Τεχνικοί Υπολογισμοί'!$E$39
Name N_g1_head_links: 'Τεχνικοί Υπολογισμοί'!$E$37
Name N_g1_L_bar: 'Τεχνικοί Υπολογισμοί'!$E$70
Name N_g1_L_base: 'Τεχνικοί Υπολογισμοί'!$E$68
Name N_g1_L_conc: 'Τεχνικοί Υπολογισμοί'!$E$64
Name N_g1_L_drill: 'Τεχνικοί Υπολογισμοί'!$E$62
Name N_g1_L_pile: 'Τεχνικοί Υπολογισμοί'!$E$27

Sheet Οικονομική Προσφορά
A1: ΘΕΜΕΛΙΟΤΕΧΝΙΚΗ ΛΤΔ — ΟΙΚΟΝΟΜΙΚΗ ΠΡΟΣΦΟΡΑ ΠΑΣΣΑΛΩΝ
A2: Έργο: BOLTON TOWER | Πελάτης: ΛΑΚΕΜΙΑ ΚΤΗΜΑΤΙΚΗ Λτδ | Τοποθεσία: Λεμεσός
A4: 🛑 ΠΡΟΣΟΧΗ — RED ALERT: Στα σχέδια ΔΕΝ αναγράφονται τα υψόμετρα πλατφόρμας εργασίας (WPL) και Cut-Off Level. Η προσφορά υπολογίζει προσωρινά Δh = 0.00 m (χωρίς κενή διάτρηση, sleeves και κεφαλοκοπή). Απαιτείται επιβεβαίωση πριν την οριστικοποίηση.
A6: ΠΡΟΣΧΕΔΙΟ ΓΙΑ ΑΠΟΦΑΣΗ — Εκκρεμούν υψόμετρα (WPL / Cut-Off). Η πηγή κάθε στοιχείου: Φύλλο «Τεχνικοί Υπολογισμοί», Ενότητα 5.
A8: Α/Α | B8: Περιγραφή Εργασίας / Υλικού | C8: Ποσότητα | D8: Μονάδα | E8: Τιμή Μονάδας (€) | F8: Σύνολο (€) | G8: Μέσο Κόστος ανά Πάσσαλο (€)
A9: 1 | B9: Μετακινήσεις & εγκατάσταση γεωτρύπανου (επιμερισμός ανά πάσσαλο) | C9: ='Τεχνικοί Υπολογισμοί'!$D$13 -> 50 | D9: πάσσαλο | E9: ='Τεχνικοί Υπολογισμοί'!$D$14 -> 10 | F9: =$C$9*$E$9 -> 500 | G9: =$F$9/'Τεχνικοί Υπολογισμοί'!$D$13 -> 10
A10: 2a | B10: Τρύπημα / διάτρηση πασσάλων Ø1500mm (21 τεμ.) | C10: ='Τεχνικοί Υπολογισμοί'!$D$44 -> 588 | D10: m | E10: 120.75 | F10: =$C$10*$E$10 -> 71001 | G10: =$F$10/'Τεχνικοί Υπολογισμοί'!$D$13 -> 1420.02
A11: 2b | B11: Τρύπημα / διάτρηση πασσάλων Ø1200mm (29 τεμ.) | C11: ='Τεχνικοί Υπολογισμοί'!$D$45 -> 656 | D11: m | E11: 120.75 | F11: =$C$11*$E$11 -> 79212 | G11: =$F$11/'Τεχνικοί Υπολογισμοί'!$D$13 -> 1584.24
A12: 3 | B12: Σκυροδέτηση πασσάλων C50/60 (με απώλεια 10%) | C12: ='Τεχνικοί Υπολογισμοί'!$D$46 -> 1651.5038 | D12: m³ | E12: 140 | F12: =$C$12*$E$12 -> 231210.54 | G12: =$F$12/'Τεχνικοί Υπολογισμοί'!$D$13 -> 4624.2108
A13: 4 | B13: Χάλυβας οπλισμού B500C (κάθετες ράβδοι, σούστα, πρόσθετος οπλισμός) | C13: ='Τεχνικοί Υπολογισμοί'!$D$47 -> 127440.96 | D13: kg | E13: 1.1 | F13: =$C$13*$E$13 -> 140185.06 | G13: =$F$13/'Τεχνικοί Υπολογισμοί'!$D$13 -> 2803.7012
A14: 5 | B14: Sleeves προστασίας starter αναμονών | C14: ='Τεχνικοί Υπολογισμοί'!$D$48 -> 800 | D14: τεμ. | E14: 22 | F14: =$C$14*$E$14 -> 17600 | G14: =$F$14/'Τεχνικοί Υπολογισμοί'!$D$13 -> 352
A15: 6 | B15: Κεφαλοκοπή πασσάλων / pile breaking | C15: ='Τεχνικοί Υπολογισμοί'!$D$49 -> 50 | D15: τεμ. | E15: 150 | F15: =$C$15*$E$15 -> 7500 | G15: =$F$15/'Τεχνικοί Υπολογισμοί'!$D$13 -> 150
A16: ΓΕΝΙΚΟ ΣΥΝΟΛΟ ΠΡΟΣΦΟΡΑΣ (ΧΩΡΙΣ Φ.Π.Α.) | F16: =$F$9+$F$10+$F$11+$F$12+$F$13+$F$14+$F$15 -> 547208.6 | G16: =$F$16/'Τεχνικοί Υπολογισμοί'!$D$13 -> 10944.172
A18: ΟΡΟΙ, ΠΑΡΑΔΟΧΕΣ & ΠΑΡΑΤΗΡΗΣΕΙΣ:
A19: 1. Στις τιμές ΔΕΝ περιλαμβάνεται ο Φ.Π.Α.
A20: 2. Η πηγή κάθε στοιχείου (σχέδιο / μέτρηση / κανονισμός / παραδοχή) αναγράφεται στο Φύλλο «Τεχνικοί Υπολογισμοί», Ενότητα 5.
A21: 3. Γραμμή 1: προέλευση τιμής — Τιμοκατάλογος (γρ. 5).
A22: 4. Γραμμή 2a: προέλευση τιμής — Τιμή χρήστη (εκτός τιμοκαταλόγου).
A23: 5. Γραμμή 2b: προέλευση τιμής — Τιμοκατάλογος (γρ. 14).
A24: 6. Γραμμή 3: προέλευση τιμής — Τιμή χρήστη (εκτός τιμοκαταλόγου).
A25: 7. Γραμμή 4: προέλευση τιμής — Τιμοκατάλογος (γρ. 19).
A26: 8. Γραμμή 5: προέλευση τιμής — Τιμοκατάλογος (γρ. 22).
A27: 9. Γραμμή 6: προέλευση τιμής — Τιμοκατάλογος (γρ. 23).
A28: 10. Υψόμετρα WPL / Cut-Off δεν δίνονται στο σχέδιο: προσωρινά Δh = 0.00 m. Αν διαπιστωθεί κενή διάτρηση (Δh > 0), τιμολογούνται επιπλέον μέτρα διάτρησης, sleeves και κεφαλοκοπή.
A29: 11. Τιμολόγηση διάτρησης Ø1500mm στα 210,00 €/m κατόπιν οδηγίας (εκτός τιμοκαταλόγου).
... A40: 22. Πληρωμή βάσει επιμετρήσεων πραγματικά εκτελεσθέντων μέτρων και κιλών οπλισμού.

Sheet Τεχνικοί Υπολογισμοί
A1: ΘΕΜΕΛΙΟΤΕΧΝΙΚΗ ΛΤΔ — ΤΕΧΝΙΚΟΙ ΥΠΟΛΟΓΙΣΜΟΙ ΔΙΑΤΡΗΤΩΝ ΠΑΣΣΑΛΩΝ
A2: Έργο: BOLTON TOWER | Πελάτης: ΛΑΚΕΜΙΑ ΚΤΗΜΑΤΙΚΗ Λτδ | Μελέτη: Hyperstatic Engineering Design (αρ. έργου 220138) | Μηχανή v5.0
A4: 1. ΔΕΔΟΜΕΝΑ ΣΧΕΔΙΟΥ & ΥΨΟΜΕΤΡΑ
A5: Κωδ. | B5: Παράμετρος | C5: Μονάδα | D5: Τιμή | K5: Παρατηρήσεις / Προέλευση
A6: Τομέας 1 — Μετακινήσεις
A7: 1.1.1 | B7: Οδική απόσταση έργου από έδρα (Άγιος Συλάς) | C7: km | D7: 15 | K7: ΠΑΡΑΔΟΧΗ: το σχέδιο γράφει μόνο «ΛΕΜΕΣΟΣ» — Ζώνη 1 (≤ 50 km)
A8: 1.1.2 | B8: Βασική ακτίνα Ζώνης 1 | C8: km | D8: 50 | K8: Τιμοκατάλογος (γρ. 28)
A9: 1.1.3 | B9: Επιπλέον ζώνες των 50 km | C9: ζώνες | D9: =MAX(0,ROUNDUP(ROUND(($D$7-$D$8)/$D$8,9),0)) -> 0 | K9: MAX(0, ROUNDUP((km − 50)/50, 0))
A10: 1.1.4 | B10: Μετακίνηση — βασική τιμή | C10: € | D10: 500 | K10: Τιμοκατάλογος (γρ. 5)
A11: 1.1.5 | B11: Μετακίνηση — επιβάρυνση ανά ζώνη 50 km | C11: € | D11: 100 | K11: Τιμοκατάλογος (γρ. 6)
A12: 1.1.6 | B12: Συνολικό εφάπαξ ποσό μετακίνησης | C12: € | D12: =$D$10+$D$9*$D$11 -> 500 | K12: Βασική + Ζώνες × Επιβάρυνση
A13: 1.1.7 | B13: Συνολικό πλήθος πασσάλων έργου | C13: τεμ. | D13: =$D$25+$E$25+$F$25+$G$25+$H$25+$I$25 -> 50 | K13: Άθροισμα ομάδων
A14: 1.1.8 | B14: Επιμερισμένη μετακίνηση ανά πάσσαλο | C14: € | D14: =$D$12/$D$13 -> 10 | K14: Συνολικό ποσό / Πλήθος πασσάλων
A15: Τομέας 2 — Υψόμετρα, Cut-Off & Σκυρόδεμα
A16: 1.2.1 | B16: Στάθμη πλατφόρμας γεωτρύπανου (WPL) | C16: m | D16: -6 | K16: ΚΟΚΚΙΝΟΣ ΣΥΝΑΓΕΡΜΟΣ: δεν δίνεται στο σχέδιο — προσωρινά 0.00
A17: 1.2.2 | B17: Στάθμη αποκοπής (Cut-Off Level) | C17: m | D17: -12 | K17: ΚΟΚΚΙΝΟΣ ΣΥΝΑΓΕΡΜΟΣ: δεν δίνεται στο σχέδιο — προσωρινά 0.00
A18: 1.2.3 | B18: Διαφορά στάθμης Δh = WPL − Cut-Off | C18: m | D18: =$D$16-$D$17 -> 6 | K18: Κενή διάτρηση
A19: 1.2.4 | B19: Ύψος υπερκάλυψης σκυροδέματος h_overc | C19: m | D19: =IF($D$18>0,MIN($D$57,$D$18),0) -> 2 | K19: IF(Δh > 0, MIN(2.00, Δh), 0)
A20: 1.2.5 | B20: Κατηγορία σκυροδέματος | C20: - | D20: C50/60 | K20: Σχέδιο, Παρατηρήσεις §1: «ΚΑΤΗΓΟΡΙΑΣ C50/60 … ΓΕΝΙΚΑ ΓΙΑ ΟΛΑ ΤΑ ΔΟΜΙΚΑ ΣΤΟΙΧΕΙΑ»
A21: 1.2.6 | B21: Επικάλυψη οπλισμού (Cover) | C21: mm | D21: 75 | K21: Σχέδιο, Παρατηρήσεις §3: «ΠΑΣΣΑΛΟΙ : 75mm»
A22: Τομέας 3 — Ομάδες πασσάλων & κλωβός οπλισμού (μία στήλη ανά ομάδα)
A23: Κωδ. | B23: Παράμετρος | C23: Μονάδα | D23: Ομάδα 1 | E23: Ομάδα 2 | F23: Ομάδα 3 | G23: Ομάδα 4 | H23: Ομάδα 5 | I23: Ομάδα 6 | K23: Παρατηρήσεις
A24: 1.3.0 | B24: Πάσσαλοι | D24: Ø1500 L=22.0 P1–P21 | E24: Ø1200 L=16.0 P22–P32, P41–P42 | F24: Ø1200 L=17.0 P36–P40 | G24: Ø1200 L=18.0 P33–P35 | H24: Ø1200 L=19.0 P43–P48 | I24: Ø1200 L=10.5 P49–P50
A25: 1.3.1 | B25: Πλήθος πασσάλων ομάδας | C25: τεμ. | D25: 21 | E25: 13 | F25: 5 | G25: 3 | H25: 6 | I25: 2 | J25: =$D$25+$E$25+$F$25+$G$25+$H$25+$I$25 -> 50 | K25: Κατάλογος πασσάλων (στήλη Α/Α)
A26: 1.3.2 | B26: Διάμετρος διάτρησης D | C26: mm | D26: 1500 | E26: 1200 | F26: 1200 | G26: 1200 | H26: 1200 | I26: 1200 | K26: Κατάλογος — στήλη «ΔΙΑΣΤΑΣΕΙΣ»
A27: 1.3.3 | B27: Μήκος πασσάλου στο έδαφος L_pile | C27: m | D27: 22 | E27: 16 | F27: 17 | G27: 18 | H27: 19 | I27: 10.5 | K27: Κατάλογος — στήλη «ΒΑΘΟΣ (ΠΑΣΑΛΛΟΥ)»
A28: 1.3.4 | B28: Κάθετες ράβδοι — πλήθος N_vert | C28: τεμ. | D28: 16 | E28: 16 | F28: 16 | G28: 16 | H28: 16 | I28: 16 | K28: Κατάλογος — στήλη «# ΟΠΛΙΣΜΟΣ ΠΑΣΣΑΛΩΝ»
A29: 1.3.5 | B29: Κάθετες ράβδοι — διάμετρος Φ | C29: mm | D29: 32 | E29: 25 | F29: 25 | G29: 25 | H29: 25 | I29: 25
A30: 1.3.6 | B30: Αναμονή / Starter | C30: m | D30: 1.485 | E30: 1.485 | F30: 1.485 | G30: 1.485 | H30: 1.485 | I30: 0.585 | K30: ΜΕΤΡΗΣΗ: βάθος πεδιλόπλακας (κατάλογος) − 0.215 m (τυπική όψη) | L30: βαζε 10 ποντους λιγοτερους από το υψος της πεδιλοπλακας ανδεν σου λεει εχτως αν είναι η πεδιλοπλακα
A31: 1.3.7 | B31: Γωνία πάνω (top hook) | C31: m | D31: 0.225 | E31: 0.225 | F31: 0.225 | G31: 0.225 | H31: 0.225 | I31: 0.225 | K31: ΜΕΤΡΗΣΗ: (πλάτος κεφαλής 1800/1500 − κλωβός 1350/1050) / 2 | L31: βαζε στανταρ 50 ποντους γωνια αν δεν σου την δωσει στο σχεδιο εχτως αν η πεδιπλακα είναι μικροτερη 80 ποντους τοτε η γωνια είναι κατι άλλο. Ζητα μου το εμενα
A32: 1.3.8 | B32: Γωνία πυθμένα (bottom bend) | C32: m | D32: 0 | E32: 0 | F32: 0 | G32: 0 | H32: 0 | I32: 0
A33: 1.3.9 | B33: Σούστα / συνδετήρες — διάμετρος Φ | C33: mm | D33: 14 | E33: 12 | F33: 12 | G33: 12 | H33: 12 | I33: 12 | K33: Κατάλογος — στήλες «ΣΥΝΔΕΤΗΡΕΣ»
A34: 1.3.10 | B34: Βήμα σούστας στα άκρα | C34: mm | D34: 100 | E34: 100 | F34: 100 | G34: 100 | H34: 100 | I34: 100 | K34: Κατάλογος — «3Μ ΠΡΩΤΑ / 3Μ ΤΕΛΕΥΤΑΙΑ ΜΕΤΡΑ»
A35: 1.3.11 | B35: Μήκος ζώνης άκρου (πάνω & κάτω, έκαστη) | C35: m | D35: 3 | E35: 3 | F35: 3 | G35: 3 | H35: 3 | I35: 3 | K35: Σχέδιο — διαστάσεις 3000 στις όψεις
A36: 1.3.12 | B36: Βήμα σούστας στο μέσο | C36: mm | D36: 150 | E36: 150 | F36: 150 | G36: 150 | H36: 150 | I36: 150 | K36: Κατάλογος — «ΣΥΝΔΕΤΗΡΕΣ (ΜΕΣΟ)»
A37: 1.3.13 | B37: Συνδετήρες στην κεφαλή (μέσα στην πεδιλόπλακα) | C37: τεμ. | D37: 10 | E37: 10 | F37: 10 | G37: 10 | H37: 10 | I37: 5 | K37: ΜΕΤΡΗΣΗ: 10 συνδετήρες σχεδιασμένοι στην κεφαλή (όψεις)· P49–P50: ΠΑΡΑΔΟΧΗ 5 | L37: εδώ επρεπε να κανεις υψος πεδιλοπλακας δια αποσταση σουστας πρωτων 3 μετρων εφοσον δεν σου εδωσε την σουστα εκεινη. Αν στην δωσει κανεις δια την αποσταση π σ λεει
A38: 1.3.14 | B38: Πρόσθετος οπλισμός (U-bars κ.λπ.) — πλήθος | C38: τεμ. | D38: 8 | E38: 8 | F38: 8 | G38: 8 | H38: 8 | I38: 8 | K38: Σχέδιο — «8Y32 U-BARS» / «8Y25 U-BARS» στη βάση των όψεων
A39: 1.3.15 | B39: Πρόσθετος οπλισμός — διάμετρος Φ | C39: mm | D39: 32 | E39: 25 | F39: 25 | G39: 25 | H39: 25 | I39: 25
A40: 1.3.16 | B40: Πρόσθετος οπλισμός — μήκος ανά ράβδο | C40: m | D40: 4.55 | E40: 3.55 | F40: 3.55 | G40: 3.55 | H40: 3.55 | I40: 3.55 | K40: Σχέδιο — U-bar 1600×1350 / 1250×1050 → 2×σκέλος + πλάτος
A42: 2. ΤΕΛΙΚΕΣ ΠΟΣΟΤΗΤΕΣ ΓΙΑ ΤΗΝ ΟΙΚΟΝΟΜΙΚΗ ΠΡΟΣΦΟΡΑ
A43: Κωδ. | B43: Ποσότητα | C43: Μονάδα | D43: Σύνολο Έργου | E43: Πλήθος Πασσάλων | F43: Μέση ανά Πάσσαλο | G43: Τροφοδοτεί
A44: 2.1 | B44: Τρέχοντα μέτρα διάτρησης Ø1500mm | C44: m | D44: =$D$25*$D$62 -> 588 | E44: =$D$25 -> 21 | F44: =$D$44/$E$44 -> 28 | G44: Φύλλο 1
A45: 2.2 | B45: Τρέχοντα μέτρα διάτρησης Ø1200mm | C45: m | D45: =$E$25*$E$62+$F$25*$F$62+$G$25*$G$62+$H$25*$H$62+$I$25*$I$62 -> 656 | E45: =$E$25+$F$25+$G$25+$H$25+$I$25 -> 29 | F45: =$D$45/$E$45 -> 22.62069 | G45: Φύλλο 1
A46: 2.3 | B46: Σκυρόδεμα C50/60 με απώλεια | C46: m³ | D46: =$J$65 -> 1651.5038 | E46: =$D$13 -> 50 | F46: =$D$46/$E$46 -> 33.030077 | G46: Φύλλο 1
A47: 2.4 | B47: Χάλυβας οπλισμού B500C (κάθετες + σούστα + πρόσθετος) | C47: kg | D47: =$J$78 -> 127440.96 | E47: =$D$13 -> 50 | F47: =$D$47/$E$47 -> 2548.8193 | G47: Φύλλο 1
A48: 2.5 | B48: Sleeves προστασίας starter | C48: τεμ. | D48: =$J$79 -> 800 | E48: =$D$13 -> 50 | F48: =$D$48/$E$48 -> 16 | G48: Φύλλο 1
A49: 2.6 | B49: Κεφαλοκοπή πασσάλων | C49: τεμ. | D49: =$J$80 -> 50 | E49: =$D$13 -> 50 | F49: =$D$49/$E$49 -> 1 | G49: Φύλλο 1
A51: 3. ΣΤΑΘΕΡΕΣ ΤΕΧΝΙΚΕΣ ΠΑΡΑΔΟΧΕΣ (αριθμοί στη Στήλη D)
A52: Κωδ. | B52: Παραδοχή | C52: Μονάδα | D52: Τιμή | K52: Προέλευση
A53: 3.1 | B53: Συντελεστής απώλειας σκυροδέματος | C53: % | D53: 0.1 | K53: Τιμοκατάλογος (γρ. 27)
A54: 3.2 | B54: Πυκνότητα χάλυβα ρ (kg/m³) | C54: - | D54: 7850 | K54: Τιμοκατάλογος (γρ. 26)
A55: 3.3 | B55: Μέγιστο εμπορικό μήκος βέργας | C55: m | D55: 12 | K55: Τιμοκατάλογος (γρ. 29)
A56: 3.4 | B56: Συντελεστής μάτισης (× Φ) | C56: - | D56: 50 | K56: Τιμοκατάλογος (γρ. 30)
A57: 3.5 | B57: Μέγιστο ύψος υπερκάλυψης σκυροδέματος | C57: m | D57: 2 | K57: Τιμοκατάλογος (γρ. 31)
A58: 3.6 | B58: Μαθηματική σταθερά π | C58: - | D58: =PI() -> 3.1415927 | K58: PI()
A60: 4. ΑΝΑΛΥΤΙΚΑ ΜΑΘΗΜΑΤΙΚΑ ΒΗΜΑ-ΒΗΜΑ (τιμές ανά πάσσαλο, σύνολο = Σ πλήθος × τιμή)
A61: Βήμα | B61: Υπολογισμός | C61: Μονάδα | D61: Ομάδα 1 Ø1500 L=22.0 | E61: Ομάδα 2 Ø1200 L=16.0 | F61: Ομάδα 3 Ø1200 L=17.0 | G61: Ομάδα 4 Ø1200 L=18.0 | H61: Ομάδα 5 Ø1200 L=19.0 | I61: Ομάδα 6 Ø1200 L=10.5 | J61: Σύνολο Έργου | K61: Τύπος
A62: 1 | B62: Συνολικό βάθος διάτρησης | C62: m | D62: =$D$27+$D$18 -> 28 | E62: =$E$27+$D$18 -> 22 | F62: =$F$27+$D$18 -> 23 | G62: =$G$27+$D$18 -> 24 | H62: =$H$27+$D$18 -> 25 | I62: =$I$27+$D$18 -> 16.5 | J62: =$D$25*$D$62+$E$25*$E$62+$F$25*$F$62+$G$25*$G$62+$H$25*$H$62+$I$25*$I$62 -> 1244 | K62: L_drill = L_pile + Δh
A63: 2 | B63: Γεωμετρικός όγκος διάτρησης | C63: m³ | D63: =$D$58*($D$26/1000)^2/4*$D$62 -> 49.480084 | E63: =$D$58*($E$26/1000)^2/4*$E$62 -> 24.881414 | F63: =$D$58*($F$26/1000)^2/4*$F$62 -> 26.012387 | G63: =$D$58*($G$26/1000)^2/4*$G$62 -> 27.143361 | H63: =$D$58*($H$26/1000)^2/4*$H$62 -> 28.274334 | I63: =$D$58*($I$26/1000)^2/4*$I$62 -> 18.66106 | J63: =$D$25*$D$63+$E$25*$E$63+$F$25*$F$63+$G$25*$G$63+$H$25*$H$63+$I$25*$I$63 -> 1781.0003 | K63: V_exc = π·D²/4 · L_drill
A64: 3 | B64: Ύψος σκυροδέτησης | C64: m | D64: =$D$27+$D$19 -> 24 | E64: =$E$27+$D$19 -> 18 | F64: =$F$27+$D$19 -> 19 | G64: =$G$27+$D$19 -> 20 | H64: =$H$27+$D$19 -> 21 | I64: =$I$27+$D$19 -> 12.5 | J64: — | K64: L_conc = L_pile + h_overc
A65: 4 | B65: Όγκος σκυροδέματος με απώλεια | C65: m³ | D65: =$D$58*($D$26/1000)^2/4*$D$64*(1+$D$53) -> 46.652651 | E65: =$D$58*($E$26/1000)^2/4*$E$64*(1+$D$53) -> 22.393272 | F65: =$D$58*($F$26/1000)^2/4*$F$64*(1+$D$53) -> 23.637343 | G65: =$D$58*($G$26/1000)^2/4*$G$64*(1+$D$53) -> 24.881414 | H65: =$D$58*($H$26/1000)^2/4*$H$64*(1+$D$53) -> 26.125485 | I65: =$D$58*($I$26/1000)^2/4*$I$64*(1+$D$53) -> 15.550884 | J65: =$D$25*$D$65+$E$25*$E$65+$F$25*$F$65+$G$25*$G$65+$H$25*$H$65+$I$25*$I$65 -> 1651.5038 | K65: V_conc = π·D²/4 · L_conc · (1 + απώλεια)
A66: 5 | B66: Διάμετρος κλωβού | C66: mm | D66: =$D$26-2*$D$21 -> 1350 | E66: =$E$26-2*$D$21 -> 1050 | F66: =$F$26-2*$D$21 -> 1050 | G66: =$G$26-2*$D$21 -> 1050 | H66: =$H$26-2*$D$21 -> 1050 | I66: =$I$26-2*$D$21 -> 1050 | J66: — | K66: D_cage = D − 2·Cover
A67: 6 | B67: Περίμετρος κλωβού | C67: m | D67: =$D$58*$D$66/1000 -> 4.2411501 | E67: =$D$58*$E$66/1000 -> 3.2986723 | F67: =$D$58*$F$66/1000 -> 3.2986723 | G67: =$D$58*$G$66/1000 -> 3.2986723 | H67: =$D$58*$H$66/1000 -> 3.2986723 | I67: =$D$58*$I$66/1000 -> 3.2986723 | J67: — | K67: Π_cage = π · D_cage
A68: 7 | B68: Βασικό μήκος κάθετης ράβδου | C68: m | D68: =$D$27+$D$30+$D$31+$D$32 -> 23.71 | E68: =$E$27+$E$30+$E$31+$E$32 -> 17.71 | F68: =$F$27+$F$30+$F$31+$F$32 -> 18.71 | G68: =$G$27+$G$30+$G$31+$G$32 -> 19.71 | H68: =$H$27+$H$30+$H$31+$H$32 -> 20.71 | I68: =$I$27+$I$30+$I$31+$I$32 -> 11.31 | J68: — | K68: L_base = L_pile + Starter + Γωνία πάνω + Γωνία πυθμένα
A69: 8 | B69: Ματίσεις ανά ράβδο | C69: τεμ. | D69: =IF($D$68>$D$55,INT(($D$68-0.001)/$D$55),0) -> 1 | E69: =IF($E$68>$D$55,INT(($E$68-0.001)/$D$55),0) -> 1 | F69: =IF($F$68>$D$55,INT(($F$68-0.001)/$D$55),0) -> 1 | G69: =IF($G$68>$D$55,INT(($G$68-0.001)/$D$55),0) -> 1 | H69: =IF($H$68>$D$55,INT(($H$68-0.001)/$D$55),0) -> 1 | I69: =IF($I$68>$D$55,INT(($I$68-0.001)/$D$55),0) -> 0 | J69: — | K69: Ματίσεις = IF(L_base > 12, INT((L_base − 0.001)/12), 0)
A70: 9 | B70: Ανεπτυγμένο μήκος κάθετης ράβδου | C70: m | D70: =$D$68+$D$69*$D$56*$D$29/1000 -> 25.31 | E70: =$E$68+$E$69*$D$56*$E$29/1000 -> 18.96 | F70: =$F$68+$F$69*$D$56*$F$29/1000 -> 19.96 | G70: =$G$68+$G$69*$D$56*$G$29/1000 -> 20.96 | H70: =$H$68+$H$69*$D$56*$H$29/1000 -> 21.96 | I70: =$I$68+$I$69*$D$56*$I$29/1000 -> 11.31 | J70: — | K70: L_bar = L_base + Ματίσεις · 50Φ
A71: 10 | B71: Μοναδιαίο βάρος κάθετης ράβδου | C71: kg/m | D71: =$D$58*($D$29/1000)^2/4*$D$54 -> 6.3133446 | E71: =$D$58*($E$29/1000)^2/4*$D$54 -> 3.8533597 | F71: =$D$58*($F$29/1000)^2/4*$D$54 -> 3.8533597 | G71: =$D$58*($G$29/1000)^2/4*$D$54 -> 3.8533597 | H71: =$D$58*($H$29/1000)^2/4*$D$54 -> 3.8533597 | I71: =$D$58*($I$29/1000)^2/4*$D$54 -> 3.8533597 | J71: — | K71: w = π·(Φ/1000)²/4 · ρ
A72: 11 | B72: Βάρος κάθετων ράβδων ανά πάσσαλο | C72: kg | D72: =$D$28*$D$70*$D$71 -> 2556.652 | E72: =$E$28*$E$70*$E$71 -> 1168.9552 | F72: =$F$28*$F$70*$F$71 -> 1230.609 | G72: =$G$28*$G$70*$G$71 -> 1292.2627 | H72: =$H$28*$H$70*$H$71 -> 1353.9165 | I72: =$I$28*$I$70*$I$71 -> 697.30398 | J72: =$D$25*$D$72+$E$25*$E$72+$F$25*$F$72+$G$25*$G$72+$H$25*$H$72+$I$25*$I$72 -> 88434.05 | K72: W_vert = N_vert · L_bar · w
A73: 12 | B73: Αριθμός σπειρών σούστας | C73: τεμ. | D73: =ROUNDUP(ROUND(MIN($D$27,2*$D$35)*1000/$D$34+MAX(0,$D$27-2*$D$35)*1000/$D$36,6),0) -> 167 | E73: =ROUNDUP(ROUND(MIN($E$27,2*$E$35)*1000/$E$34+MAX(0,$E$27-2*$E$35)*1000/$E$36,6),0) -> 127 | F73: =ROUNDUP(ROUND(MIN($F$27,2*$F$35)*1000/$F$34+MAX(0,$F$27-2*$F$35)*1000/$F$36,6),0) -> 134 | G73: =ROUNDUP(ROUND(MIN($G$27,2*$G$35)*1000/$G$34+MAX(0,$G$27-2*$G$35)*1000/$G$36,6),0) -> 140 | H73: =ROUNDUP(ROUND(MIN($H$27,2*$H$35)*1000/$H$34+MAX(0,$H$27-2*$H$35)*1000/$H$36,6),0) -> 147 | I73: =ROUNDUP(ROUND(MIN($I$27,2*$I$35)*1000/$I$34+MAX(0,$I$27-2*$I$35)*1000/$I$36,6),0) -> 90 | J73: — | K73: N = ROUNDUP(ζώνες άκρων / s_άκρων + μέσο / s_μέσου) | L73: +1 πάντα λογο διπληςσπειρας στον πατο
A74: 13 | B74: Μοναδιαίο βάρος σούστας | C74: kg/m | D74: =$D$58*($D$33/1000)^2/4*$D$54 -> 1.2084136 | E74: =$D$58*($E$33/1000)^2/4*$D$54 -> 0.88781408 | F74: =$D$58*($F$33/1000)^2/4*$D$54 -> 0.88781408 | G74: =$D$58*($G$33/1000)^2/4*$D$54 -> 0.88781408 | H74: =$D$58*($H$33/1000)^2/4*$D$54 -> 0.88781408 | I74: =$D$58*($I$33/1000)^2/4*$D$54 -> 0.88781408 | J74: — | K74: w = π·(Φ/1000)²/4 · ρ
A75: 14 | B75: Βάρος σούστας ανά πάσσαλο | C75: kg | D75: =$D$73*$D$67*$D$74 -> 855.8856 | E75: =$E$73*$E$67*$E$74 -> 371.93318 | F75: =$F$73*$F$67*$F$74 -> 392.43343 | G75: =$G$73*$G$67*$G$74 -> 410.00508 | H75: =$H$73*$H$67*$H$74 -> 430.50533 | I75: =$I$73*$I$67*$I$74 -> 263.57469 | J75: =$D$25*$D$75+$E$25*$E$75+$F$25*$F$75+$G$25*$G$75+$H$25*$H$75+$I$25*$I$75 -> 29111.093 | K75: W_spiral = N · Π_cage · w
A76: 15 | B76: Βάρος συνδετήρων κεφαλής (πεδιλόπλακα) | C76: kg | D76: =$D$37*$D$67*$D$74 -> 51.250635 | E76: =$E$37*$E$67*$E$74 -> 29.286077 | F76: =$F$37*$F$67*$F$74 -> 29.286077 | G76: =$G$37*$G$67*$G$74 -> 29.286077 | H76: =$H$37*$H$67*$H$74 -> 29.286077 | I76: =$I$37*$I$67*$I$74 -> 14.643039 | J76: =$D$25*$D$76+$E$25*$E$76+$F$25*$F$76+$G$25*$G$76+$H$25*$H$76+$I$25*$I$76 -> 1896.2735 | K76: W_head = n_κεφαλής · Π_cage · w
A77: 16 | B77: Βάρος πρόσθετου οπλισμού (U-bars κ.λπ.) | C77: kg | D77: =$D$38*$D$40*$D$58*($D$39/1000)^2/4*$D$54 -> 229.80574 | E77: =$E$38*$E$40*$D$58*($E$39/1000)^2/4*$D$54 -> 109.43542 | F77: =$F$38*$F$40*$D$58*($F$39/1000)^2/4*$D$54 -> 109.43542 | G77: =$G$38*$G$40*$D$58*($G$39/1000)^2/4*$D$54 -> 109.43542 | H77: =$H$38*$H$40*$D$58*($H$39/1000)^2/4*$D$54 -> 109.43542 | I77: =$I$38*$I$40*$D$58*($I$39/1000)^2/4*$D$54 -> 109.43542 | J77: =$D$25*$D$77+$E$25*$E$77+$F$25*$F$77+$G$25*$G$77+$H$25*$H$77+$I$25*$I$77 -> 7999.5477 | K77: W_extra = n · L · π·(Φ/1000)²/4 · ρ
A78: 17 | B78: Συνολικό βάρος χάλυβα ανά πάσσαλο | C78: kg | D78: =$D$72+$D$75+$D$76+$D$77 -> 3693.594 | E78: =$E$72+$E$75+$E$76+$E$77 -> 1679.6099 | F78: =$F$72+$F$75+$F$76+$F$77 -> 1761.7639 | G78: =$G$72+$G$75+$G$76+$G$77 -> 1840.9893 | H78: =$H$72+$H$75+$H$76+$H$77 -> 1923.1433 | I78: =$I$72+$I$75+$I$76+$I$77 -> 1084.9571 | J78: =$D$25*$D$78+$E$25*$E$78+$F$25*$F$78+$G$25*$G$78+$H$25*$H$78+$I$25*$I$78 -> 127440.96 | K78: W_total = W_vert + W_spiral + W_head + W_extra
A79: 18 | B79: Sleeves starter ανά πάσσαλο | C79: τεμ. | D79: =IF($D$18>0,$D$28,0) -> 16 | E79: =IF($D$18>0,$E$28,0) -> 16 | F79: =IF($D$18>0,$F$28,0) -> 16 | G79: =IF($D$18>0,$G$28,0) -> 16 | H79: =IF($D$18>0,$H$28,0) -> 16 | I79: =IF($D$18>0,$I$28,0) -> 16 | J79: =$D$25*$D$79+$E$25*$E$79+$F$25*$F$79+$G$25*$G$79+$H$25*$H$79+$I$25*$I$79 -> 800 | K79: Sleeves = IF(Δh > 0, N_vert, 0)
A80: 19 | B80: Κεφαλοκοπή ανά πάσσαλο | C80: τεμ. | D80: =IF($D$18>0,1,0) -> 1 | E80: =IF($D$18>0,1,0) -> 1 | F80: =IF($D$18>0,1,0) -> 1 | G80: =IF($D$18>0,1,0) -> 1 | H80: =IF($D$18>0,1,0) -> 1 | I80: =IF($D$18>0,1,0) -> 1 | J80: =$D$25*$D$80+$E$25*$E$80+$F$25*$F$80+$G$25*$G$80+$H$25*$H$80+$I$25*$I$80 -> 50 | K80: Κεφαλοκοπή = IF(Δh > 0, 1, 0)
A82: 5. ΠΗΓΕΣ ΔΕΔΟΜΕΝΩΝ — ΑΠΟ ΠΟΥ ΠΡΟΗΛΘΕ ΚΑΘΕ ΣΤΟΙΧΕΙΟ (DRAWING AUDIT)
A83: Α/Α | B83: Στοιχείο | C83: Κατάσταση | D83: Τιμή | E83: Πηγή / Σημείο στο σχέδιο / Αιτιολόγηση
A84: 1 | B84: Έργο / Πελάτης / Μελετητής | C84: ΣΧΕΔΙΟ | D84: BOLTON TOWER | E84: Πινακίδα σχεδίου «ΤΟΜΕΣ ΠΑΣΣΑΛΩΝ» (κάτω δεξιά): «BOLTON TOWER — ΛΑΚΕΜΙΑ ΚΤΗΜΑΤΙΚΗ Λτδ — ΛΕΜΕΣΟΣ», HYPERSTATIC ENGINEERING DESIGN, αρ. έργου 220138.
A85: 2 | B85: Πλήθος πασσάλων | C85: ΣΧΕΔΙΟ | D85: 50 (P1–P50) | E85: Πίνακας «ΚΑΤΑΛΟΓΟΣ ΠΑΣΣΑΛΩΝ KTIPIOY» (αριστερά, κάτω από την κάτοψη), στήλη Α/Α. Ίδιες ονομασίες P1–P50 στην «ΚΑΤΟΨΗ ΘΕΜΕΛΙΩΣΗΣ ΥΠΟΓΕΙΟΥ Β3».
A86: 3 | B86: Διάμετροι & βάθη πασσάλων | C86: ΣΧΕΔΙΟ | D86: Ø1500: 22.0 m | Ø1200: 10.5–19.0 m | E86: Κατάλογος πασσάλων, στήλες «ΔΙΑΣΤΑΣΕΙΣ» και «ΒΑΘΟΣ (ΠΑΣΑΛΛΟΥ)». Σύνολο Ø1200: 13×16 + 5×17 + 3×18 + 6×19 + 2×10.5 = 482 m.
A87: 4 | B87: Κύριος οπλισμός | C87: ΣΧΕΔΙΟ | D87: 16Y32 / 16Y25 | E87: Κατάλογος πασσάλων, στήλη «# ΟΠΛΙΣΜΟΣ ΠΑΣΣΑΛΩΝ».
A88: 5 | B88: Συνδετήρες πασσάλου | C88: ΣΧΕΔΙΟ | D88: Y14 & Y12: 100/150/100 | E88: Κατάλογος πασσάλων, 3 στήλες «ΣΥΝΔΕΤΗΡΕΣ ΠΑΣΣΑΛΩΝ (3Μ ΠΡΩΤΑ ΜΕΤΡΑ / ΜΕΣΟ / 3Μ ΤΕΛΕΥΤΑΙΑ ΜΕΤΡΑ)». Οι ζώνες 3 m φαίνονται και ως διαστάσεις 3000 στις όψεις οπλισμού.
A89: 6 | B89: Βάθος πεδιλόπλακας | C89: ΣΧΕΔΙΟ | D89: 1.70 m (P1–P48) / 0.80 m (P49–P50) | E89: Κατάλογος πασσάλων, 5η στήλη «ΒΑΘΟΣ (ΠΕΔΙΛΟΠΛΑΚΑΣ)». Σημ.: η τυπική όψη οπλισμού σχεδιάζει πλάκα 2000 mm (διάσταση δεξιά της κεφαλής). Υπερισχύει ο κατάλογος, γιατί δίνει τιμή ανά πάσσαλο.
A90: 7 | B90: Κατηγορία σκυροδέματος | C90: ΣΧΕΔΙΟ | D90: C50/60 | E90: «ΠΑΡΑΤΗΡΗΣΕΙΣ» δεξιά στο σχέδιο, πάνω από την πινακίδα, §1 ΣΚΥΡΟΔΕΜΑ: «ΚΑΤΗΓΟΡΙΑΣ C50/60, ΑΝΤΟΧΗΣ 60 N/mm² ΘΛΙΠΤΙΚΗ ΑΝΤΟΧΗ ΚΥΒΟΥ ΓΙΑ ΚΟΛΩΝΕΣ, Τ.Α. ΔΟΚΟΥΣ ΚΑΙ ΠΛΑΚΕΣ ΚΑΙ ΓΕΝΙΚΑ ΓΙΑ ΟΛΑ ΤΑ ΔΟΜΙΚΑ ΣΤΟΙΧΕΙΑ ΑΠΟ ΣΚΥΡΟΔΕΜΑ». AutoCAD ≈ X 65.9, Y −9.8, layer TEXT (εντολή FIND «C50/60»). Δεν αναφέρει ρητά πασσάλους· εφαρμόστηκε ως «γενικά για όλα τα στοιχεία».
A91: 8 | B91: Τιμή σκυροδέματος | C91: ΧΡΗΣΤΗΣ | D91: 150.00 €/m³ | E91: Οδηγία χρήστη (C50/60 δεν υπάρχει στον τιμοκατάλογο).
A92: 9 | B92: Επικάλυψη (cover) | C92: ΣΧΕΔΙΟ | D92: 75 mm | E92: Παρατηρήσεις §3: «ΠΑΣΣΑΛΟΙ : 75mm». Και διαστάσεις 75 στις όψεις οπλισμού.
A93: 10 | B93: Χάλυβας | C93: ΣΧΕΔΙΟ | D93: B500C | E93: Παρατηρήσεις §2: «Ο ΟΠΛΙΣΜΟΣ ΕΙΝΑΙ ΣΤΡΙΦΤΟΣ ΥΨΗΛΗΣ ΑΝΤΟΧΗΣ B500C».
A94: 11 | B94: Μάτιση ράβδων | C94: ΣΧΕΔΙΟ | D94: 50Φ, 1 μάτιση | E94: Παρατηρήσεις §4: «Η ΥΠΕΡΚΑΛΥΨΗ ΟΠΛΙΣΜΟΥ ΘΑ ΕΙΝΑΙ ΙΣΗ ΜΕ 50Φ». Στις όψεις: διάσταση 12000 (πρώτη βέργα 12 m από την κορυφή) και κείμενο «ΥΠΕΡΚΑΛΥΨΗ ΟΠΛΙΣΜΟΥ 50Φ».
... A105: 22 | B105: Υπόλοιπες τιμές μονάδας | C105: ΤΙΜΟΚΑΤΑΛΟΓΟΣ | D105: Ø1200 190 €/m, χάλυβας 1.10 €/kg, μετακίνηση 500 €, sleeves 3.50 €, κεφαλοκοπή 60 € | E105: ΤΙΜΟΚΑΤΑΛΟΓΟΣ_ΕΤΑΙΡΕΙΑΣ_ΠΑΣΣΑΛΩΝ.xlsx, φύλλο 1_Τιμές_Εταιρείας (η γραμμή κάθε τιμής αναγράφεται στους όρους του Φύλλου 1).
A106: Κατάσταση: ΣΧΕΔΙΟ = γράφεται ρητά στο σχέδιο | ΜΕΤΡΗΣΗ = μετρήθηκε γραφικά από το σχέδιο | ΚΑΝΟΝΙΣΜΟΣ = Ευρωκώδικας | ΤΙΜΟΚΑΤΑΛΟΓΟΣ | ΧΡΗΣΤΗΣ = οδηγία χρήστη | ΠΑΡΑΔΟΧΗ = δεν δίνεται, απαιτεί επιβεβαίωση
